"seed","family","method","rmse","crps","time"
1,"gaussian","GLM",1.53979512977737,0.871826998774658,0.01
1,"gaussian","GAM",0.926882361614017,0.523339521334466,47.896
1,"gaussian","cf_dglm",0.532764904516463,0.302853264351884,18.395
1,"gaussian","KFAS_K120",0.540414203219888,0.307077601637818,40.642
1,"gaussian","KFAS_K240",0.544537340752205,0.309950732059802,269.557
1,"gaussian","sdmTMB",0.532623580342965,0.303156210227626,719.907
2,"gaussian","GLM",1.51043371202191,0.854637690561091,0.011
2,"gaussian","GAM",0.983083842897864,0.554155782084945,48.26
2,"gaussian","cf_dglm",0.524542294529214,0.297168052626175,16.665
2,"gaussian","KFAS_K120",0.540009478736964,0.305923761016167,37.724
2,"gaussian","KFAS_K240",0.542494968928233,0.307876370832507,281.799
2,"gaussian","sdmTMB",0.523702765248311,0.297075305545921,435.371
3,"gaussian","GLM",1.46028516565698,0.823980424330907,0.011
3,"gaussian","GAM",0.98966431988307,0.553532483213578,48.088
3,"gaussian","cf_dglm",0.52874843888476,0.299607679025603,18.191
3,"gaussian","KFAS_K120",0.535727509663924,0.303672549120506,30.41
3,"gaussian","KFAS_K240",0.539248731947621,0.306410143981673,269.481
3,"gaussian","sdmTMB",0.526647379370855,0.298641039781559,510.373
4,"gaussian","GLM",1.44704002842271,0.815389392675088,0.01
4,"gaussian","GAM",0.983047388269011,0.548755742943684,48.776
4,"gaussian","cf_dglm",0.531432559895993,0.300649783748056,18.46
4,"gaussian","KFAS_K120",0.544817464753495,0.308900851876431,30.155
4,"gaussian","KFAS_K240",0.548817019366955,0.311965117460454,270.749
4,"gaussian","sdmTMB",0.533247840036854,0.302406567840385,596.54
5,"gaussian","GLM",1.50229358798932,0.854829084744183,0.011
5,"gaussian","GAM",0.959974225589209,0.543134069054789,42.946
5,"gaussian","cf_dglm",0.535056387991742,0.302762319909243,15.833
5,"gaussian","KFAS_K120",0.540094438777862,0.305309943900622,37.821
5,"gaussian","KFAS_K240",0.543011040722268,0.307435081740111,279.954
5,"gaussian","sdmTMB",0.534286522257331,0.302707224324173,821.605
6,"gaussian","GLM",1.635474899299,0.91798295144393,0.01
6,"gaussian","GAM",0.919233711655376,0.519180879551401,49.133
6,"gaussian","cf_dglm",0.524401550839377,0.297545617970134,18.464
6,"gaussian","KFAS_K120",0.535823573224656,0.304837656386696,30.305
6,"gaussian","KFAS_K240",0.539425181855784,0.307647082421539,271.991
6,"gaussian","sdmTMB",0.52429519308034,0.298073945556751,586.746
7,"gaussian","GLM",1.42869347152501,0.802654952985956,0.01
7,"gaussian","GAM",0.994016812553513,0.560766461184691,48.407
7,"gaussian","cf_dglm",0.522565025406137,0.295348006477782,18.446
7,"gaussian","KFAS_K120",0.527354918388885,0.298400344990752,33.009
7,"gaussian","KFAS_K240",0.53107196428224,0.301124294037035,270.396
7,"gaussian","sdmTMB",0.523731041681139,0.29668982378612,438.544
8,"gaussian","GLM",1.45263797347691,0.823458752212247,0.0099999999999999
8,"gaussian","GAM",1.10993457073516,0.627865038653698,49.353
8,"gaussian","cf_dglm",0.529153034842835,0.298936070172456,18.49
8,"gaussian","KFAS_K120",0.535498730399749,0.302764122410457,30.091
8,"gaussian","KFAS_K240",0.54049982676731,0.306151232859815,275.549
8,"gaussian","sdmTMB",0.52723880701013,0.298216157307957,578.523
9,"gaussian","GLM",1.48880420794899,0.836015778111635,0.0089999999999999
9,"gaussian","GAM",0.959782957302681,0.53848122241761,49.537
9,"gaussian","cf_dglm",0.531614409668194,0.299906765631441,17.623
9,"gaussian","KFAS_K120",0.543043293662009,0.30673941507127,30.108
9,"gaussian","KFAS_K240",0.548542769879573,0.3104928346019,270.392
9,"gaussian","sdmTMB",0.528609369940323,0.298538015182529,672.071
10,"gaussian","GLM",1.47825519332542,0.833698218945284,0.0099999999999999
10,"gaussian","GAM",1.00218804760067,0.568131126285839,49.762
10,"gaussian","cf_dglm",0.534245628245116,0.303139095520645,16.671
10,"gaussian","KFAS_K120",0.538233945383872,0.306169330914028,30.076
10,"gaussian","KFAS_K240",0.54261551821104,0.309392802962374,269.598
10,"gaussian","sdmTMB",0.531739886214944,0.302281310122816,782.43
11,"gaussian","GLM",1.46117231558091,0.819603198963049,0.00900000000000001
11,"gaussian","GAM",0.940270926378978,0.528297051357065,42.936
11,"gaussian","cf_dglm",0.525114539523624,0.297358584212518,21.118
11,"gaussian","KFAS_K120",0.52957344934492,0.299957248443313,37.948
11,"gaussian","KFAS_K240",0.533841218300237,0.302968100482252,274.592
11,"gaussian","sdmTMB",0.52140886330006,0.295704747078329,479.655
12,"gaussian","GLM",1.4461847734567,0.818410592134532,0.01
12,"gaussian","GAM",0.989012127410327,0.554195345316677,50.115
12,"gaussian","cf_dglm",0.527266042476509,0.298109948337186,16.955
12,"gaussian","KFAS_K120",0.53395204572032,0.302534495076753,30.139
12,"gaussian","KFAS_K240",0.536689976974472,0.30459590144914,230.629
12,"gaussian","sdmTMB",0.525768273967686,0.297781659888478,524.004
13,"gaussian","GLM",1.45590267474146,0.82475693825547,0.01
13,"gaussian","GAM",1.04400087010181,0.588482285170024,48.788
13,"gaussian","cf_dglm",0.526703553458897,0.297514834122199,18.042
13,"gaussian","KFAS_K120",0.534685785407584,0.302905761472612,33.032
13,"gaussian","KFAS_K240",0.538912410789077,0.305977751056267,269.354
13,"gaussian","sdmTMB",0.522482685652248,0.295776350780864,554.925
14,"gaussian","GLM",1.42586888061658,0.801490900110641,0.01
14,"gaussian","GAM",0.879849674475077,0.49623197632939,49.237
14,"gaussian","cf_dglm",0.531208365099742,0.301142779535302,18.553
14,"gaussian","KFAS_K120",0.53644630547703,0.304330757514254,35.952
14,"gaussian","KFAS_K240",0.538868089178686,0.306463728584083,282.049
14,"gaussian","sdmTMB",0.528814701826033,0.299906848682859,852.092
15,"gaussian","GLM",1.4746196130893,0.838233578129301,0.01
15,"gaussian","GAM",0.919071663437631,0.517347850788638,49.47
15,"gaussian","cf_dglm",0.533685369849802,0.302214597189242,16.874
15,"gaussian","KFAS_K120",0.542655116581869,0.308108483461221,37.85
15,"gaussian","KFAS_K240",0.547053474070271,0.311295798578986,269.556
15,"gaussian","sdmTMB",0.535268756877364,0.303853089443352,529.4
16,"gaussian","GLM",1.46029204237693,0.821851467440939,0.01
16,"gaussian","GAM",0.881674231157805,0.495336081297288,50.044
16,"gaussian","cf_dglm",0.517455171534377,0.292556624214338,17.022
16,"gaussian","KFAS_K120",0.524670846260251,0.297245113948625,30.08
16,"gaussian","KFAS_K240",0.527691911283312,0.29952514800879,279.809
16,"gaussian","sdmTMB",0.516359013907305,0.292404636379617,765.333
17,"gaussian","GLM",1.50784415303166,0.849322918141386,0.012
17,"gaussian","GAM",1.01946200526259,0.571487956572544,49.632
17,"gaussian","cf_dglm",0.532655878167312,0.301370284018019,17.099
17,"gaussian","KFAS_K120",0.542713414564278,0.307719986621162,30.135
17,"gaussian","KFAS_K240",0.54623084039412,0.310330577897919,279.847
17,"gaussian","sdmTMB",0.53337182361444,0.302267901480381,458.214
18,"gaussian","GLM",1.44958431262794,0.815133194580334,0.012
18,"gaussian","GAM",1.02476971894289,0.580958796599912,49.911
18,"gaussian","cf_dglm",0.522446212532313,0.294572035578131,17.02
18,"gaussian","KFAS_K120",0.526405253922456,0.297628303448111,33.08
18,"gaussian","KFAS_K240",0.529576368532265,0.299857879682879,271.049
18,"gaussian","sdmTMB",0.520067440978922,0.294068105538728,550.02
19,"gaussian","GLM",1.37892024575948,0.778929306778384,0.011
19,"gaussian","GAM",1.01688514278621,0.575427520267336,44.004
19,"gaussian","cf_dglm",0.533847646656757,0.302196616064643,14.084
19,"gaussian","KFAS_K120",0.53910242039932,0.305766280039995,30.336
19,"gaussian","KFAS_K240",0.54275755121008,0.308370287762019,274.766
19,"gaussian","sdmTMB",0.53260371095569,0.302037121748729,872.831
20,"gaussian","GLM",1.42722796604679,0.800003828429808,0.011
20,"gaussian","GAM",0.960734564221282,0.541972470758328,49.25
20,"gaussian","cf_dglm",0.525005718320194,0.296997914723617,18.142
20,"gaussian","KFAS_K120",0.532021478771226,0.301261354618,30.127
20,"gaussian","KFAS_K240",0.535953158983663,0.304130450576668,271.249
20,"gaussian","sdmTMB",0.52361474018618,0.296529298990149,817.632
21,"gaussian","GLM",1.48580261425855,0.837948187928551,0.011
21,"gaussian","GAM",0.949111591851327,0.534506050159233,44.012
21,"gaussian","cf_dglm",0.524147254479581,0.296193307682345,21.015
21,"gaussian","KFAS_K120",0.531807726670014,0.300996846952534,33.162
21,"gaussian","KFAS_K240",0.533578905128153,0.302428597648427,280.599
21,"gaussian","sdmTMB",0.523353532650781,0.296310057599981,688.634
22,"gaussian","GLM",1.50617858939851,0.849022424911533,0.01
22,"gaussian","GAM",0.980132448884092,0.55310998115456,43.882
22,"gaussian","cf_dglm",0.530203500850819,0.299551417531135,14.379
22,"gaussian","KFAS_K120",0.534580519729704,0.302543794389068,38.091
22,"gaussian","KFAS_K240",0.538572226489225,0.305295615433694,273.275
22,"gaussian","sdmTMB",0.528030890845108,0.298908901157378,772.034
23,"gaussian","GLM",1.43811752702942,0.809846604140762,0.01
23,"gaussian","GAM",0.919325552988522,0.515717106038609,49.576
23,"gaussian","cf_dglm",0.523857015231766,0.295486092842701,16.914
23,"gaussian","KFAS_K120",0.532906460312827,0.300947137578727,33.067
23,"gaussian","KFAS_K240",0.536511778046602,0.303566455679216,279.719
23,"gaussian","sdmTMB",0.522570789472454,0.295183946176562,741.768
24,"gaussian","GLM",1.49718679878943,0.84192730645538,0.011
24,"gaussian","GAM",1.0115016191425,0.572497054818665,50.024
24,"gaussian","cf_dglm",0.533577623858067,0.302529507677084,18.432
24,"gaussian","KFAS_K120",0.539097637516118,0.306130307876944,37.602
24,"gaussian","KFAS_K240",0.543648158792754,0.309369250553151,269.568
24,"gaussian","sdmTMB",0.531301692503447,0.301757071485265,565.143
25,"gaussian","GLM",1.49241828081687,0.845942579732,0.00900000000001455
25,"gaussian","GAM",0.962704001809062,0.542984075315164,44.355
25,"gaussian","cf_dglm",0.530681815485339,0.300385319562046,20.7180000000001
25,"gaussian","KFAS_K120",0.53801556666402,0.304984241904471,33.5469999999999
25,"gaussian","KFAS_K240",0.542514238843774,0.308131405644439,273.419
25,"gaussian","sdmTMB",0.529873867673801,0.299978467070672,838.303
26,"gaussian","GLM",1.53728001170048,0.853230517160597,0.00900000000001455
26,"gaussian","GAM",1.08592707163746,0.613400275310506,44.037
26,"gaussian","cf_dglm",0.516900836302147,0.291461292023212,18.908
26,"gaussian","KFAS_K120",0.523442737650716,0.295483262801801,38.388
26,"gaussian","KFAS_K240",0.52728958943991,0.298083014637958,281.894
26,"gaussian","sdmTMB",0.517746416733565,0.292316019401819,494.064
27,"gaussian","GLM",1.421885632882,0.80073800808538,0.00900000000001455
27,"gaussian","GAM",0.982545372998114,0.552300541732118,50.134
27,"gaussian","cf_dglm",0.529622474311595,0.299526414033058,19.193
27,"gaussian","KFAS_K120",0.536128488047717,0.303462843710478,29.827
27,"gaussian","KFAS_K240",0.54024686364692,0.306519042012345,274.632
27,"gaussian","sdmTMB",0.528630177205814,0.299272534800527,677.131
28,"gaussian","GLM",1.47477696849843,0.839382550143234,0.0080000000000382
28,"gaussian","GAM",0.96810039321272,0.541510060040343,49.1849999999999
28,"gaussian","cf_dglm",0.532827911211923,0.301362333748559,17.329
28,"gaussian","KFAS_K120",0.538923378433414,0.305246350203631,38.523
28,"gaussian","KFAS_K240",0.543044173333958,0.308152845917988,270.3
28,"gaussian","sdmTMB",0.532317816400888,0.301695537305979,939.187
29,"gaussian","GLM",1.51570706474011,0.850015963258487,0.0099999999999909
29,"gaussian","GAM",0.888970818555414,0.503004774520706,48.969
29,"gaussian","cf_dglm",0.526771931446049,0.297296198250805,17.415
29,"gaussian","KFAS_K120",0.532163377052742,0.301233039688512,41.1130000000001
29,"gaussian","KFAS_K240",0.535366260388234,0.30363697613213,289.075
29,"gaussian","sdmTMB",0.524076336322327,0.296589887317971,516.201
30,"gaussian","GLM",1.48166439970786,0.838721424669531,0.0080000000000382
30,"gaussian","GAM",0.960056534844725,0.542691959441407,49.574
30,"gaussian","cf_dglm",0.525500532844915,0.297439000045545,17.0120000000001
30,"gaussian","KFAS_K120",0.532746088555127,0.301982841624166,30.84
30,"gaussian","KFAS_K240",0.536428996546203,0.304668188235504,259.37
30,"gaussian","sdmTMB",0.525912063125964,0.298315734549105,680.034
31,"gaussian","GLM",1.52219964342664,0.866249794853223,0.0190000000000055
31,"gaussian","GAM",0.911476317777471,0.51207586649906,42.288
31,"gaussian","cf_dglm",0.527390176530928,0.298598045981273,19.338
31,"gaussian","KFAS_K120",0.532380121865874,0.301831256978232,40.928
31,"gaussian","KFAS_K240",0.535672145929891,0.30441775260452,282.336
31,"gaussian","sdmTMB",0.524111180481421,0.297326434982063,461.291
32,"gaussian","GLM",1.46338089896321,0.82553196930073,0.00900000000001455
32,"gaussian","GAM",0.950855144504687,0.535458711396759,47.412
32,"gaussian","cf_dglm",0.530426966155944,0.299401776821004,20.029
32,"gaussian","KFAS_K120",0.538525429432038,0.304871132613464,33.133
32,"gaussian","KFAS_K240",0.54204354809093,0.307295475263953,280.718
32,"gaussian","sdmTMB",0.527196360089677,0.298473137665921,495.228
33,"gaussian","GLM",1.39153006263657,0.787067544781933,0.0080000000000382
33,"gaussian","GAM",0.912047297666492,0.515836748330807,47.931
33,"gaussian","cf_dglm",0.532265451725949,0.300917582941547,16.918
33,"gaussian","KFAS_K120",0.536974821577245,0.304411780731965,38.8169999999999
33,"gaussian","KFAS_K240",0.54041332938083,0.306829546018269,279.598
33,"gaussian","sdmTMB",0.529772236306006,0.300280940159145,531.569
34,"gaussian","GLM",1.4193982901281,0.804021332256989,0.0119999999999436
34,"gaussian","GAM",1.03006864624144,0.577905390968807,47.409
34,"gaussian","cf_dglm",0.527054568012844,0.297880443641476,16.486
34,"gaussian","KFAS_K120",0.534902071381011,0.303080806403473,30.3749999999999
34,"gaussian","KFAS_K240",0.539005001600086,0.30621480941696,273.067
34,"gaussian","sdmTMB",0.526489147382358,0.298431755423963,665.543
35,"gaussian","GLM",1.47603977838099,0.831366103582973,0.00900000000001455
35,"gaussian","GAM",0.970555492613809,0.550630800097455,41.396
35,"gaussian","cf_dglm",0.517539066833277,0.292082857082498,16.65
35,"gaussian","KFAS_K120",0.527671479819519,0.298933219590529,30.374
35,"gaussian","KFAS_K240",0.531681179895274,0.302030252964147,256.973
35,"gaussian","sdmTMB",0.518304939120064,0.293025311585689,547.66
36,"gaussian","GLM",1.43320509756897,0.811698646322,0.00900000000001455
36,"gaussian","GAM",0.843415127653002,0.474907100403967,47.457
36,"gaussian","cf_dglm",0.522171235086636,0.294685688779075,17.72
36,"gaussian","KFAS_K120",0.5278833529772,0.298323857998882,33.2330000000001
36,"gaussian","KFAS_K240",0.530741414560646,0.300471257846253,279.313
36,"gaussian","sdmTMB",0.521535491343195,0.294769832233226,659.64
37,"gaussian","GLM",1.59303975863198,0.894220709696487,0.0099999999999909
37,"gaussian","GAM",0.909567022436067,0.513654964023859,47.343
37,"gaussian","cf_dglm",0.533150058339007,0.300848740368717,17.798
37,"gaussian","KFAS_K120",0.543655485117262,0.306651868529784,36.2259999999999
37,"gaussian","KFAS_K240",0.548022167582048,0.309839404622666,271.63
37,"gaussian","sdmTMB",0.532793856756144,0.300607374774215,531.775
38,"gaussian","GLM",1.46936707202526,0.825911048843108,0.00900000000001455
38,"gaussian","GAM",1.03585767890024,0.584531137328464,47.125
38,"gaussian","cf_dglm",0.517870350684892,0.292518317354148,16.3120000000001
38,"gaussian","KFAS_K120",0.528395785460731,0.298467846888565,37.616
38,"gaussian","KFAS_K240",0.532410561721645,0.301456881726383,256.442
38,"gaussian","sdmTMB",0.516792945992024,0.292625116852579,990.961
39,"gaussian","GLM",1.43687859520885,0.809436618454282,0.0080000000000382
39,"gaussian","GAM",1.04878073219695,0.592465675186145,46.691
39,"gaussian","cf_dglm",0.533247157153027,0.301423097147759,16.5119999999999
39,"gaussian","KFAS_K120",0.542554779415724,0.307608429628832,29.982
39,"gaussian","KFAS_K240",0.545763453191285,0.31018183464948,256.526
39,"gaussian","sdmTMB",0.533432638745979,0.302375093930458,1101.098
40,"gaussian","GLM",1.51243124261924,0.85716514935148,0.00900000000001455
40,"gaussian","GAM",0.943744745387077,0.534615142042247,46.4749999999999
40,"gaussian","cf_dglm",0.52645983823279,0.298853707653055,17.344
40,"gaussian","KFAS_K120",0.531997107881377,0.302348717991491,37.7149999999999
40,"gaussian","KFAS_K240",0.536854906150477,0.305591626279614,256.783
40,"gaussian","sdmTMB",0.523882669756652,0.297729703839599,788.367
41,"gaussian","GLM",1.43729558107944,0.806122807153197,0.00799999999981083
41,"gaussian","GAM",0.893538767888044,0.502633819247791,46.3499999999999
41,"gaussian","cf_dglm",0.528884107545404,0.299424518007512,17.432
41,"gaussian","KFAS_K120",0.533153784448683,0.302355766994815,30.433
41,"gaussian","KFAS_K240",0.536515007656741,0.30479456737798,272.738
41,"gaussian","sdmTMB",0.527180308910889,0.298785051375249,557.885
42,"gaussian","GLM",1.44204438349518,0.817486940312038,0.0080000000000382
42,"gaussian","GAM",1.07893817417796,0.605442400912852,46.3710000000001
42,"gaussian","cf_dglm",0.540790617931135,0.306361771782823,17.723
42,"gaussian","KFAS_K120",0.547318443344716,0.311098143038502,30.3009999999999
42,"gaussian","KFAS_K240",0.552168742393314,0.314888833422684,256.884
42,"gaussian","sdmTMB",0.537618200303491,0.305513272730042,770.282
43,"gaussian","GLM",1.52974393398921,0.862095366922223,0.00900000000001455
43,"gaussian","GAM",0.915480223901472,0.51607936369571,46.289
43,"gaussian","cf_dglm",0.526948437016777,0.297768662301976,17.521
43,"gaussian","KFAS_K120",0.532437618399672,0.301567914297958,30.0730000000001
43,"gaussian","KFAS_K240",0.537278701422613,0.305141804670042,276.853
43,"gaussian","sdmTMB",0.525709509643175,0.297933997541672,747.541
44,"gaussian","GLM",1.42628274015918,0.802729310654431,0.0080000000000382
44,"gaussian","GAM",0.913665623292882,0.515219204292104,46.4639999999999
44,"gaussian","cf_dglm",0.533132152775907,0.302281617645813,15.884
44,"gaussian","KFAS_K120",0.540081128028918,0.307250147855133,30.2539999999999
44,"gaussian","KFAS_K240",0.543125342373928,0.309933388069756,256.975
44,"gaussian","sdmTMB",0.533671532829057,0.303392889153469,540.27
45,"gaussian","GLM",1.54067432021471,0.871867632703674,0.0080000000000382
45,"gaussian","GAM",0.918094813567366,0.519119250604976,46.452
45,"gaussian","cf_dglm",0.526790543131764,0.298030069816356,17.6310000000001
45,"gaussian","KFAS_K120",0.53634404734604,0.303964532627987,40.8989999999999
45,"gaussian","KFAS_K240",0.539431545026787,0.306537968337452,275.54
45,"gaussian","sdmTMB",0.526476894385925,0.298263436152147,671.038
46,"gaussian","GLM",1.45981504412957,0.82454328097797,0.00699999999983447
46,"gaussian","GAM",1.03332310961065,0.582263055289659,46.3819999999998
46,"gaussian","cf_dglm",0.525119687076971,0.297055373852976,17.7350000000001
46,"gaussian","KFAS_K120",0.535659357825128,0.303566851146426,30.125
46,"gaussian","KFAS_K240",0.540473565930749,0.306986632059917,279.25
46,"gaussian","sdmTMB",0.523389924317279,0.29647621062941,778.526
47,"gaussian","GLM",1.57382868421331,0.890487621303533,0.0080000000000382
47,"gaussian","GAM",1.00116582131003,0.565802997916247,46.4110000000001
47,"gaussian","cf_dglm",0.517964107711917,0.292625385041026,17.575
47,"gaussian","KFAS_K120",0.527791160766139,0.298256711812323,30.0609999999999
47,"gaussian","KFAS_K240",0.531823636655536,0.30114944964848,273.402
47,"gaussian","sdmTMB",0.518637076542945,0.293259142473864,588.83
48,"gaussian","GLM",1.49791079142267,0.845253456886324,0.00699999999983447
48,"gaussian","GAM",0.922468147860664,0.521542456389299,46.3829999999998
48,"gaussian","cf_dglm",0.528232249513965,0.298748691249521,17.375
48,"gaussian","KFAS_K120",0.537530177139678,0.304534999567189,30.4080000000001
48,"gaussian","KFAS_K240",0.542274444872242,0.307882310998116,283.285
48,"gaussian","sdmTMB",0.527562944105847,0.299117244454545,708.501
49,"gaussian","GLM",1.53977758801986,0.866167535543802,0.012000000000171
49,"gaussian","GAM",1.04742467869563,0.591580793708141,51.45
49,"gaussian","cf_dglm",0.535895436505486,0.304082039784766,18.0229999999999
49,"gaussian","KFAS_K120",0.542450385047822,0.308348447308262,30.4660000000001
49,"gaussian","KFAS_K240",0.545269477132285,0.310596820485731,278.034
49,"gaussian","sdmTMB",0.532112273388492,0.302486804453455,623.421
50,"gaussian","GLM",1.51871612012199,0.857672587656207,0.0100000000002183
50,"gaussian","GAM",0.901525301441105,0.507298454255759,51.1229999999998
50,"gaussian","cf_dglm",0.522333036532281,0.295433071965421,20.6070000000002
50,"gaussian","KFAS_K120",0.533883346857251,0.302325083660116,37.01
50,"gaussian","KFAS_K240",0.537060215513842,0.304833019821924,286.422
50,"gaussian","sdmTMB",0.522939659216518,0.296050127341785,452.158
51,"gaussian","GLM",1.39938037869365,0.790353545276208,0.0150000000001
51,"gaussian","GAM",0.964016574665677,0.543901732847788,44.123
51,"gaussian","cf_dglm",0.521573310150615,0.295467942613735,21.1679999999999
51,"gaussian","KFAS_K120",0.53205151760766,0.301151206357817,30.7939999999999
51,"gaussian","KFAS_K240",0.536609062753166,0.304159605345145,278.967
51,"gaussian","sdmTMB",0.519570420185585,0.29439314883532,867.933
52,"gaussian","GLM",1.47430887263113,0.832063872522545,0.0099999999999909
52,"gaussian","GAM",0.894982946669903,0.501304279688457,44.095
52,"gaussian","cf_dglm",0.516865468618022,0.292733200110935,19.0929999999998
52,"gaussian","KFAS_K120",0.522462055418794,0.296301910991535,30.597
52,"gaussian","KFAS_K240",0.524731003370312,0.297967187193939,280.071
52,"gaussian","sdmTMB",0.514342120872996,0.291847809733844,449.59
53,"gaussian","GLM",1.42495598306101,0.803813863610577,0.0099999999999909
53,"gaussian","GAM",0.987551150163918,0.55765049859938,51.944
53,"gaussian","cf_dglm",0.536963476324945,0.304876495196161,19.893
53,"gaussian","KFAS_K120",0.545064706747605,0.30939875302839,30.3420000000001
53,"gaussian","KFAS_K240",0.549429281940554,0.312638869473765,251.395
53,"gaussian","sdmTMB",0.534882754991931,0.303985323777593,477.748
54,"gaussian","GLM",1.40433508113246,0.793344479904924,0.0080000000000382
54,"gaussian","GAM",1.03338047069243,0.584722304885074,50.3599999999999
54,"gaussian","cf_dglm",0.526913902755652,0.298461829518216,18.5930000000001
54,"gaussian","KFAS_K120",0.53031338372992,0.300936100539793,30.421
54,"gaussian","KFAS_K240",0.532944947657042,0.302952783994163,250.621
54,"gaussian","sdmTMB",0.520471416361341,0.295213846282292,423.643
55,"gaussian","GLM",1.57285049618683,0.887422580945333,0.0119999999999436
55,"gaussian","GAM",0.981534555198653,0.551352424851368,49.7439999999999
55,"gaussian","cf_dglm",0.52520165870836,0.296305798751464,17.171
55,"gaussian","KFAS_K120",0.53248541900284,0.301151788355111,38.4950000000001
55,"gaussian","KFAS_K240",0.536395637076258,0.304005900554632,281.86
55,"gaussian","sdmTMB",0.521768664937859,0.295009300856916,424.891
56,"gaussian","GLM",1.41286328996106,0.796578384639354,0.0139999999998963
56,"gaussian","GAM",1.02382741937032,0.576983017752561,48.6970000000001
56,"gaussian","cf_dglm",0.528651071354477,0.298390964034682,18.588
56,"gaussian","KFAS_K120",0.533890741114089,0.301737432546769,30.403
56,"gaussian","KFAS_K240",0.537381222630114,0.304475500569285,272.705
56,"gaussian","sdmTMB",0.52552540337256,0.297043709042938,788.917
57,"gaussian","GLM",1.57021007381634,0.879078351644063,0.0099999999999909
57,"gaussian","GAM",1.03790413173342,0.583494064778271,49.002
57,"gaussian","cf_dglm",0.529330181340049,0.300297849236826,18.1369999999999
57,"gaussian","KFAS_K120",0.537656502628396,0.305306716979457,33.3530000000001
57,"gaussian","KFAS_K240",0.54177207365987,0.308212289439037,275.229
57,"gaussian","sdmTMB",0.527128868270119,0.29925920234506,480.04
58,"gaussian","GLM",1.43906084843428,0.816446772885678,0.0099999999999909
58,"gaussian","GAM",0.884146939140721,0.496964833952092,41.4450000000002
58,"gaussian","cf_dglm",0.526324735699538,0.297535291049789,16.838
58,"gaussian","KFAS_K120",0.532633504419034,0.301757772046246,30.347
58,"gaussian","KFAS_K240",0.534792229683789,0.303598675956263,275.033
58,"gaussian","sdmTMB",0.524028972937534,0.296853985455613,759.966
59,"gaussian","GLM",1.47086271082316,0.831719090706722,0.0080000000000382
59,"gaussian","GAM",1.03647841702692,0.584321383085077,48.6789999999999
59,"gaussian","cf_dglm",0.52938513093154,0.299023043694649,17.5010000000002
59,"gaussian","KFAS_K120",0.533686504963655,0.302131776787418,30.5080000000003
59,"gaussian","KFAS_K240",0.537639937579397,0.304940886651004,274.032
59,"gaussian","sdmTMB",0.526260113340186,0.297922625214101,494.449
60,"gaussian","GLM",1.49657166839478,0.845644702789712,0.00599999999985812
60,"gaussian","GAM",0.977973900709697,0.551038956816927,47.0539999999999
60,"gaussian","cf_dglm",0.533984946366668,0.301315744702054,17.0369999999998
60,"gaussian","KFAS_K120",0.541831743195223,0.306433021684066,33.5350000000003
60,"gaussian","KFAS_K240",0.545737103049884,0.309288131847985,274.196
60,"gaussian","sdmTMB",0.534650585606638,0.302243364699951,832.685
61,"gaussian","GLM",1.51290506752795,0.85460982567084,0.00699999999983447
61,"gaussian","GAM",0.936466351479457,0.530064198724995,41.144
61,"gaussian","cf_dglm",0.525195636737831,0.297053451539517,16.9339999999997
61,"gaussian","KFAS_K120",0.531295108100946,0.300893806014285,30.3820000000001
61,"gaussian","KFAS_K240",0.534520198957907,0.303292165581938,283.566
61,"gaussian","sdmTMB",0.521537957009978,0.29547414902503,1088.655
62,"gaussian","GLM",1.5402053180544,0.874230961394705,0.00799999999981083
62,"gaussian","GAM",0.965086601353286,0.544489431676411,41.1629999999998
62,"gaussian","cf_dglm",0.534917564388349,0.303377056963587,17.8739999999998
62,"gaussian","KFAS_K120",0.539387212842748,0.306086477174993,30.4030000000002
62,"gaussian","KFAS_K240",0.544052585763537,0.309253068667408,273.373
62,"gaussian","sdmTMB",0.533600764921098,0.30291716384806,695.919
63,"gaussian","GLM",1.57710326809349,0.888420497681067,0.00900000000001455
63,"gaussian","GAM",0.927924987112212,0.523294647367164,46.741
63,"gaussian","cf_dglm",0.523669315781035,0.295628453541866,17.2219999999998
63,"gaussian","KFAS_K120",0.531640423945826,0.301211203670764,30.181
63,"gaussian","KFAS_K240",0.534134304629846,0.303370720341678,275.432
63,"gaussian","sdmTMB",0.523794605450501,0.2964865802108,636.018
64,"gaussian","GLM",1.57404529377057,0.894300113601087,0.00900000000001455
64,"gaussian","GAM",0.956364447864016,0.540112706642715,50.5599999999999
64,"gaussian","cf_dglm",0.530021923149248,0.299115710621535,18.5650000000001
64,"gaussian","KFAS_K120",0.539543651218083,0.304658620474013,30.5130000000004
64,"gaussian","KFAS_K240",0.545351555138593,0.30857170151555,283.81
64,"gaussian","sdmTMB",0.528904314501752,0.298893247339567,827.424
65,"gaussian","GLM",1.44792134157097,0.819929528966807,0.00800000000026557
65,"gaussian","GAM",1.0191315269975,0.576227791061282,41.3679999999999
65,"gaussian","cf_dglm",0.525380614633174,0.297826394280027,17.9380000000001
65,"gaussian","KFAS_K120",0.533799531141895,0.303369543715529,36.6729999999998
65,"gaussian","KFAS_K240",0.537827261502647,0.306301121705891,273.988
65,"gaussian","sdmTMB",0.524842567192769,0.298038107974174,1386.679
66,"gaussian","GLM",1.39542063613995,0.785928060033039,0.00700000000006185
66,"gaussian","GAM",0.89790591476029,0.503876796690086,41.9839999999999
66,"gaussian","cf_dglm",0.535132644791149,0.302327027750132,17.3159999999998
66,"gaussian","KFAS_K120",0.543073637383689,0.308028013375143,38.5140000000001
66,"gaussian","KFAS_K240",0.547300530285792,0.311060748448917,270.637
66,"gaussian","sdmTMB",0.534299485476399,0.302724284667512,1143.816
67,"gaussian","GLM",1.36092661426135,0.775208271754521,0.00800000000026557
67,"gaussian","GAM",1.02888702569106,0.585118676973308,47.9520000000002
67,"gaussian","cf_dglm",0.535291281305326,0.303596041858655,17.4090000000001
67,"gaussian","KFAS_K120",0.540975021880254,0.307200816184568,30.344
67,"gaussian","KFAS_K240",0.544649070764372,0.309861261576471,253.275
67,"gaussian","sdmTMB",0.534976230228296,0.303814547700076,551.328
68,"gaussian","GLM",1.53234759310995,0.865479771674553,0.00600000000031287
68,"gaussian","GAM",0.977222872255766,0.548952104283382,46.6440000000002
68,"gaussian","cf_dglm",0.519887355349147,0.293721683980311,17.6510000000003
68,"gaussian","KFAS_K120",0.52958652690357,0.299766735810001,38.73
68,"gaussian","KFAS_K240",0.532530619462933,0.301949724582287,283.657
68,"gaussian","sdmTMB",0.521680881652309,0.295170213969548,1525.293
69,"gaussian","GLM",1.55410929717632,0.880595578613375,0.00700000000006185
69,"gaussian","GAM",1.06716335643634,0.600749721379756,47.1669999999999
69,"gaussian","cf_dglm",0.529406518149636,0.299984577873714,18.2550000000001
69,"gaussian","KFAS_K120",0.536174753354685,0.303986597297095,37.656
69,"gaussian","KFAS_K240",0.540203481663418,0.306939543630913,262.323
69,"gaussian","sdmTMB",0.526940828734397,0.298725611000823,688.113
70,"gaussian","GLM",1.36135303295707,0.761354632041211,0.00700000000006185
70,"gaussian","GAM",0.976936354487637,0.5430783442143,41.5039999999999
70,"gaussian","cf_dglm",0.532895800067376,0.30132448825573,18.605
70,"gaussian","KFAS_K120",0.53699021399803,0.304091753704429,30.364
70,"gaussian","KFAS_K240",0.541003640627783,0.306922953336,276.459
70,"gaussian","sdmTMB",0.528312392141159,0.299262917307003,945.085
71,"gaussian","GLM",1.48472659265477,0.835825392577217,0.00599999999985812
71,"gaussian","GAM",0.939849196984285,0.528545193775999,47.5070000000001
71,"gaussian","cf_dglm",0.524185233601492,0.296086668671816,19.0370000000003
71,"gaussian","KFAS_K120",0.537730536355978,0.303932811658328,38.7640000000001
71,"gaussian","KFAS_K240",0.541535090164676,0.306578965454008,274.678
71,"gaussian","sdmTMB",0.5254734983767,0.297163088459436,617.261
72,"gaussian","GLM",1.4781481391852,0.828226533514215,0.0069999999996071
72,"gaussian","GAM",0.921197558581088,0.52144947270093,47.0030000000002
72,"gaussian","cf_dglm",0.528031350523391,0.298259168127636,16.5209999999997
72,"gaussian","KFAS_K120",0.535842116383532,0.302833972451413,30.4699999999998
72,"gaussian","KFAS_K240",0.538461940206699,0.304790821227414,278.51
72,"gaussian","sdmTMB",0.525808913515719,0.29758013374231,721.419
73,"gaussian","GLM",1.47136439127175,0.828774406458966,0.00800000000026557
73,"gaussian","GAM",0.934840953116303,0.523729014563166,49.317
73,"gaussian","cf_dglm",0.529503882397034,0.30090229848797,17.7689999999998
73,"gaussian","KFAS_K120",0.535261191087635,0.304897138593761,30.7139999999999
73,"gaussian","KFAS_K240",0.539557410270864,0.308100123408684,267.569
73,"gaussian","sdmTMB",0.526820669789186,0.30014540420655,529.244
74,"gaussian","GLM",1.35623474320448,0.766091755451604,0.00999999999976353
74,"gaussian","GAM",0.967694688061808,0.542644130651831,43.0059999999999
74,"gaussian","cf_dglm",0.524170734953237,0.295863230369634,18.3890000000001
74,"gaussian","KFAS_K120",0.528677215718607,0.299123139674214,32.011
74,"gaussian","KFAS_K240",0.531512744287684,0.301312627217968,253.852
74,"gaussian","sdmTMB",0.521361199762803,0.294838020711371,757.07
75,"gaussian","GLM",1.45537972193497,0.814177107338421,0.00799999999981083
75,"gaussian","GAM",0.997816323923075,0.563389655084312,43.4010000000003
75,"gaussian","cf_dglm",0.52985214994178,0.299490268710815,19.0450000000001
75,"gaussian","KFAS_K120",0.534190283523774,0.302598571696695,30.5299999999997
75,"gaussian","KFAS_K240",0.538065217941964,0.305423247434214,280.892
75,"gaussian","sdmTMB",0.525257736637443,0.297705572481131,596.348
76,"gaussian","GLM",1.53786519031957,0.86966444782967,0.00700000000006185
76,"gaussian","GAM",0.912737126341965,0.51554875760866,49.694
76,"gaussian","cf_dglm",0.531305679081688,0.301317306451241,17.9720000000002
76,"gaussian","KFAS_K120",0.535905886213159,0.304198970120392,38.6410000000001
76,"gaussian","KFAS_K240",0.53947626993963,0.306910656474399,286.454
76,"gaussian","sdmTMB",0.528524314721108,0.30032563962123,534.044
77,"gaussian","GLM",1.55548437381615,0.866415120697098,0.00799999999981083
77,"gaussian","GAM",0.946488222580261,0.532069347951249,49.1750000000002
77,"gaussian","cf_dglm",0.526787754339355,0.298193121766578,18.7639999999997
77,"gaussian","KFAS_K120",0.534351672780496,0.303091892532833,30.569
77,"gaussian","KFAS_K240",0.538653432868097,0.306132467760683,282.358
77,"gaussian","sdmTMB",0.524323738636227,0.297215373817063,513.33
78,"gaussian","GLM",1.44576977598822,0.819140502673474,0.00700000000006185
78,"gaussian","GAM",0.915643375691607,0.514073537831904,50.7339999999999
78,"gaussian","cf_dglm",0.530280407421198,0.300759893449654,19.2920000000004
78,"gaussian","KFAS_K120",0.534469182874823,0.303052104421581,30.5039999999999
78,"gaussian","KFAS_K240",0.538301336509744,0.305767116651096,276.544
78,"gaussian","sdmTMB",0.528052133425631,0.299554125447381,535.517
79,"gaussian","GLM",1.38624685477833,0.776566914449969,0.0119999999997162
79,"gaussian","GAM",1.00361285492432,0.568084979107031,49.6150000000002
79,"gaussian","cf_dglm",0.5291583625285,0.300165244348081,18.4829999999997
79,"gaussian","KFAS_K120",0.531938487622831,0.301999263767307,30.2370000000001
79,"gaussian","KFAS_K240",0.53399643328669,0.303768154201482,264.958
79,"gaussian","sdmTMB",0.526476838653682,0.299076732390433,636.627
80,"gaussian","GLM",1.4669372949013,0.825971411416761,0.00600000000031287
80,"gaussian","GAM",0.995991561213506,0.561826969624393,43.2750000000001
80,"gaussian","cf_dglm",0.519421925815534,0.29332319713387,19.8269999999998
80,"gaussian","KFAS_K120",0.528110830257994,0.299325651290881,30.373
80,"gaussian","KFAS_K240",0.531801522694857,0.301975760268456,236.178
80,"gaussian","sdmTMB",0.517064105830357,0.292740802055243,500.955
81,"gaussian","GLM",1.42240535595874,0.788006175047931,0.0109999999999673
81,"gaussian","GAM",0.951066417369575,0.536080608195415,42.6129999999998
81,"gaussian","cf_dglm",0.53104732993774,0.299927731494939,18.2069999999999
81,"gaussian","KFAS_K120",0.541738823160401,0.306415055846361,30.7179999999998
81,"gaussian","KFAS_K240",0.54715773327277,0.30990617061504,239.216
81,"gaussian","sdmTMB",0.528408652147303,0.298953628174562,459.354
82,"gaussian","GLM",1.46509596669326,0.825742055279114,0.00799999999981083
82,"gaussian","GAM",0.962304064262443,0.54141889586398,49.9189999999999
82,"gaussian","cf_dglm",0.526890431812518,0.297747891966154,18.6819999999998
82,"gaussian","KFAS_K120",0.53417762739379,0.302503243704726,30.4770000000003
82,"gaussian","KFAS_K240",0.538075130320049,0.305295571413277,279.122
82,"gaussian","sdmTMB",0.524746824464451,0.296898880939897,637.726
83,"gaussian","GLM",1.3720844682165,0.778729967914676,0.00800000000026557
83,"gaussian","GAM",1.09697028394287,0.613306368006818,45.2430000000004
83,"gaussian","cf_dglm",0.529085378901441,0.299463101784608,20.1280000000002
83,"gaussian","KFAS_K120",0.533668311923624,0.302369011837462,30.6460000000002
83,"gaussian","KFAS_K240",0.536397860257694,0.304586598551922,235.116
83,"gaussian","sdmTMB",0.526119780272011,0.298395812950423,431.618
84,"gaussian","GLM",1.52935985041767,0.871547964492227,0.00700000000006185
84,"gaussian","GAM",0.93478626345709,0.525191216494999,43.9659999999999
84,"gaussian","cf_dglm",0.518862449804179,0.293037249201625,20.4490000000001
84,"gaussian","KFAS_K120",0.524796834511371,0.296752480952637,38.7999999999997
84,"gaussian","KFAS_K240",0.527351653832545,0.298858072934315,289.108
84,"gaussian","sdmTMB",0.516187667998029,0.291908608031642,741.1
85,"gaussian","GLM",1.51139804310532,0.85411432284802,0.00800000000026557
85,"gaussian","GAM",1.00366725200456,0.564863916190013,50.9030000000002
85,"gaussian","cf_dglm",0.52738182535121,0.297920612981142,18.2660000000001
85,"gaussian","KFAS_K120",0.53308961863468,0.301841116528287,37.6569999999997
85,"gaussian","KFAS_K240",0.536825699663526,0.304635449198669,275.735
85,"gaussian","sdmTMB",0.523795622781819,0.296519660883193,737.458
86,"gaussian","GLM",1.37536403736942,0.777348211164601,0.00799999999981083
86,"gaussian","GAM",0.951507685673679,0.538012011468136,51.6880000000001
86,"gaussian","cf_dglm",0.535808886782453,0.303210110399214,18.0599999999999
86,"gaussian","KFAS_K120",0.542967260975267,0.307693457919806,38.4560000000001
86,"gaussian","KFAS_K240",0.545495938360601,0.309950485695963,263.455
86,"gaussian","sdmTMB",0.533106650533422,0.302269819949197,562.141
87,"gaussian","GLM",1.49773476386107,0.841040808533528,0.012000000000171
87,"gaussian","GAM",0.944688813266676,0.528100871506764,49.0410000000002
87,"gaussian","cf_dglm",0.522787851812688,0.29634448538297,19.1589999999997
87,"gaussian","KFAS_K120",0.532020124526494,0.302509167439492,30.8299999999999
87,"gaussian","KFAS_K240",0.536643452494946,0.305841135475141,263.46
87,"gaussian","sdmTMB",0.522337077793416,0.296814651821766,479.182
88,"gaussian","GLM",1.34255887279948,0.761247016099316,0.00800000000026557
88,"gaussian","GAM",1.01205817283062,0.569905759370076,49.268
88,"gaussian","cf_dglm",0.523506814676071,0.295509627262514,20.6420000000003
88,"gaussian","KFAS_K120",0.527854983412522,0.29820370769726,30.6689999999999
88,"gaussian","KFAS_K240",0.53163861501786,0.300944621268433,260.282
88,"gaussian","sdmTMB",0.521715407338739,0.294703239831043,469.445
89,"gaussian","GLM",1.44443087250352,0.819364008102324,0.00700000000006185
89,"gaussian","GAM",0.965133280657537,0.546165890872761,47.9400000000001
89,"gaussian","cf_dglm",0.530023587196565,0.300394976981865,18.1900000000001
89,"gaussian","KFAS_K120",0.53726307716575,0.30520468776061,36.163
89,"gaussian","KFAS_K240",0.540758295839373,0.307852990987862,277.744
89,"gaussian","sdmTMB",0.529171053244477,0.300553511592579,554.02
90,"gaussian","GLM",1.51852064808601,0.860871431011663,0.00799999999981083
90,"gaussian","GAM",1.00857002996126,0.568738945955244,49.1700000000001
90,"gaussian","cf_dglm",0.534921306018346,0.302999652366533,23.4030000000002
90,"gaussian","KFAS_K120",0.544609404950208,0.308625321892097,30.6090000000004
90,"gaussian","KFAS_K240",0.549730649131605,0.3125073220761,261.232
90,"gaussian","sdmTMB",0.533506509069445,0.30271453960413,644.056
91,"gaussian","GLM",1.52986862944849,0.859079578909604,0.00800000000026557
91,"gaussian","GAM",0.937596215924852,0.527423581493969,48.9189999999999
91,"gaussian","cf_dglm",0.525377553898782,0.296845318420953,19.4500000000003
91,"gaussian","KFAS_K120",0.533522100747884,0.301727400079518,30.6590000000001
91,"gaussian","KFAS_K240",0.537168698054139,0.304210370093669,260.16
91,"gaussian","sdmTMB",0.524017015088157,0.296442564849703,629.501
92,"gaussian","GLM",1.53551771681687,0.865609420914444,0.0069999999996071
92,"gaussian","GAM",0.996562761756087,0.561044677490708,42.48
92,"gaussian","cf_dglm",0.517532209678565,0.292727093394883,19.4540000000002
92,"gaussian","KFAS_K120",0.52831390618048,0.299810046017855,30.6589999999997
92,"gaussian","KFAS_K240",0.531643725343022,0.302523213642394,260.234
92,"gaussian","sdmTMB",0.51811278639355,0.293685979428154,476.959
93,"gaussian","GLM",1.39115918598942,0.781724901212388,0.00700000000006185
93,"gaussian","GAM",0.999649229994084,0.559571519632801,50.4659999999999
93,"gaussian","cf_dglm",0.534719255630453,0.302755079279587,18.9879999999998
93,"gaussian","KFAS_K120",0.540602378111506,0.306869555024848,30.268
93,"gaussian","KFAS_K240",0.544908238318824,0.309792298345234,272.372
93,"gaussian","sdmTMB",0.532908462497929,0.302532581134529,476.402
94,"gaussian","GLM",1.51047340336482,0.847884783626669,0.0109999999999673
94,"gaussian","GAM",0.935145987285817,0.524823826831227,48.0650000000001
94,"gaussian","cf_dglm",0.523993432552835,0.296322018119982,22.252
94,"gaussian","KFAS_K120",0.534262889862461,0.302760423996714,33.1860000000001
94,"gaussian","KFAS_K240",0.538484051257411,0.30580875732161,258.374
94,"gaussian","sdmTMB",0.521896029701412,0.295587377718727,596.532
95,"gaussian","GLM",1.42338147269812,0.79759269637996,0.00700000000006185
95,"gaussian","GAM",0.91731882787217,0.515045440023382,42.7240000000002
95,"gaussian","cf_dglm",0.529390436184223,0.299766937662357,18.8169999999996
95,"gaussian","KFAS_K120",0.534749862567797,0.302474031420154,38.0010000000002
95,"gaussian","KFAS_K240",0.537517950876245,0.304667074908808,282.37
95,"gaussian","sdmTMB",0.526560666347547,0.298456699360265,380.571
96,"gaussian","GLM",1.50333815098083,0.848254614095121,0.00800000000026557
96,"gaussian","GAM",0.959199533715913,0.540198225878978,48.047
96,"gaussian","cf_dglm",0.531945842051577,0.301025996162555,18.0790000000002
96,"gaussian","KFAS_K120",0.539936150838465,0.306148346176615,30.2649999999999
96,"gaussian","KFAS_K240",0.543717095181591,0.309005751840117,272.453
96,"gaussian","sdmTMB",0.532465758227061,0.301759792735313,738.158
97,"gaussian","GLM",1.42559204668193,0.806820724649294,0.00800000000026557
97,"gaussian","GAM",0.977858723085924,0.551606319579144,47.4630000000002
97,"gaussian","cf_dglm",0.525636607791477,0.297494147993332,16.75
97,"gaussian","KFAS_K120",0.532114815564188,0.301879334131052,30.2510000000002
97,"gaussian","KFAS_K240",0.535507135280422,0.304568474584162,274.471
97,"gaussian","sdmTMB",0.523545784363882,0.296995202951377,599.24
98,"gaussian","GLM",1.36428797411258,0.771302148690422,0.00599999999985812
98,"gaussian","GAM",1.02421871223899,0.574899891469305,41.3779999999997
98,"gaussian","cf_dglm",0.526066905713421,0.297349493583264,16.8289999999997
98,"gaussian","KFAS_K120",0.534600168769431,0.303340771317919,29.656
98,"gaussian","KFAS_K240",0.538606848725288,0.306408820744871,233.25
98,"gaussian","sdmTMB",0.523984561767611,0.296979552522278,428.409999999999
99,"gaussian","GLM",1.33227202230878,0.752556565715858,0.00900000000001455
99,"gaussian","GAM",0.999457502448799,0.563015036580714,47.511
99,"gaussian","cf_dglm",0.534393896038885,0.303784807461955,18.085
99,"gaussian","KFAS_K120",0.54030238266407,0.307746258781572,30.6399999999999
99,"gaussian","KFAS_K240",0.544091633828129,0.310716637410096,257.381
99,"gaussian","sdmTMB",0.529073918379779,0.301272507034659,514.516
100,"gaussian","GLM",1.42061841607675,0.806411396446784,0.00599999999985812
100,"gaussian","GAM",0.992980353254986,0.561774777619539,47.192
100,"gaussian","cf_dglm",0.532122303494581,0.301854131816344,17.8650000000002
100,"gaussian","KFAS_K120",0.541817449570933,0.307807228659729,37.694
100,"gaussian","KFAS_K240",0.545770382929341,0.310629599663823,281.597
100,"gaussian","sdmTMB",0.53167100891461,0.301928024384334,429.786
1,"poisson","GLM",1.98118333952038,0.989024904571301,0.0149999999998727
1,"poisson","GAM",1.56062572965577,0.761248435778953,46.6120000000001
1,"poisson","cf_dglm",1.39862492988638,0.686261471792909,32.9320000000002
1,"poisson","KFAS_K120",1.40188970159939,0.696710543461666,37.3339999999998
1,"poisson","KFAS_K240",1.40558441208211,0.697923924707379,274.954
1,"poisson","sdmTMB",1.38200657666256,0.67827814951588,700.918
2,"poisson","GLM",2.53463968221929,1.27816458502539,0.0149999999998727
2,"poisson","GAM",1.89930117295739,0.954749842320637,53.7689999999998
2,"poisson","cf_dglm",1.64094819590673,0.82696758122299,31.3029999999999
2,"poisson","KFAS_K120",1.65503368770341,0.835906127033217,37.5340000000001
2,"poisson","KFAS_K240",1.65595723353262,0.83615878702251,232.687
2,"poisson","sdmTMB",1.63106068728516,0.820071456941681,527.922
3,"poisson","GLM",1.97780852184558,0.964041494834625,0.0150000000003274
3,"poisson","GAM",1.66260139957224,0.79481864365888,53.2729999999997
3,"poisson","cf_dglm",1.43563058718528,0.694948578489033,57.3319999999999
3,"poisson","KFAS_K120",1.50198594806589,0.722342796000155,38.2649999999999
3,"poisson","KFAS_K240",1.50459373858319,0.72304318114761,277.153
3,"poisson","sdmTMB",1.43313392040953,0.693201415543809,566.969
4,"poisson","GLM",2.06305867244186,1.0381616726452,0.0159999999996217
4,"poisson","GAM",1.72300569096649,0.850591295459509,52.9449999999997
4,"poisson","cf_dglm",1.42207175974697,0.714250750601681,34.3139999999999
4,"poisson","KFAS_K120",1.46729102732598,0.735042240480164,38.8110000000001
4,"poisson","KFAS_K240",1.46937833449517,0.73626265193577,235.526
4,"poisson","sdmTMB",1.42139904501626,0.71318664407812,533.474999999999
5,"poisson","GLM",2.21608567807792,1.1283946790676,0.0149999999998727
5,"poisson","GAM",1.74086947234367,0.870925802572557,46.931
5,"poisson","cf_dglm",1.48455185102663,0.74879361045111,34.5280000000002
5,"poisson","KFAS_K120",1.51111448960409,0.762764988979639,38.3719999999998
5,"poisson","KFAS_K240",1.51272705462543,0.763251297555015,274.437
5,"poisson","sdmTMB",1.47565370161712,0.743194987301256,864.498
6,"poisson","GLM",2.66313672608743,1.35580732445718,0.0210000000001855
6,"poisson","GAM",1.88698548048241,0.948309705202948,53.991
6,"poisson","cf_dglm",1.6864548040911,0.845554517727415,29.335
6,"poisson","KFAS_K120",1.70678090489672,0.857402339144422,37.7870000000003
6,"poisson","KFAS_K240",1.70683685909484,0.857712101851673,275.12
6,"poisson","sdmTMB",1.68811534552073,0.8442448890116,476.116
7,"poisson","GLM",3.19230065260934,1.3480559673019,0.0149999999998727
7,"poisson","GAM",2.29150038509602,1.06120132771295,53.4670000000001
7,"poisson","cf_dglm",1.68180235748222,0.82958487317946,40.5630000000001
7,"poisson","KFAS_K120",1.9351607964247,0.868381541645673,44.1319999999996
7,"poisson","KFAS_K240",1.91859497069944,0.867061797384934,234.901
7,"poisson","sdmTMB",1.67791442559368,0.825874937689022,438.184
8,"poisson","GLM",2.9486285580175,1.48960158480714,0.0180000000000291
8,"poisson","GAM",2.41997993536477,1.21889908456419,54.0569999999998
8,"poisson","cf_dglm",1.76857821110813,0.894570272447548,35.5260000000007
8,"poisson","KFAS_K120",1.81160081999019,0.908056486463633,45.5370000000003
8,"poisson","KFAS_K240",1.81407596058426,0.909454206369352,233.416
8,"poisson","sdmTMB",1.76664282677444,0.891725461604245,536.636
9,"poisson","GLM",2.26866301992843,1.1861707146988,0.0229999999992287
9,"poisson","GAM",1.83817296750515,0.939500521778746,54.6099999999997
9,"poisson","cf_dglm",1.59386441509697,0.815222553148765,35.969
9,"poisson","KFAS_K120",1.60867422108142,0.823700872977731,39.0810000000001
9,"poisson","KFAS_K240",1.61286350214229,0.825556258610785,269.494000000001
9,"poisson","sdmTMB",1.58538836387883,0.808990979865621,633.041
10,"poisson","GLM",2.21659416225198,1.11445537304107,0.0160000000005311
10,"poisson","GAM",1.83223934782518,0.916182868556904,46.6949999999997
10,"poisson","cf_dglm",1.50199680514757,0.753437300686982,58.0969999999998
10,"poisson","KFAS_K120",1.54102006446126,0.771547890817994,34.8589999999995
10,"poisson","KFAS_K240",1.54248999461316,0.771985599920577,234.407
10,"poisson","sdmTMB",1.50309064245333,0.752522970823151,689.468
11,"poisson","GLM",2.66928031784979,1.30399964483994,0.0230000000001382
11,"poisson","GAM",2.06009605761116,0.997764376400174,53.4499999999998
11,"poisson","cf_dglm",1.68998496084456,0.844187720723796,56.1689999999999
11,"poisson","KFAS_K120",1.75197819586718,0.857019361628458,37.7399999999998
11,"poisson","KFAS_K240",1.75725948364511,0.858666876657533,272.656
11,"poisson","sdmTMB",1.67941185083577,0.836835399575701,442.765
12,"poisson","GLM",2.33118741117816,1.18107159565172,0.0190000000002328
12,"poisson","GAM",1.86468637875497,0.928473664375067,53.9520000000002
12,"poisson","cf_dglm",1.5527990920723,0.777584641081463,28.4120000000003
12,"poisson","KFAS_K120",1.58929108773232,0.79708367706953,30.75
12,"poisson","KFAS_K240",1.59003733589782,0.797390211778181,234.041
12,"poisson","sdmTMB",1.54884015242563,0.773813704858644,531.615000000001
13,"poisson","GLM",2.15262239140928,1.06695156479224,0.0199999999995271
13,"poisson","GAM",1.73611861480095,0.85915654423254,53.4849999999997
13,"poisson","cf_dglm",1.49489324775138,0.730204567883169,32.4900000000007
13,"poisson","KFAS_K120",1.53611306990518,0.754561932078525,38.5110000000004
13,"poisson","KFAS_K240",1.53883073767159,0.755852222521881,231.942
13,"poisson","sdmTMB",1.49693237558175,0.729254460078657,518.152
14,"poisson","GLM",2.9529561809928,1.24562276644378,0.0169999999998254
14,"poisson","GAM",1.96411036929455,0.912761151955972,53.8469999999998
14,"poisson","cf_dglm",1.59125158832904,0.767188140157397,43.518
14,"poisson","KFAS_K120",1.78320223826063,0.800115469699732,39.094
14,"poisson","KFAS_K240",1.80551883055838,0.802793054280199,269.946
14,"poisson","sdmTMB",1.61683705604955,0.765299693649465,724.93
15,"poisson","GLM",2.23474437402841,1.1449146742195,0.0159999999996217
15,"poisson","GAM",1.74869076922464,0.874229210436945,53.7429999999995
15,"poisson","cf_dglm",1.53942747579088,0.770349621281533,28.9849999999997
15,"poisson","KFAS_K120",1.5717698656293,0.78777874962548,37.366
15,"poisson","KFAS_K240",1.57459479372562,0.789308317654333,272.099
15,"poisson","sdmTMB",1.54097112548157,0.769902974823778,483.011
16,"poisson","GLM",2.3312642449289,1.15480913786636,0.0140000000001237
16,"poisson","GAM",1.76391529186688,0.870450416250203,53.4250000000002
16,"poisson","cf_dglm",1.51883673795529,0.757772252966963,24.6570000000002
16,"poisson","KFAS_K120",1.56878851823701,0.778030689315833,37.4119999999994
16,"poisson","KFAS_K240",1.56622404541409,0.777451296228931,272.800999999999
16,"poisson","sdmTMB",1.51389573068369,0.754593051246567,963.371999999999
17,"poisson","GLM",2.77138540811655,1.39422170632827,0.0159999999996217
17,"poisson","GAM",2.08726443113577,1.04446466298289,52.982
17,"poisson","cf_dglm",1.69354943841668,0.854861110466729,29.2909999999993
17,"poisson","KFAS_K120",1.72773210139254,0.867413186957965,37.5639999999994
17,"poisson","KFAS_K240",1.73088785481498,0.868767529278915,270.532
17,"poisson","sdmTMB",1.68167997516277,0.848710640245444,425.994000000001
18,"poisson","GLM",2.08091551055776,1.0049186484161,0.0150000000003274
18,"poisson","GAM",1.74057630636124,0.844896219591022,53.1880000000001
18,"poisson","cf_dglm",1.39780532908173,0.693885283423557,56.4929999999995
18,"poisson","KFAS_K120",1.4993152509269,0.723449048020445,37.3049999999994
18,"poisson","KFAS_K240",1.49789405949698,0.723259600942512,232.198
18,"poisson","sdmTMB",1.38302910336977,0.689368608920623,573.721
19,"poisson","GLM",2.20603485660878,1.12813547390285,0.0159999999996217
19,"poisson","GAM",1.85212970957117,0.942804872534826,52.9660000000003
19,"poisson","cf_dglm",1.50908100627827,0.764623699067803,32.9700000000003
19,"poisson","KFAS_K120",1.53805030898951,0.78127335717227,37.5840000000007
19,"poisson","KFAS_K240",1.54121121151635,0.782662845198087,232.435
19,"poisson","sdmTMB",1.50244994205722,0.760525935928833,776.931
20,"poisson","GLM",2.64545767925034,1.20852715854111,0.0140000000001237
20,"poisson","GAM",1.94686703905096,0.942304969639083,53.0640000000003
20,"poisson","cf_dglm",1.5854883875912,0.784064856808225,44.1460000000006
20,"poisson","KFAS_K120",1.61877068035515,0.795711603094518,39.1899999999996
20,"poisson","KFAS_K240",1.62454180700368,0.798100437398613,232.15
20,"poisson","sdmTMB",1.56698342542186,0.776659865456142,851.84
21,"poisson","GLM",2.69876897291851,1.36383246453485,0.0150000000003274
21,"poisson","GAM",2.08847064168135,1.04854536914211,53.0249999999996
21,"poisson","cf_dglm",1.67940582442752,0.853258408643013,25.5779999999995
21,"poisson","KFAS_K120",1.73162492728431,0.868415575140589,38.3559999999998
21,"poisson","KFAS_K240",1.72593155718393,0.867872095596459,231.84
21,"poisson","sdmTMB",1.68164354066069,0.849885451377325,787.037
22,"poisson","GLM",2.12771029915214,1.05270116723028,0.0159999999996217
22,"poisson","GAM",1.65500033849408,0.816858246882869,53.0190000000002
22,"poisson","cf_dglm",1.4437792702089,0.717146100565775,29.9639999999999
22,"poisson","KFAS_K120",1.47586512508412,0.733941827876254,37.7629999999999
22,"poisson","KFAS_K240",1.47776474974427,0.734863510855673,292.544
22,"poisson","sdmTMB",1.43735832726273,0.712334037891074,759.236999999999
23,"poisson","GLM",2.69983828082521,1.31595011464689,0.0159999999996217
23,"poisson","GAM",2.04348421666853,0.981573980086423,54.2300000000005
23,"poisson","cf_dglm",1.57916190777706,0.794237270985813,36.2600000000002
23,"poisson","KFAS_K120",1.65511841608276,0.817288426582342,38.933
23,"poisson","KFAS_K240",1.65745070174557,0.818746653826477,233.073
23,"poisson","sdmTMB",1.57262802418549,0.789615347942005,745.273999999999
24,"poisson","GLM",2.20605084734554,1.06780974224737,0.0149999999994179
24,"poisson","GAM",1.77002943098102,0.854078106952553,52.906
24,"poisson","cf_dglm",1.45767411629557,0.717491543234354,41.6040000000003
24,"poisson","KFAS_K120",1.51270686616811,0.74085886865539,34.8219999999992
24,"poisson","KFAS_K240",1.50997404085625,0.74081973152714,272.134
24,"poisson","sdmTMB",1.45028367577313,0.713184976964464,518.25
25,"poisson","GLM",2.0682824495418,1.07110869979978,0.0159999999996217
25,"poisson","GAM",1.67235680448396,0.837316108963476,52.9040000000005
25,"poisson","cf_dglm",1.4375212023348,0.721003201223813,22.2550000000001
25,"poisson","KFAS_K120",1.47664277830032,0.741459055421754,30.406
25,"poisson","KFAS_K240",1.47774817336786,0.741816035991654,275.021000000001
25,"poisson","sdmTMB",1.43791162926108,0.719522828857898,833.516
26,"poisson","GLM",2.7980731633547,1.23616575571612,0.0159999999996217
26,"poisson","GAM",1.92919756318554,0.913777746957211,53.0889999999999
26,"poisson","cf_dglm",1.48678553762495,0.731350514332309,39.3730000000005
26,"poisson","KFAS_K120",1.58470364394673,0.762163583323126,37.6880000000001
26,"poisson","KFAS_K240",1.58410898456836,0.762105839930319,274.174
26,"poisson","sdmTMB",1.47989138755211,0.728000829256554,484.273999999999
27,"poisson","GLM",1.66720634436175,0.847686310130484,0.0159999999996217
27,"poisson","GAM",1.45369416713896,0.722993137443327,46.424
27,"poisson","cf_dglm",1.31832898210423,0.651768211653352,24.576
27,"poisson","KFAS_K120",1.33889850657435,0.667551675571674,34.7140000000009
27,"poisson","KFAS_K240",1.33936940090562,0.667643141551328,274.583
27,"poisson","sdmTMB",1.30846052191447,0.646405231623119,652.896
28,"poisson","GLM",2.75998216296835,1.442914918932,0.0230000000001382
28,"poisson","GAM",2.11573586029081,1.07010245084061,54.6320000000005
28,"poisson","cf_dglm",1.77377313890578,0.896392282204761,28.6460000000006
28,"poisson","KFAS_K120",1.8038122397176,0.908991145983041,37.7129999999997
28,"poisson","KFAS_K240",1.80560850279685,0.910164522292956,234.773
28,"poisson","sdmTMB",1.76074373497714,0.88905839524781,871.408
29,"poisson","GLM",2.04927130077025,1.00264681437292,0.0159999999996217
29,"poisson","GAM",1.53381275140776,0.749674808469324,46.7109999999993
29,"poisson","cf_dglm",1.3895639647224,0.679542896327003,31.6620000000003
29,"poisson","KFAS_K120",1.41129516526836,0.698722139103938,38.268
29,"poisson","KFAS_K240",1.41295386435864,0.699429950883466,281.199
29,"poisson","sdmTMB",1.38637040383896,0.678072905636398,526.767000000001
30,"poisson","GLM",2.49003795702357,1.27836127585212,0.0150000000003274
30,"poisson","GAM",2.04471910859999,1.02697318985319,54.0920000000006
30,"poisson","cf_dglm",1.66692153416752,0.85022416981027,35.6260000000002
30,"poisson","KFAS_K120",1.71353522508856,0.867078577716524,37.3030000000008
30,"poisson","KFAS_K240",1.71387924850142,0.867619469541201,234.615
30,"poisson","sdmTMB",1.65824182066712,0.846514015082425,763.212
31,"poisson","GLM",1.97994542723817,0.987223028096778,0.0159999999996217
31,"poisson","GAM",1.53447911037323,0.75289624986602,46.5900000000001
31,"poisson","cf_dglm",1.37229994703088,0.67672526068628,27.7020000000002
31,"poisson","KFAS_K120",1.3982421848532,0.692502632098392,33.1970000000001
31,"poisson","KFAS_K240",1.39797901288496,0.6926339478787,280.936000000001
31,"poisson","sdmTMB",1.36984814699339,0.674552366173574,484.125
32,"poisson","GLM",3.71110306022504,1.66142072205048,0.0159999999996217
32,"poisson","GAM",2.3615988710059,1.14880594487888,62.5060000000003
32,"poisson","cf_dglm",1.8511351783007,0.92634805206841,35.2380000000003
32,"poisson","KFAS_K120",2.02031936283844,0.949562984088634,39.174
32,"poisson","KFAS_K240",1.98808702224658,0.947814094754865,233.908
32,"poisson","sdmTMB",1.82839395259533,0.915664421917164,450.815
33,"poisson","GLM",2.46229834675618,1.20146255197827,0.0200000000004366
33,"poisson","GAM",1.94169134804332,0.934065186141887,54.1450000000004
33,"poisson","cf_dglm",1.60339419717779,0.785613509270507,39.9129999999996
33,"poisson","KFAS_K120",1.65393227740992,0.806501460353849,35.9430000000002
33,"poisson","KFAS_K240",1.65954729937007,0.808513152462216,233.293000000001
33,"poisson","sdmTMB",1.59332520173656,0.779807096952252,527.182
34,"poisson","GLM",2.41685083801364,1.24053855501807,0.024000000000342
34,"poisson","GAM",2.07619295527993,1.03337660540335,53.915
34,"poisson","cf_dglm",1.61026015859658,0.809375413655435,32.134
34,"poisson","KFAS_K120",1.64021263597283,0.822578960917938,30.5429999999997
34,"poisson","KFAS_K240",1.63895101940711,0.822774760307885,233.857
34,"poisson","sdmTMB",1.60192881718953,0.803977450895897,673.679999999999
35,"poisson","GLM",2.92151664858701,1.38951595610376,0.0160000000005311
35,"poisson","GAM",2.19434126511743,1.06674015890954,53.5699999999997
35,"poisson","cf_dglm",1.67530325202819,0.835251981358681,35.5169999999998
35,"poisson","KFAS_K120",1.75288562632068,0.858943483177242,38.348
35,"poisson","KFAS_K240",1.73891150231991,0.857246205076484,233.372
35,"poisson","sdmTMB",1.66366929434243,0.831437708952164,548.827
36,"poisson","GLM",2.07334065233767,1.05070375709483,0.0209999999997308
36,"poisson","GAM",1.60747923396473,0.803914611659356,54.1959999999999
36,"poisson","cf_dglm",1.4325937883202,0.722985495833576,29.3890000000001
36,"poisson","KFAS_K120",1.45491270373844,0.732852544936708,38.576
36,"poisson","KFAS_K240",1.45844340238347,0.73418507644606,276.71
36,"poisson","sdmTMB",1.42303683354121,0.716863099868236,598.037
37,"poisson","GLM",2.60349117385885,1.27451278101169,0.0199999999995271
37,"poisson","GAM",1.88827246731483,0.922104281296127,56.0899999999992
37,"poisson","cf_dglm",1.58854467820613,0.796020519346104,41.8149999999996
37,"poisson","KFAS_K120",1.62302594723182,0.810337215607561,39.5619999999999
37,"poisson","KFAS_K240",1.61698560979504,0.809435151672304,271.154
37,"poisson","sdmTMB",1.57679544722676,0.788525855271425,450.435
38,"poisson","GLM",2.76623155109082,1.38726063405439,0.0160000000005311
38,"poisson","GAM",2.13187294101037,1.07842308922713,60.6080000000002
38,"poisson","cf_dglm",1.72398320326072,0.873677426396491,28.5560000000005
38,"poisson","KFAS_K120",1.74406441690689,0.88077617045182,37.2979999999998
38,"poisson","KFAS_K240",1.74748954316944,0.882227804140329,232.182
38,"poisson","sdmTMB",1.71967263692215,0.869117075668719,1231.684
39,"poisson","GLM",2.50741668543648,1.18765120878148,0.0160000000005311
39,"poisson","GAM",1.88137140253947,0.924823065055051,54.1710000000003
39,"poisson","cf_dglm",1.57599042106305,0.776485470978938,36.3189999999995
39,"poisson","KFAS_K120",1.60374527942696,0.788326483151126,30.3310000000001
39,"poisson","KFAS_K240",1.6021512163522,0.78849301367866,234.265
39,"poisson","sdmTMB",1.55773658375601,0.768359516637698,1321.75
40,"poisson","GLM",2.19122408704588,1.1039234955283,0.0160000000005311
40,"poisson","GAM",1.68887767571893,0.841925631526344,54.8559999999998
40,"poisson","cf_dglm",1.51068108525726,0.754098932594149,22.8710000000001
40,"poisson","KFAS_K120",1.52993671746481,0.765234707909811,37.4880000000003
40,"poisson","KFAS_K240",1.53213429133889,0.766132657560464,277.803
40,"poisson","sdmTMB",1.4891648203458,0.746611903932624,726.554999999999
41,"poisson","GLM",2.37391921720527,1.15991290845823,0.0140000000001237
41,"poisson","GAM",1.8079904022753,0.886399228096813,46.2619999999997
41,"poisson","cf_dglm",1.54409058066154,0.772531422410488,33.9309999999996
41,"poisson","KFAS_K120",1.61298297463368,0.7951303890592,38.7580000000007
41,"poisson","KFAS_K240",1.61484050483634,0.795887533969902,273.756
41,"poisson","sdmTMB",1.53404065975267,0.76677894700444,524.291
42,"poisson","GLM",2.25270466108286,1.07116188763377,0.0159999999996217
42,"poisson","GAM",1.7952851822906,0.870328560627543,55.2459999999992
42,"poisson","cf_dglm",1.45737255137367,0.71552702447468,35.2070000000003
42,"poisson","KFAS_K120",1.49277195012092,0.733051504723863,43.9629999999997
42,"poisson","KFAS_K240",1.49027515277404,0.732722430069549,234.249
42,"poisson","sdmTMB",1.44857673652703,0.711286276113832,885.856
43,"poisson","GLM",2.52993555826387,1.25633040579824,0.0149999999994179
43,"poisson","GAM",1.98466881677362,0.962786564488182,54.5150000000003
43,"poisson","cf_dglm",1.56964115822145,0.78942609228937,36.7630000000008
43,"poisson","KFAS_K120",1.66506890852131,0.819134110921137,37.2780000000002
43,"poisson","KFAS_K240",1.66428179218746,0.81897990719539,275.709
43,"poisson","sdmTMB",1.57208858215009,0.788553713402809,796.975
44,"poisson","GLM",2.10755911802312,1.09994199527058,0.0199999999995271
44,"poisson","GAM",1.74987278702789,0.886356047010252,55.8969999999999
44,"poisson","cf_dglm",1.55409326585845,0.783446975383146,28.531
44,"poisson","KFAS_K120",1.56391184111312,0.790761875291233,34.8770000000004
44,"poisson","KFAS_K240",1.56511899088796,0.79106837059285,274.226000000001
44,"poisson","sdmTMB",1.53989602600077,0.776149281368717,474.394
45,"poisson","GLM",2.41569105989905,1.22428428057303,0.0159999999996217
45,"poisson","GAM",1.93821123974603,0.957411193898082,53.1650000000009
45,"poisson","cf_dglm",1.60705682306073,0.803165665731398,28.2070000000003
45,"poisson","KFAS_K120",1.64075685727759,0.818181953165675,37.8739999999998
45,"poisson","KFAS_K240",1.64597296790086,0.819860831213054,275.57
45,"poisson","sdmTMB",1.60439479624479,0.800339172084651,784.639
46,"poisson","GLM",2.54116388173541,1.29650470431337,0.0290000000004511
46,"poisson","GAM",2.08846046059021,1.0414418431455,58.3289999999997
46,"poisson","cf_dglm",1.64214869920148,0.828620123324381,34.6459999999997
46,"poisson","KFAS_K120",1.68567979701138,0.845885820075968,38.8060000000005
46,"poisson","KFAS_K240",1.68811811580291,0.846877980184127,233.546
46,"poisson","sdmTMB",1.63504830495975,0.82486442988485,813.252
47,"poisson","GLM",2.04283486112641,1.03660633690328,0.0190000000002328
47,"poisson","GAM",1.63550543930728,0.811937322924233,55.0799999999999
47,"poisson","cf_dglm",1.4071848253094,0.70192256825487,25.8129999999992
47,"poisson","KFAS_K120",1.43603040546882,0.721625402502731,39.344
47,"poisson","KFAS_K240",1.43911742163194,0.722624540211916,271.226000000001
47,"poisson","sdmTMB",1.39960966351565,0.697170161134618,574.587
48,"poisson","GLM",2.41157472952757,1.20225630350658,0.0160000000005311
48,"poisson","GAM",1.81289267793043,0.897736599323004,54.1459999999997
48,"poisson","cf_dglm",1.54678851865684,0.77429560084906,36.982
48,"poisson","KFAS_K120",1.56964663499246,0.788639777013509,39.8429999999998
48,"poisson","KFAS_K240",1.57199128388442,0.789435220662113,270.491
48,"poisson","sdmTMB",1.53707533248338,0.769959027958434,809.917
49,"poisson","GLM",2.43439301465541,1.24879416796631,0.0180000000000291
49,"poisson","GAM",1.96942967494179,1.00350178483549,55.2429999999995
49,"poisson","cf_dglm",1.65334404011593,0.838653250046744,36.1229999999996
49,"poisson","KFAS_K120",1.67642306125878,0.850299079061451,39.5169999999998
49,"poisson","KFAS_K240",1.67693171135898,0.8506994600947,277.82
49,"poisson","sdmTMB",1.64703609482643,0.834585701767576,746.4
50,"poisson","GLM",2.06089543106057,1.09111376811627,0.0169999999998254
50,"poisson","GAM",1.70560372038917,0.86842570783575,53.5540000000001
50,"poisson","cf_dglm",1.52425553722327,0.770029393643708,24.7380000000003
50,"poisson","KFAS_K120",1.55077599100881,0.787511990979582,35
50,"poisson","KFAS_K240",1.55157756319523,0.788103082462352,275.155
50,"poisson","sdmTMB",1.51946693178491,0.768198057488998,569.348000000001
51,"poisson","GLM",1.9708379271524,1.0034671054731,0.0160000000005311
51,"poisson","GAM",1.61979721862139,0.809140673914581,46.2579999999998
51,"poisson","cf_dglm",1.40780461574901,0.70467766967553,36.2740000000003
51,"poisson","KFAS_K120",1.42760869444708,0.717899582330029,39.5140000000001
51,"poisson","KFAS_K240",1.4287041766584,0.718611887836569,231.948
51,"poisson","sdmTMB",1.40195491820829,0.700767076241019,1015.395
52,"poisson","GLM",2.30772470669522,1.16370521156601,0.0149999999994179
52,"poisson","GAM",1.76943905828346,0.879401178856339,46.3570000000009
52,"poisson","cf_dglm",1.57058610147525,0.790899052733806,35.7960000000003
52,"poisson","KFAS_K120",1.58639858447507,0.797202697820377,37.3959999999997
52,"poisson","KFAS_K240",1.58902701306693,0.798397426644345,272.169
52,"poisson","sdmTMB",1.55989055019985,0.783827074175799,515.515
53,"poisson","GLM",2.17749363420489,1.08363916952583,0.0149999999994179
53,"poisson","GAM",1.80478616460194,0.888251229052316,55.1379999999999
53,"poisson","cf_dglm",1.51254527818035,0.749814358939183,28.0919999999996
53,"poisson","KFAS_K120",1.53286740260791,0.761215732591999,33.0339999999997
53,"poisson","KFAS_K240",1.53609816815013,0.76243987587162,233.878
53,"poisson","sdmTMB",1.50010548940368,0.743010078921905,504.706999999999
54,"poisson","GLM",2.31112539811765,1.13384630459809,0.0170000000007349
54,"poisson","GAM",1.89340432734446,0.927854009020059,56.259
54,"poisson","cf_dglm",1.51166839673118,0.746611845894538,23.3700000000008
54,"poisson","KFAS_K120",1.54521303712837,0.763572660263778,38.7550000000001
54,"poisson","KFAS_K240",1.54503020745483,0.763620324546875,234.77
54,"poisson","sdmTMB",1.50798956955052,0.742880988688084,555.891
55,"poisson","GLM",2.14146163717075,1.04824138169182,0.0179999999991196
55,"poisson","GAM",1.61746819139727,0.794882507221072,53.4629999999997
55,"poisson","cf_dglm",1.38380401770493,0.685597789722989,37.5730000000003
55,"poisson","KFAS_K120",1.40546738642177,0.700964326423416,38.1750000000002
55,"poisson","KFAS_K240",1.41165773415837,0.702691724249959,288.543
55,"poisson","sdmTMB",1.36843067323855,0.676872074467624,578.308
56,"poisson","GLM",2.91170077357905,1.46971406631614,0.0159999999996217
56,"poisson","GAM",2.39505207191385,1.18490124221582,54.9549999999999
56,"poisson","cf_dglm",1.74556511601571,0.886373556923396,48.3560000000007
56,"poisson","KFAS_K120",1.80180182193394,0.905181335139187,38.5339999999997
56,"poisson","KFAS_K240",1.80861302738488,0.907309821116922,234.985
56,"poisson","sdmTMB",1.74783253918202,0.885723918869636,916.838000000001
57,"poisson","GLM",2.37524635088897,1.1481120415476,0.0149999999994179
57,"poisson","GAM",1.82564720539765,0.893155090000285,56.1299999999992
57,"poisson","cf_dglm",1.50662632131028,0.751897116017504,28.2510000000002
57,"poisson","KFAS_K120",1.58375380627448,0.770611177301258,39.0730000000003
57,"poisson","KFAS_K240",1.58955128184109,0.773063673378173,234.87
57,"poisson","sdmTMB",1.50507946810796,0.749590265075338,564.975
58,"poisson","GLM",2.43855746946666,1.17545021748385,0.0180000000000291
58,"poisson","GAM",1.87693998530214,0.906064156453694,55.5879999999997
58,"poisson","cf_dglm",1.57963855616767,0.784782687584335,27.9409999999998
58,"poisson","KFAS_K120",1.60889663968314,0.794049885914882,35.0750000000007
58,"poisson","KFAS_K240",1.61361240396672,0.795413540508309,287.336
58,"poisson","sdmTMB",1.56259630856454,0.77687440582279,821.406
59,"poisson","GLM",2.61471080430825,1.34268446011272,0.0239999999994325
59,"poisson","GAM",2.16468653035066,1.08398711586417,54.9919999999993
59,"poisson","cf_dglm",1.71130092594027,0.856006673272865,32.5100000000002
59,"poisson","KFAS_K120",1.75421576160989,0.875224125574908,38.7650000000003
59,"poisson","KFAS_K240",1.76044052516438,0.877507083801057,234.075
59,"poisson","sdmTMB",1.70074787372132,0.851387519558245,645.620999999999
60,"poisson","GLM",2.68053395024055,1.33145894754361,0.0169999999998254
60,"poisson","GAM",2.10029329931176,1.03197754854043,55.4739999999993
60,"poisson","cf_dglm",1.68626525831599,0.844451649408494,38.0360000000001
60,"poisson","KFAS_K120",1.74265702965754,0.859086247500564,44.3890000000001
60,"poisson","KFAS_K240",1.74611745052162,0.859874125821366,275.16
60,"poisson","sdmTMB",1.67298679137487,0.837708619469915,856.019
61,"poisson","GLM",2.65115300078247,1.35025671626434,0.0180000000000291
61,"poisson","GAM",1.99171818748289,0.985220455049432,54.2399999999998
61,"poisson","cf_dglm",1.69391816888908,0.851506608721655,31.6300000000001
61,"poisson","KFAS_K120",1.70184551390738,0.856509390352542,38.4070000000002
61,"poisson","KFAS_K240",1.70565429338275,0.858031001826495,274.550999999999
61,"poisson","sdmTMB",1.688609754762,0.84600082023612,1296.585
62,"poisson","GLM",2.50039935200994,1.27820274560503,0.0159999999996217
62,"poisson","GAM",1.88725668240317,0.950322187524198,47.0960000000005
62,"poisson","cf_dglm",1.61914759994093,0.821095202260372,31.6680000000006
62,"poisson","KFAS_K120",1.65522353812711,0.836561749578973,38.0289999999995
62,"poisson","KFAS_K240",1.65681816080305,0.837756923054109,281.92
62,"poisson","sdmTMB",1.61016439767384,0.815217723577516,825.982
63,"poisson","GLM",2.51558813437804,1.20583808015744,0.0180000000000291
63,"poisson","GAM",1.83739487881999,0.892794945045789,55.8649999999998
63,"poisson","cf_dglm",1.53399127487252,0.76499620718555,29.2740000000003
63,"poisson","KFAS_K120",1.55751598277856,0.779018543526221,37.5649999999996
63,"poisson","KFAS_K240",1.55628041930655,0.779099886217454,288.366999999999
63,"poisson","sdmTMB",1.52563047121494,0.761792352816774,668.779
64,"poisson","GLM",2.35845668268358,1.22104553623195,0.0200000000004366
64,"poisson","GAM",1.89646081839354,0.93348801880309,55.5169999999998
64,"poisson","cf_dglm",1.58246301464104,0.790168098151404,32.4830000000002
64,"poisson","KFAS_K120",1.62691084984486,0.810502405770668,38.8469999999998
64,"poisson","KFAS_K240",1.63118262826789,0.81254538616668,283.335
64,"poisson","sdmTMB",1.57965459410363,0.786730085372226,878.752
65,"poisson","GLM",2.37275773466768,1.18458430507143,0.024000000000342
65,"poisson","GAM",1.89739621898154,0.938842292483327,49.4560000000001
65,"poisson","cf_dglm",1.55941636269807,0.768860501261615,35.8030000000008
65,"poisson","KFAS_K120",1.63577340306891,0.792034153150749,38.6710000000003
65,"poisson","KFAS_K240",1.6332501146587,0.791734502054509,233.683
65,"poisson","sdmTMB",1.55328134751401,0.766530728712394,1411.014
66,"poisson","GLM",2.12040834842725,1.00991418878082,0.0259999999998399
66,"poisson","GAM",1.68627815192138,0.79770112909021,50.1219999999994
66,"poisson","cf_dglm",1.40626234233587,0.686309140658938,31.2639999999992
66,"poisson","KFAS_K120",1.45335663466674,0.704507007411722,30.7749999999996
66,"poisson","KFAS_K240",1.45159021786596,0.704741341537507,285.487
66,"poisson","sdmTMB",1.40164906253337,0.682640055634925,1192.833
67,"poisson","GLM",2.03366811577689,1.06077160748767,0.0169999999998254
67,"poisson","GAM",1.73784715513489,0.881532897056089,57.0749999999998
67,"poisson","cf_dglm",1.46369429819867,0.737947084345958,31.2330000000002
67,"poisson","KFAS_K120",1.47362118751982,0.747633482144937,30.6490000000003
67,"poisson","KFAS_K240",1.47607290910837,0.749002864049585,233.94
67,"poisson","sdmTMB",1.4498907321963,0.730363576570355,584.054
68,"poisson","GLM",2.2282789373434,1.13748592549209,0.0189999999993233
68,"poisson","GAM",1.78738354496987,0.886479716423879,58.4580000000005
68,"poisson","cf_dglm",1.47879487913385,0.745919866474122,27.4470000000001
68,"poisson","KFAS_K120",1.52350625022567,0.766992068780044,35.1210000000001
68,"poisson","KFAS_K240",1.52584222994341,0.768016324919576,274.328
68,"poisson","sdmTMB",1.47476811482401,0.743263432051524,1758.448
69,"poisson","GLM",2.24452724170568,1.09725529536878,0.0280000000002474
69,"poisson","GAM",1.88161511054133,0.914345271951476,55.9160000000002
69,"poisson","cf_dglm",1.52862165956354,0.752324391714805,27.8710000000001
69,"poisson","KFAS_K120",1.55136840313178,0.765031867570019,38.1149999999998
69,"poisson","KFAS_K240",1.55621573867937,0.766636153773621,274.247
69,"poisson","sdmTMB",1.50970800836129,0.745917504349625,784.525
70,"poisson","GLM",2.88821716794097,1.30558178490915,0.0209999999997308
70,"poisson","GAM",2.27414202173378,1.04208845250649,54.348
70,"poisson","cf_dglm",1.67181667826854,0.827035132313451,50.8860000000004
70,"poisson","KFAS_K120",1.7979414829743,0.846806652591082,37.9470000000001
70,"poisson","KFAS_K240",1.79707184337547,0.84838447262126,233.329000000001
70,"poisson","sdmTMB",1.66023929993866,0.8200492977068,1032.846
71,"poisson","GLM",2.90462092226409,1.50162760645636,0.0160000000005311
71,"poisson","GAM",2.29708062075579,1.14633767551937,53.741
71,"poisson","cf_dglm",1.77245907734977,0.905118181652537,35.8389999999999
71,"poisson","KFAS_K120",1.89009521117974,0.947713695091571,38.3339999999998
71,"poisson","KFAS_K240",1.88849676982588,0.947599820737743,233.898
71,"poisson","sdmTMB",1.77850518669298,0.907945328275837,707.634
72,"poisson","GLM",2.16697677762543,1.05434357755828,0.0170000000007349
72,"poisson","GAM",1.70153308810696,0.821132472550629,55.3949999999995
72,"poisson","cf_dglm",1.47631454232648,0.725480654421737,24.982
72,"poisson","KFAS_K120",1.49298371668338,0.738809530274093,30.6080000000002
72,"poisson","KFAS_K240",1.49142820433782,0.738610475881026,274.135
72,"poisson","sdmTMB",1.46548147180006,0.721579028097011,690.410000000001
73,"poisson","GLM",2.26779524262294,1.1154208141064,0.024000000000342
73,"poisson","GAM",1.78253164978783,0.865446925607281,54.6370000000006
73,"poisson","cf_dglm",1.46031770432668,0.72616565536097,35.2569999999996
73,"poisson","KFAS_K120",1.47812130600783,0.736702049242143,38.2020000000002
73,"poisson","KFAS_K240",1.48224205670301,0.738394158616127,232.518
73,"poisson","sdmTMB",1.44708600643718,0.720239392010129,559.790999999999
74,"poisson","GLM",2.43503226564463,1.19313995862676,0.0190000000002328
74,"poisson","GAM",1.90696178239667,0.938366071271181,47.4629999999997
74,"poisson","cf_dglm",1.60098880103522,0.788079083160319,32.9249999999993
74,"poisson","KFAS_K120",1.60921938020084,0.79403685029248,30.3729999999996
74,"poisson","KFAS_K240",1.61077579577473,0.794537435752419,232.460999999999
74,"poisson","sdmTMB",1.58626279635089,0.779665405502592,932.427
75,"poisson","GLM",1.76744199492478,0.88835785185215,0.0159999999996217
75,"poisson","GAM",1.49085606935775,0.740279434598036,46.7170000000006
75,"poisson","cf_dglm",1.32260011400013,0.656621205596,26.5690000000004
75,"poisson","KFAS_K120",1.34934340677121,0.676776098415456,30.3980000000001
75,"poisson","KFAS_K240",1.34986381253268,0.677416057743775,274.755
75,"poisson","sdmTMB",1.31127056575741,0.651173672615194,801.823
76,"poisson","GLM",2.29669678853836,1.18539652516684,0.0149999999994179
76,"poisson","GAM",1.79981497285413,0.905239525222283,54.5360000000001
76,"poisson","cf_dglm",1.55180743438499,0.780231912568791,21.9989999999998
76,"poisson","KFAS_K120",1.57407111853497,0.794394495901777,37.5619999999999
76,"poisson","KFAS_K240",1.57343609186125,0.794385703090903,276.295
76,"poisson","sdmTMB",1.54583278947787,0.777191626254331,507.588
77,"poisson","GLM",2.69197615531506,1.25701636426604,0.0150000000003274
77,"poisson","GAM",1.87231612703271,0.920758296774615,46.2629999999999
77,"poisson","cf_dglm",1.59832781803933,0.801290111187438,29.9160000000002
77,"poisson","KFAS_K120",1.66749032917201,0.822030823914605,35.1620000000003
77,"poisson","KFAS_K240",1.67257092443913,0.822797297428849,273.548
77,"poisson","sdmTMB",1.59545426610726,0.798031397221466,610.789
78,"poisson","GLM",3.23973642079049,1.65876042429046,0.0209999999997308
78,"poisson","GAM",2.20792398079602,1.12367615122545,54.1640000000007
78,"poisson","cf_dglm",1.84342495631929,0.943635812294566,33.2370000000001
78,"poisson","KFAS_K120",1.85750915048985,0.951594178349386,37.6109999999999
78,"poisson","KFAS_K240",1.86121875140772,0.952345499016257,238.347000000001
78,"poisson","sdmTMB",1.83264971998034,0.939398947043904,579.555
79,"poisson","GLM",2.6449742421382,1.26009599001849,0.0170000000007349
79,"poisson","GAM",2.06347172458092,1.00530461249959,53.4299999999994
79,"poisson","cf_dglm",1.5812501539939,0.786938404822439,37.0600000000004
79,"poisson","KFAS_K120",1.62603818016208,0.8030025271341,42.0600000000004
79,"poisson","KFAS_K240",1.62144283437581,0.802017166869311,234.442
79,"poisson","sdmTMB",1.58083594054879,0.782514006067148,797.461
80,"poisson","GLM",3.06513841657039,1.51299603531898,0.0169999999998254
80,"poisson","GAM",2.26005142208423,1.11713222313409,53.674
80,"poisson","cf_dglm",1.74247003448645,0.87539174651629,34.3859999999995
80,"poisson","KFAS_K120",1.7776325834581,0.889316956602725,44.6449999999995
80,"poisson","KFAS_K240",1.78383274180576,0.890663630798839,239.112
80,"poisson","sdmTMB",1.73807812495866,0.871262280863979,515.06
81,"poisson","GLM",3.8168916157809,1.44010992507953,0.0189999999993233
81,"poisson","GAM",1.97501153738006,0.962873333466547,54.6109999999999
81,"poisson","cf_dglm",1.64177917205111,0.807062522238045,62.107
81,"poisson","KFAS_K120",1.85322626906372,0.831180097376258,39.7469999999994
81,"poisson","KFAS_K240",1.83666865486135,0.831587561318705,241.261
81,"poisson","sdmTMB",1.64151412321556,0.804948254757161,454.557
82,"poisson","GLM",2.79878835401071,1.19720556818426,0.0180000000000291
82,"poisson","GAM",1.86224774981512,0.89545864460578,55.6309999999994
82,"poisson","cf_dglm",1.51874319519024,0.753013533391949,46.7689999999993
82,"poisson","KFAS_K120",1.65043787533891,0.78524677520545,37.9099999999999
82,"poisson","KFAS_K240",1.63514143690759,0.784151606255681,242.696999999999
82,"poisson","sdmTMB",1.51821469656486,0.750223195635836,591.324
83,"poisson","GLM",2.41280981384841,1.19755749914915,0.0199999999995271
83,"poisson","GAM",2.01580450752561,0.995820659345989,58.5839999999998
83,"poisson","cf_dglm",1.55422848446586,0.764627418250561,43.7349999999997
83,"poisson","KFAS_K120",1.5898011351864,0.785732168884349,30.9669999999996
83,"poisson","KFAS_K240",1.59626601902247,0.788636651891851,241.645
83,"poisson","sdmTMB",1.54512202436018,0.760959200412652,449.937
84,"poisson","GLM",2.45356342776303,1.22432059043439,0.0169999999998254
84,"poisson","GAM",1.80696484476008,0.892354057356606,51.6670000000004
84,"poisson","cf_dglm",1.54023705832222,0.767445273406302,30.0770000000002
84,"poisson","KFAS_K120",1.57930934165339,0.784172097681576,37.9970000000003
84,"poisson","KFAS_K240",1.58056752950065,0.784906408020925,283.71
84,"poisson","sdmTMB",1.5394195875986,0.765743044998574,772.81
85,"poisson","GLM",2.39440751056016,1.20587796575671,0.0160000000005311
85,"poisson","GAM",1.88601580987091,0.950053240699998,59.9859999999999
85,"poisson","cf_dglm",1.60194504797758,0.806306593529293,29.0019999999995
85,"poisson","KFAS_K120",1.6571140665116,0.826269089222099,41.4979999999996
85,"poisson","KFAS_K240",1.65458853893073,0.825532667121255,239.196
85,"poisson","sdmTMB",1.59534978973942,0.801444313456,704.070000000001
86,"poisson","GLM",2.44129262741782,1.19743906176502,0.0150000000003274
86,"poisson","GAM",1.81231496400007,0.91315837328241,58.0900000000001
86,"poisson","cf_dglm",1.53819721040163,0.771370414072118,31.1959999999999
86,"poisson","KFAS_K120",1.58514267108133,0.789234776612667,38.6940000000004
86,"poisson","KFAS_K240",1.58684195213559,0.790072535375891,277.254
86,"poisson","sdmTMB",1.53081072256496,0.768440801851553,668.969999999999
87,"poisson","GLM",2.21398405360242,1.11265931865701,0.0190000000002328
87,"poisson","GAM",1.73746777846994,0.863799691044248,50.2309999999998
87,"poisson","cf_dglm",1.51366673862909,0.760761981088167,31.3819999999996
87,"poisson","KFAS_K120",1.52217379875875,0.769148133393811,38.1030000000001
87,"poisson","KFAS_K240",1.52404596640832,0.770024561701428,279.353
87,"poisson","sdmTMB",1.50509737149453,0.756425112092589,598.464999999999
88,"poisson","GLM",2.3819126126018,1.25877050248229,0.0169999999998254
88,"poisson","GAM",2.06690897692643,1.05931547577251,56.0929999999998
88,"poisson","cf_dglm",1.65239301849562,0.841404984522837,44.4709999999995
88,"poisson","KFAS_K120",1.66329880153703,0.850029851890405,30.4469999999992
88,"poisson","KFAS_K240",1.66395539287802,0.850903077631688,235.037
88,"poisson","sdmTMB",1.63501552093316,0.832257797013908,479.575999999999
89,"poisson","GLM",2.26603279128406,1.12169065967525,0.0209999999997308
89,"poisson","GAM",1.74943989181106,0.866499219285192,54.4939999999997
89,"poisson","cf_dglm",1.50136664781662,0.737945759653108,38.9989999999998
89,"poisson","KFAS_K120",1.54524592043772,0.760593651311074,38.9269999999997
89,"poisson","KFAS_K240",1.54552158878066,0.760699379103293,269.987
89,"poisson","sdmTMB",1.4942169763129,0.736626594117377,602.276
90,"poisson","GLM",3.11961709273211,1.61174227366663,0.024000000000342
90,"poisson","GAM",2.46900346786802,1.24885784878393,56.0239999999994
90,"poisson","cf_dglm",1.92614401781254,0.971071077675955,31.6499999999996
90,"poisson","KFAS_K120",1.95050518691537,0.98176948158742,39.1480000000001
90,"poisson","KFAS_K240",1.95963192136977,0.985616757845255,233.565
90,"poisson","sdmTMB",1.91443923608556,0.966405658264911,801.151
91,"poisson","GLM",2.64834244121227,1.19504318439983,0.024000000000342
91,"poisson","GAM",1.86668007108432,0.896190481566578,55.7300000000005
91,"poisson","cf_dglm",1.5636091967372,0.786937049260637,62.6689999999999
91,"poisson","KFAS_K120",1.80243996676606,0.812343166252923,38.4930000000004
91,"poisson","KFAS_K240",1.8010155040334,0.812895288135778,271.531
91,"poisson","sdmTMB",1.54197397230648,0.779053629272537,694.019999999999
92,"poisson","GLM",2.2464666138444,1.12212131345172,0.0219999999999345
92,"poisson","GAM",1.82245042952933,0.894099425537809,48.2039999999997
92,"poisson","cf_dglm",1.52235164030999,0.752895892876348,30.3239999999996
92,"poisson","KFAS_K120",1.57939380556334,0.774124607773377,38.741
92,"poisson","KFAS_K240",1.58076789480717,0.774263648550166,273.145
92,"poisson","sdmTMB",1.51917170740088,0.750376125877968,514.936
93,"poisson","GLM",2.46471500038305,1.22895636633545,0.0230000000001382
93,"poisson","GAM",1.95646431968165,0.982577961129398,50.6099999999997
93,"poisson","cf_dglm",1.60768227028858,0.814822337542671,69.5419999999995
93,"poisson","KFAS_K120",1.68020767811763,0.832398171973702,40.3890000000001
93,"poisson","KFAS_K240",1.6823710376705,0.833906091709545,232.897000000001
93,"poisson","sdmTMB",1.60336593957888,0.80946443570957,485.653
94,"poisson","GLM",2.67438234253405,1.35565335767903,0.0150000000003274
94,"poisson","GAM",1.98078699452844,0.998312718949814,56.7840000000006
94,"poisson","cf_dglm",1.68996733564896,0.855979204557334,35.0140000000001
94,"poisson","KFAS_K120",1.71880343113826,0.865535363733614,39.1400000000003
94,"poisson","KFAS_K240",1.71843174617785,0.865633040904895,233.32
94,"poisson","sdmTMB",1.67545600594447,0.846900511073501,784.112999999999
95,"poisson","GLM",2.18072955259967,1.06135904955722,0.0159999999996217
95,"poisson","GAM",1.6638144717865,0.812868814821776,54.3879999999999
95,"poisson","cf_dglm",1.43193622859764,0.711742329484768,58.9390000000003
95,"poisson","KFAS_K120",1.50156505709621,0.738009552720211,39.6679999999997
95,"poisson","KFAS_K240",1.50060922840233,0.738585835663392,270.362999999999
95,"poisson","sdmTMB",1.4259736394888,0.708881371488978,504.638000000001
96,"poisson","GLM",3.33004818026397,1.57297746824876,0.0249999999996362
96,"poisson","GAM",2.2975287084555,1.09878645767786,53.6140000000005
96,"poisson","cf_dglm",1.79201738030794,0.894357547067392,39.1139999999996
96,"poisson","KFAS_K120",1.83343039397977,0.909398659186061,39.1449999999995
96,"poisson","KFAS_K240",1.82999575580839,0.909859032901724,232.558
96,"poisson","sdmTMB",1.77760786967725,0.887624095535997,804.463
97,"poisson","GLM",2.68531843990237,1.37379211291969,0.0180000000000291
97,"poisson","GAM",2.11049478646253,1.05393844086063,53.4540000000006
97,"poisson","cf_dglm",1.71211816342906,0.857818686508684,25.174
97,"poisson","KFAS_K120",1.75353095351761,0.873454291727851,41.5730000000003
97,"poisson","KFAS_K240",1.75655045209198,0.874869517784499,232.196000000001
97,"poisson","sdmTMB",1.7011640245496,0.851573414601359,752.214
98,"poisson","GLM",2.63346246090721,1.32096537196503,0.0219999999999345
98,"poisson","GAM",2.23482181801746,1.10108642194944,47.5289999999995
98,"poisson","cf_dglm",1.68763319997061,0.847919860359738,75.0599999999995
98,"poisson","KFAS_K120",1.71256820554691,0.859137031441323,30.335
98,"poisson","KFAS_K240",1.71676706097386,0.861160809423255,233.807000000001
98,"poisson","sdmTMB",1.68349772795711,0.843950797472356,483.93
99,"poisson","GLM",2.58187535427116,1.29531369635366,0.0160000000005311
99,"poisson","GAM",2.14659614678612,1.05863615332963,53.933
99,"poisson","cf_dglm",1.62488144787549,0.809458545879167,37.6229999999996
99,"poisson","KFAS_K120",1.67304145776088,0.828946898256488,30.3670000000002
99,"poisson","KFAS_K240",1.67972724811474,0.831917217496917,233.111999999999
99,"poisson","sdmTMB",1.62411768310011,0.80760120767905,507.457999999999
100,"poisson","GLM",2.27244558757232,1.15036261559213,0.0160000000005311
100,"poisson","GAM",1.83635310913545,0.921763818993441,45.6660000000002
100,"poisson","cf_dglm",1.54264004036046,0.772313501640963,26.5960000000005
100,"poisson","KFAS_K120",1.58982220036964,0.790120196530565,39.262999999999
100,"poisson","KFAS_K240",1.59118821715234,0.791612296050228,233.57
100,"poisson","sdmTMB",1.53550051035863,0.768237474790091,566.422
1,"binary","GLM",0.479220215342243,0.229652014792666,0.0140000000001237
1,"binary","GAM",0.444521509357359,0.197599372281344,67.9329999999991
1,"binary","cf_dglm",0.4318888376373,0.186527968075698,45.9050000000007
1,"binary","KFAS_K120",0.448249366145969,0.200927494250263,34.6659999999993
1,"binary","KFAS_K240",0.44830764762972,0.200979746923293,232.179999999998
1,"binary","sdmTMB",0.431258935695319,0.185984269617059,585.623
2,"binary","GLM",0.478820327095879,0.229268905640204,0.0140000000010332
2,"binary","GAM",0.442623449761285,0.195915518278581,48.3199999999997
2,"binary","cf_dglm",0.429819844073801,0.184745098359627,33.112000000001
2,"binary","KFAS_K120",0.448165507527238,0.200852322137147,34.5910000000003
2,"binary","KFAS_K240",0.448087078684116,0.200782030083665,232.258
2,"binary","sdmTMB",0.42870534129019,0.183788269650738,422.159
3,"binary","GLM",0.479371204292878,0.229796751505204,0.0180000000000291
3,"binary","GAM",0.4505117573826,0.202960843539959,59.9759999999987
3,"binary","cf_dglm",0.434255115682536,0.188577505496453,44.0149999999994
3,"binary","KFAS_K120",0.449585730893039,0.202127329422628,35.380000000001
3,"binary","KFAS_K240",0.449671670147351,0.202204610933108,232.725
3,"binary","sdmTMB",0.433602843643554,0.188011426015776,454.548000000001
4,"binary","GLM",0.485297423268114,0.235513589030671,0.0139999999992142
4,"binary","GAM",0.45516908606402,0.207178896908355,60.3429999999989
4,"binary","cf_dglm",0.443700768317909,0.196870371805902,20.5199999999986
4,"binary","KFAS_K120",0.456045281335283,0.207977298628177,34.9519999999993
4,"binary","KFAS_K240",0.456225292227097,0.2081415172677,233.254999999999
4,"binary","sdmTMB",0.442833951156641,0.196101908297002,493.799000000001
5,"binary","GLM",0.488290368466994,0.238427483937633,0.0140000000010332
5,"binary","GAM",0.456796032760327,0.208662615545574,74.7439999999988
5,"binary","cf_dglm",0.4409162627537,0.19440715076069,35.7430000000004
5,"binary","KFAS_K120",0.453948920586162,0.206069622501342,34.6949999999997
5,"binary","KFAS_K240",0.453954889637579,0.206075041825867,233.255999999999
5,"binary","sdmTMB",0.44035159853409,0.193909530331529,673.155000000001
6,"binary","GLM",0.480335084181168,0.23072179309533,0.0149999999994179
6,"binary","GAM",0.44588154673591,0.198810353719608,57.3600000000006
6,"binary","cf_dglm",0.437203808235091,0.191147169935266,53.3850000000002
6,"binary","KFAS_K120",0.451192856910579,0.203574994127131,30.2100000000009
6,"binary","KFAS_K240",0.451062384007595,0.203457274266615,235.151
6,"binary","sdmTMB",0.435632918055336,0.189776039293407,495.192000000001
7,"binary","GLM",0.484094591107806,0.234347573139833,0.0180000000000291
7,"binary","GAM",0.457761659758278,0.209545737144653,56.6270000000004
7,"binary","cf_dglm",0.440643074648291,0.194166319235499,54.5349999999999
7,"binary","KFAS_K120",0.454061007424982,0.206171398463789,30.1610000000001
7,"binary","KFAS_K240",0.454186619446857,0.206285485284564,230.741
7,"binary","sdmTMB",0.439674549122462,0.193313709146041,409.642
8,"binary","GLM",0.484810358382374,0.235041083594846,0.0200000000004366
8,"binary","GAM",0.459527635188076,0.211165647501545,62.0630000000001
8,"binary","cf_dglm",0.435798759824094,0.189920559064218,18.8539999999994
8,"binary","KFAS_K120",0.44926234920751,0.201836658415451,33.2780000000002
8,"binary","KFAS_K240",0.449529376465809,0.202076660305739,231.279
8,"binary","sdmTMB",0.434738583620115,0.188997636088024,464.109999999999
9,"binary","GLM",0.492053747255637,0.242116890188315,0.0159999999996217
9,"binary","GAM",0.461380725718981,0.212872174064974,60.8040000000001
9,"binary","cf_dglm",0.449230583339006,0.201808117007103,40.4390000000003
9,"binary","KFAS_K120",0.459539901232487,0.211176920824764,30.1620000000003
9,"binary","KFAS_K240",0.459600315799307,0.211232450282823,232.137000000001
9,"binary","sdmTMB",0.446857156160983,0.199681318012281,490.480000000001
10,"binary","GLM",0.484603710733949,0.234840756457113,0.0149999999994179
10,"binary","GAM",0.456786160725256,0.20865359663012,86.7909999999993
10,"binary","cf_dglm",0.435486845176194,0.189648792321515,52.7260000000006
10,"binary","KFAS_K120",0.451805235637955,0.204127970949868,34.7880000000005
10,"binary","KFAS_K240",0.451946543140868,0.20425567785698,231.435
10,"binary","sdmTMB",0.435170510752042,0.189373373428193,631.997000000001
11,"binary","GLM",0.483477872517798,0.233750853214336,0.0139999999992142
11,"binary","GAM",0.450441107757555,0.202897191557854,77.5759999999991
11,"binary","cf_dglm",0.438945168915361,0.192672861314134,34.9599999999991
11,"binary","KFAS_K120",0.452866072141547,0.205087679296913,34.5919999999987
11,"binary","KFAS_K240",0.452776114673493,0.205006210018825,231.235000000001
11,"binary","sdmTMB",0.436848472032597,0.190836587517214,389.162
12,"binary","GLM",0.486418837451833,0.236603285427993,0.022000000000844
12,"binary","GAM",0.451797540503749,0.204121017605237,77.6939999999995
12,"binary","cf_dglm",0.434451989004282,0.188748530749777,21.9009999999998
12,"binary","KFAS_K120",0.450613299974626,0.203052346114022,35.4549999999999
12,"binary","KFAS_K240",0.450631906408464,0.203069115073326,232.984
12,"binary","sdmTMB",0.433629599774632,0.188034629800707,419.154
13,"binary","GLM",0.481690099944248,0.2320253523843,0.0159999999996217
13,"binary","GAM",0.454071379563638,0.206180817738826,60.5159999999996
13,"binary","cf_dglm",0.431149002786443,0.185889462603744,19.6040000000012
13,"binary","KFAS_K120",0.448671726326003,0.201306318004356,29.9670000000006
13,"binary","KFAS_K240",0.448844612225384,0.201461485923756,232.671
13,"binary","sdmTMB",0.429957640308436,0.184863572459598,454.335999999999
14,"binary","GLM",0.485896923339011,0.236095820110316,0.0169999999998254
14,"binary","GAM",0.455572357906194,0.207546173288209,64.8990000000013
14,"binary","cf_dglm",0.445841595093761,0.198774727915749,43.2989999999991
14,"binary","KFAS_K120",0.455742579924477,0.207701299156218,34.3899999999994
14,"binary","KFAS_K240",0.455778122002191,0.207733696495844,232.802
14,"binary","sdmTMB",0.445296024013006,0.198288549001792,632.933000000001
15,"binary","GLM",0.48675351500411,0.236928984368856,0.0190000000002328
15,"binary","GAM",0.448471662895087,0.201126832419885,60.5859999999993
15,"binary","cf_dglm",0.43630346195013,0.190360710909669,43.4130000000005
15,"binary","KFAS_K120",0.45213675228643,0.204427642768121,37.2429999999986
15,"binary","KFAS_K240",0.452149585506315,0.204439247673533,232.918
15,"binary","sdmTMB",0.43617940717524,0.190252475243744,437.701000000001
16,"binary","GLM",0.485252163473772,0.235469662155976,0.0169999999998254
16,"binary","GAM",0.448219679695531,0.200900881266364,69.755000000001
16,"binary","cf_dglm",0.434867304012264,0.189109572098895,50.1149999999998
16,"binary","KFAS_K120",0.451844877031855,0.204163792899932,34.2160000000003
16,"binary","KFAS_K240",0.451685575318493,0.204019858950798,231.705
16,"binary","sdmTMB",0.435178238631538,0.189380099378448,748.176
17,"binary","GLM",0.484609882528778,0.234846738244556,0.0159999999996217
17,"binary","GAM",0.453230730252165,0.205418094844911,53.6540000000005
17,"binary","cf_dglm",0.438258460199641,0.192070477936561,40.366
17,"binary","KFAS_K120",0.453341816646154,0.205518802720036,34.4760000000006
17,"binary","KFAS_K240",0.453401632250593,0.205573040127502,232.538999999999
17,"binary","sdmTMB",0.437832515659399,0.191697311768638,424.496999999999
18,"binary","GLM",0.485738115997744,0.235941517333038,0.0159999999996217
18,"binary","GAM",0.456240462426808,0.208155359555428,66.5739999999987
18,"binary","cf_dglm",0.437246751844144,0.191184721998254,37.7749999999996
18,"binary","KFAS_K120",0.452377562525579,0.204645459076584,34.7110000000011
18,"binary","KFAS_K240",0.452483296676634,0.204741133771355,232.611000000001
18,"binary","sdmTMB",0.43594339319529,0.190046642070623,473.212
19,"binary","GLM",0.484659637156106,0.234894963888289,0.0159999999996217
19,"binary","GAM",0.457784603942727,0.209566743607,74.2189999999991
19,"binary","cf_dglm",0.435125926156563,0.189334571613607,59.7299999999996
19,"binary","KFAS_K120",0.453222919399465,0.205411014668974,34.8170000000009
19,"binary","KFAS_K240",0.453380614492448,0.20555398159755,230.436000000002
19,"binary","sdmTMB",0.435183799299275,0.189384939172552,831.51
20,"binary","GLM",0.485012871359272,0.235237485384166,0.0149999999994179
20,"binary","GAM",0.457120028927077,0.208958720846292,86.0929999999989
20,"binary","cf_dglm",0.442508012766884,0.195813341362897,39.2879999999986
20,"binary","KFAS_K120",0.455539774851343,0.207516486471612,29.9210000000003
20,"binary","KFAS_K240",0.455629532114965,0.207598270535302,229.523000000001
20,"binary","sdmTMB",0.44083463168614,0.194335172493855,731.701000000001
21,"binary","GLM",0.481356729585183,0.231704301116943,0.0149999999994179
21,"binary","GAM",0.446521146151088,0.199381133960082,76.4580000000005
21,"binary","cf_dglm",0.435891815537303,0.190001674852406,45.4009999999998
21,"binary","KFAS_K120",0.449774734119,0.202297311451817,34.6969999999983
21,"binary","KFAS_K240",0.449831423241557,0.202348309335525,225.067999999999
21,"binary","sdmTMB",0.434523675794081,0.188810824825599,669.383
22,"binary","GLM",0.480872127530093,0.231238003035318,0.0190000000002328
22,"binary","GAM",0.448770090720366,0.201394594325165,75.1470000000008
22,"binary","cf_dglm",0.435831689213859,0.189949261323006,42.969000000001
22,"binary","KFAS_K120",0.450389235371542,0.202850463338562,34.7489999999998
22,"binary","KFAS_K240",0.450388788483233,0.202850060791395,230.147999999999
22,"binary","sdmTMB",0.43378151610943,0.188166403718196,669.559000000001
23,"binary","GLM",0.480753959328477,0.231124369410007,0.0149999999994179
23,"binary","GAM",0.444982914541395,0.198009794233754,61.5280000000002
23,"binary","cf_dglm",0.43217255244151,0.18677311508381,37.3280000000013
23,"binary","KFAS_K120",0.448013407879956,0.200716013640212,37.6239999999998
23,"binary","KFAS_K240",0.448036259467798,0.200736489797896,230.147000000001
23,"binary","sdmTMB",0.43145153940121,0.186150430851674,569.799000000001
24,"binary","GLM",0.485354604333159,0.235569091947397,0.0139999999992142
24,"binary","GAM",0.453816475061124,0.205949393036904,62.4090000000015
24,"binary","cf_dglm",0.437886633838402,0.191744704094327,37.0390000000007
24,"binary","KFAS_K120",0.451644859166685,0.203983078811695,34.6980000000003
24,"binary","KFAS_K240",0.451837297759189,0.204156943646326,230.361000000001
24,"binary","sdmTMB",0.435893083210067,0.190002779990378,451.6
25,"binary","GLM",0.487911920033894,0.238058041711161,0.0139999999992142
25,"binary","GAM",0.447492546158802,0.200249578867687,78.0840000000007
25,"binary","cf_dglm",0.435093388168759,0.189306256428171,49.3490000000002
25,"binary","KFAS_K120",0.450393411801686,0.202854225394363,38.6389999999992
25,"binary","KFAS_K240",0.450408015472069,0.202867380401487,230.619000000001
25,"binary","sdmTMB",0.433399970937516,0.18783553480864,704.184000000001
26,"binary","GLM",0.485086327930979,0.235308745545561,0.0130000000008295
26,"binary","GAM",0.459052476879701,0.210729176529389,75.9309999999987
26,"binary","cf_dglm",0.438402497669753,0.192196749963078,31.3099999999995
26,"binary","KFAS_K120",0.453293910134187,0.205475368964741,35.5650000000005
26,"binary","KFAS_K240",0.45329298192366,0.205474527461244,230.915999999999
26,"binary","sdmTMB",0.43745625282367,0.191367973134527,453.320000000002
27,"binary","GLM",0.47359693712628,0.224294058855393,0.0139999999992142
27,"binary","GAM",0.446366413555356,0.199242975150271,69.9099999999999
27,"binary","cf_dglm",0.432271033377259,0.186858246297044,42.384
27,"binary","KFAS_K120",0.449610966244859,0.202150020967636,35.9509999999991
27,"binary","KFAS_K240",0.449563768146835,0.202107581630381,230.6
27,"binary","sdmTMB",0.431161870908783,0.185900558925562,632.301
28,"binary","GLM",0.482926018609948,0.233217539450456,0.0129999999990105
28,"binary","GAM",0.447184607248277,0.199974072959796,53.6830000000009
28,"binary","cf_dglm",0.431575508339678,0.186257419398651,41.9279999999999
28,"binary","KFAS_K120",0.44768963118119,0.20042600586715,34.4079999999994
28,"binary","KFAS_K240",0.447549999805794,0.200301002326166,230.471
28,"binary","sdmTMB",0.429757143643114,0.184691202512288,804.499
29,"binary","GLM",0.480591146460045,0.230967850055781,0.0159999999996217
29,"binary","GAM",0.442798791584445,0.196070769828645,54.9149999999991
29,"binary","cf_dglm",0.431612340161944,0.18628921218007,18.625
29,"binary","KFAS_K120",0.448992092538601,0.201593899162191,34.5570000000007
29,"binary","KFAS_K240",0.449156141823732,0.201741239737981,235.435
29,"binary","sdmTMB",0.431666758115694,0.186336190062113,433.829
30,"binary","GLM",0.485062784487445,0.235285904894714,0.0130000000008295
30,"binary","GAM",0.452637279531535,0.204880506821709,52.6679999999997
30,"binary","cf_dglm",0.439048047635203,0.192763188132284,50.8500000000004
30,"binary","KFAS_K120",0.452857871453209,0.205080251737131,34.8369999999995
30,"binary","KFAS_K240",0.452828465568277,0.20505361922892,233.134
30,"binary","sdmTMB",0.438240818082937,0.192055014634001,649.602999999999
31,"binary","GLM",0.483346418850066,0.233623760615184,0.0129999999990105
31,"binary","GAM",0.448491838614902,0.201144929304175,101.507
31,"binary","cf_dglm",0.435600449785715,0.189747751853517,37.9669999999987
31,"binary","KFAS_K120",0.45168417425673,0.204018593273984,37.1929999999993
31,"binary","KFAS_K240",0.451638617748515,0.203977441041789,231.038
31,"binary","sdmTMB",0.434887617749958,0.189127240072233,381.078000000001
32,"binary","GLM",0.47978545918772,0.230194086847972,0.0150000000012369
32,"binary","GAM",0.446384342752767,0.19925898145482,54.2720000000008
32,"binary","cf_dglm",0.432710067067334,0.187238002141417,44.1270000000004
32,"binary","KFAS_K120",0.450161276345269,0.202645174720801,30.0510000000013
32,"binary","KFAS_K240",0.450297066076287,0.202767447716912,232.778
32,"binary","sdmTMB",0.432315174888851,0.186896410439178,403.734
33,"binary","GLM",0.488710837445143,0.238838282636333,0.0149999999994179
33,"binary","GAM",0.453159007599784,0.205353086168822,83.0619999999999
33,"binary","cf_dglm",0.4403238778708,0.193885117423179,38.848
33,"binary","KFAS_K120",0.454096738938403,0.206203848314492,30.4040000000005
33,"binary","KFAS_K240",0.45389279364782,0.206018668125422,232.471
33,"binary","sdmTMB",0.438936179797214,0.192664969934972,473.517000000002
34,"binary","GLM",0.481996600078504,0.232320722487237,0.0190000000002328
34,"binary","GAM",0.451975454218523,0.20428181121604,73.5330000000013
34,"binary","cf_dglm",0.430065178568627,0.184956057817265,46.7479999999996
34,"binary","KFAS_K120",0.447746134073879,0.200476600578104,35.1100000000006
34,"binary","KFAS_K240",0.447789344369709,0.200515296931053,232.001
34,"binary","sdmTMB",0.429764411550147,0.184697449435044,719.546
35,"binary","GLM",0.480501226739114,0.230881428897793,0.0180000000000291
35,"binary","GAM",0.447056450068924,0.199859469548229,62.643
35,"binary","cf_dglm",0.43275871640841,0.187280106627455,22.4369999999999
35,"binary","KFAS_K120",0.448050008940045,0.200748810511174,34.777
35,"binary","KFAS_K240",0.448069014863096,0.200765842080385,231.893
35,"binary","sdmTMB",0.432033852407647,0.186653249626193,461.919
36,"binary","GLM",0.489725379478954,0.239830947305806,0.022000000000844
36,"binary","GAM",0.449484405217787,0.202036230533988,60.6829999999991
36,"binary","cf_dglm",0.440690713002168,0.194208304526359,54.3050000000003
36,"binary","KFAS_K120",0.454063663891163,0.206173810866267,35.2429999999986
36,"binary","KFAS_K240",0.454093037822654,0.206200486999006,231.519
36,"binary","sdmTMB",0.439299239660947,0.192983821966686,586.697
37,"binary","GLM",0.489161925263307,0.239279389127305,0.0169999999998254
37,"binary","GAM",0.450335310756507,0.20280189211416,63.0380000000005
37,"binary","cf_dglm",0.438032926582376,0.191872844770321,20.0570000000007
37,"binary","KFAS_K120",0.452923431139551,0.205139634475223,33.0370000000003
37,"binary","KFAS_K240",0.452979095127787,0.205190060622789,233.934000000001
37,"binary","sdmTMB",0.43767164059245,0.191556464978887,365.635
38,"binary","GLM",0.478994824412353,0.229436041813821,0.0140000000010332
38,"binary","GAM",0.454039410408225,0.206151786203849,55.3389999999999
38,"binary","cf_dglm",0.435165999978284,0.1893694475371,20.0959999999995
38,"binary","KFAS_K120",0.452298494878697,0.204573928469535,38.2150000000001
38,"binary","KFAS_K240",0.452509318742283,0.204764683548605,232.361999999999
38,"binary","sdmTMB",0.434198573601229,0.188528401317342,1004.291
39,"binary","GLM",0.487743290832987,0.237893517752592,0.0169999999998254
39,"binary","GAM",0.46346289518424,0.214797855212558,54.2439999999988
39,"binary","cf_dglm",0.439572346684329,0.193223847969568,38.021999999999
39,"binary","KFAS_K120",0.454092942687627,0.206200400598709,30.3249999999989
39,"binary","KFAS_K240",0.453969088974362,0.206087933744212,231.910000000002
39,"binary","sdmTMB",0.43867823169677,0.192438590964605,1021.797
40,"binary","GLM",0.48714368485719,0.237308969696241,0.0140000000010332
40,"binary","GAM",0.456534065245143,0.208423352729257,56.1129999999994
40,"binary","cf_dglm",0.445743184427068,0.198686986463183,23.594000000001
40,"binary","KFAS_K120",0.455780485228785,0.207735850715387,38.9710000000014
40,"binary","KFAS_K240",0.455711437066105,0.207672913872855,231.744000000001
40,"binary","sdmTMB",0.445139324675759,0.198149018372791,642.52
41,"binary","GLM",0.483979235771971,0.234235900658422,0.0150000000012369
41,"binary","GAM",0.449704567100939,0.202234197671443,69.8320000000003
41,"binary","cf_dglm",0.439616733339203,0.193262872231832,43.9440000000013
41,"binary","KFAS_K120",0.453354924137783,0.205530687239975,30.0290000000005
41,"binary","KFAS_K240",0.453360250681984,0.205535516898431,231.978000000001
41,"binary","sdmTMB",0.438024823580604,0.191865746072819,456.725
42,"binary","GLM",0.485182872190754,0.23540241946727,0.0140000000010332
42,"binary","GAM",0.456557431879053,0.208444688603996,59.9879999999994
42,"binary","cf_dglm",0.435630966125407,0.189774338647356,44.121000000001
42,"binary","KFAS_K120",0.449806969343807,0.202326309670261,37.8040000000001
42,"binary","KFAS_K240",0.449836472408179,0.202352851908634,231.125
42,"binary","sdmTMB",0.433493185726842,0.187916342071606,637.543
43,"binary","GLM",0.48516060137066,0.235380809122341,0.0130000000008295
43,"binary","GAM",0.447136381994047,0.199930944102726,52.905999999999
43,"binary","cf_dglm",0.43878823979651,0.192535119383719,38.1589999999997
43,"binary","KFAS_K120",0.453286645468686,0.205468782960254,30.2200000000012
43,"binary","KFAS_K240",0.453568986613185,0.205724825617312,234.478999999999
43,"binary","sdmTMB",0.438115430319833,0.191945130284332,671.106
44,"binary","GLM",0.483716709874098,0.233981855411423,0.0200000000004366
44,"binary","GAM",0.44875663675415,0.201382519030896,61.878999999999
44,"binary","cf_dglm",0.438321778322092,0.192125981351441,15.2060000000001
44,"binary","KFAS_K120",0.452205533602077,0.204489844620339,35.0519999999997
44,"binary","KFAS_K240",0.452174167782215,0.204461478009539,232.609
44,"binary","sdmTMB",0.436029748554835,0.190121941624793,413.450999999999
45,"binary","GLM",0.488177347135837,0.238317122256584,0.0149999999994179
45,"binary","GAM",0.446426234969549,0.199296383269087,96.4899999999998
45,"binary","cf_dglm",0.436960319288383,0.190934320632606,46.7390000000014
45,"binary","KFAS_K120",0.4523411061027,0.204612476270214,30.0470000000005
45,"binary","KFAS_K240",0.452343216880857,0.204614385858122,229.557000000001
45,"binary","sdmTMB",0.435573702661377,0.189724450450142,606.482
46,"binary","GLM",0.492230960875381,0.242291318844301,0.022000000000844
46,"binary","GAM",0.462770243350269,0.214156298130467,69.9300000000003
46,"binary","cf_dglm",0.44040570547992,0.193957185419266,33.0529999999999
46,"binary","KFAS_K120",0.455801500709844,0.207755008049346,29.9200000000001
46,"binary","KFAS_K240",0.4560041994727,0.207939829936738,231.187
46,"binary","sdmTMB",0.439104677629366,0.19281291791599,668.325000000001
47,"binary","GLM",0.484208891403443,0.234458250514151,0.0159999999996217
47,"binary","GAM",0.454371611000503,0.206453560883193,55.7150000000001
47,"binary","cf_dglm",0.441005015065269,0.194485423312718,52.9210000000003
47,"binary","KFAS_K120",0.452869794519597,0.205091050788222,34.902
47,"binary","KFAS_K240",0.452792887180068,0.205021398680862,231.402
47,"binary","sdmTMB",0.439623937251472,0.193269206204486,493.709000000001
48,"binary","GLM",0.485257095035044,0.235474448281849,0.0200000000004366
48,"binary","GAM",0.450769851454168,0.203193458980012,71.3249999999989
48,"binary","cf_dglm",0.442015622626849,0.195377810646201,40.5470000000005
48,"binary","KFAS_K120",0.453970063844299,0.206088818866797,38.0499999999993
48,"binary","KFAS_K240",0.453908061711757,0.206032528486924,231.536
48,"binary","sdmTMB",0.440193913719474,0.193770681675668,684.249
49,"binary","GLM",0.489738753983903,0.239844047153706,0.021999999999025
49,"binary","GAM",0.457701438043273,0.20949060638688,69.4250000000011
49,"binary","cf_dglm",0.438636067395801,0.192401599620454,38.2839999999997
49,"binary","KFAS_K120",0.455379597420252,0.207370577746631,30.223
49,"binary","KFAS_K240",0.4554010591609,0.20739012468487,231.811
49,"binary","sdmTMB",0.43927906823037,0.192966099785342,654.23
50,"binary","GLM",0.489033161859609,0.239153433398407,0.0210000000006403
50,"binary","GAM",0.452524875727131,0.204778763151855,63.9939999999988
50,"binary","cf_dglm",0.439136448632031,0.192840820517152,38.4489999999987
50,"binary","KFAS_K120",0.455874704343998,0.207821746060727,34.6440000000002
50,"binary","KFAS_K240",0.455791948287538,0.20774630012375,232.011
50,"binary","sdmTMB",0.439065704718799,0.192778693060215,477.736000000001
51,"binary","GLM",0.485729297418295,0.23593295037047,0.0170000000016444
51,"binary","GAM",0.455330321662901,0.207325701825641,83.8940000000002
51,"binary","cf_dglm",0.439674842878299,0.193313967460057,49.6229999999996
51,"binary","KFAS_K120",0.453222095369575,0.205410267731188,34.6550000000007
51,"binary","KFAS_K240",0.453332972848395,0.205510784271564,231.726000000001
51,"binary","sdmTMB",0.438345756426066,0.19214700217674,817.792
52,"binary","GLM",0.480208099060816,0.230599818403602,0.0140000000010332
52,"binary","GAM",0.447382346373293,0.200150963846473,82.2160000000003
52,"binary","cf_dglm",0.438849506286114,0.192588889167566,15.405999999999
52,"binary","KFAS_K120",0.452583308088915,0.204831650760706,35.1769999999997
52,"binary","KFAS_K240",0.45250545949152,0.204761190869631,231.332
52,"binary","sdmTMB",0.437291873511129,0.191224182638873,445.594000000001
53,"binary","GLM",0.488503370348997,0.238635542842329,0.0159999999996217
53,"binary","GAM",0.459625275763568,0.211255394120736,52.9439999999995
53,"binary","cf_dglm",0.438061500263026,0.191897878012693,14.8140000000003
53,"binary","KFAS_K120",0.453191775059288,0.205382784981388,30.2510000000002
53,"binary","KFAS_K240",0.453280433359132,0.205463151266242,230.994999999999
53,"binary","sdmTMB",0.436952660583015,0.190927627590575,446.830000000002
54,"binary","GLM",0.484069265622989,0.23432305392078,0.0169999999998254
54,"binary","GAM",0.46049493757034,0.212055587527911,53.5709999999999
54,"binary","cf_dglm",0.437703574578873,0.191584419199123,44.6219999999994
54,"binary","KFAS_K120",0.451926544927396,0.204237602010014,29.9530000000013
54,"binary","KFAS_K240",0.451919993786546,0.204231680784032,231.236000000001
54,"binary","sdmTMB",0.437176048823036,0.191122897664521,476.987999999999
55,"binary","GLM",0.484519410644274,0.234759059291074,0.0169999999998254
55,"binary","GAM",0.44863782111208,0.201275894532195,54.2450000000008
55,"binary","cf_dglm",0.432520795953975,0.18707423893266,43.9680000000008
55,"binary","KFAS_K120",0.449998190464201,0.202498371421055,39.1460000000006
55,"binary","KFAS_K240",0.45004895834597,0.202544064908293,232.218000000001
55,"binary","sdmTMB",0.432136176213948,0.186741674792813,446.344000000001
56,"binary","GLM",0.475995955792205,0.226572149930535,0.0159999999996217
56,"binary","GAM",0.444976331585478,0.198003935671269,52.8900000000012
56,"binary","cf_dglm",0.424117611170087,0.179875748104621,49.6010000000006
56,"binary","KFAS_K120",0.445458687732921,0.198433442476736,38.1700000000001
56,"binary","KFAS_K240",0.445474676562041,0.198447687458055,234.141
56,"binary","sdmTMB",0.423903389741989,0.179694083834748,696.885
57,"binary","GLM",0.486751033422593,0.236926568537962,0.0139999999992142
57,"binary","GAM",0.456941141227317,0.208795206546123,67.0439999999999
57,"binary","cf_dglm",0.441618346259282,0.195026763752783,39.1820000000007
57,"binary","KFAS_K120",0.454912580959953,0.206945456315646,30.235999999999
57,"binary","KFAS_K240",0.454885834916556,0.206921122807733,234.061000000002
57,"binary","sdmTMB",0.439745344926155,0.193375968384223,452.173000000001
58,"binary","GLM",0.482909234354039,0.233201328624404,0.0150000000012369
58,"binary","GAM",0.4514931161457,0.203846033926954,60.9570000000003
58,"binary","cf_dglm",0.441498859087519,0.194921242575581,44.1849999999995
58,"binary","KFAS_K120",0.453918524308072,0.206042026710018,37.7420000000002
58,"binary","KFAS_K240",0.453803510520969,0.205937626161156,229.251
58,"binary","sdmTMB",0.44144472404663,0.194873444388605,682.27
59,"binary","GLM",0.485611101536464,0.235818141935458,0.0129999999990105
59,"binary","GAM",0.453747866141139,0.205887126027637,60.3360000000011
59,"binary","cf_dglm",0.437491921439842,0.191399181325125,52.4789999999994
59,"binary","KFAS_K120",0.451334582240799,0.203702905126476,34.9439999999995
59,"binary","KFAS_K240",0.451507132955227,0.203858691109449,234.741999999998
59,"binary","sdmTMB",0.435966932881789,0.190067166566355,476.188
60,"binary","GLM",0.481149980362389,0.231505303602727,0.0160000000014406
60,"binary","GAM",0.446797388455401,0.199627906330566,64.4170000000013
60,"binary","cf_dglm",0.431834805892424,0.186481299580147,46.4920000000002
60,"binary","KFAS_K120",0.449520300721358,0.20206850076062,34.6110000000008
60,"binary","KFAS_K240",0.449507477141764,0.202056972006353,235.115
60,"binary","sdmTMB",0.430326554850048,0.185180943809112,688.764999999999
61,"binary","GLM",0.475678883807454,0.226270400500305,0.0139999999992142
61,"binary","GAM",0.441853718397427,0.195234708461633,71.262999999999
61,"binary","cf_dglm",0.426920031883089,0.182260713623057,45.4709999999995
61,"binary","KFAS_K120",0.446406652587153,0.199278899474067,38.0130000000008
61,"binary","KFAS_K240",0.446502010989829,0.199364045817961,233.311
61,"binary","sdmTMB",0.426518753618139,0.18191824718797,1255.261
62,"binary","GLM",0.485167053694477,0.235387069990579,0.0140000000010332
62,"binary","GAM",0.449886651341841,0.202397999055575,87.0410000000011
62,"binary","cf_dglm",0.438352936144434,0.192153296626447,16.2620000000006
62,"binary","KFAS_K120",0.453165772518413,0.20535921738221,30.1920000000009
62,"binary","KFAS_K240",0.453212039119471,0.205401152402829,234.329
62,"binary","sdmTMB",0.437203274681431,0.191146703392167,693.200999999999
63,"binary","GLM",0.486435526850628,0.236619521782448,0.0129999999990105
63,"binary","GAM",0.446066007557641,0.198974883098414,64.8680000000004
63,"binary","cf_dglm",0.434342955470287,0.188653802966664,20.0810000000001
63,"binary","KFAS_K120",0.450684014121902,0.203116080585031,33.4519999999993
63,"binary","KFAS_K240",0.45075974482029,0.203184347550453,234.403999999999
63,"binary","sdmTMB",0.433532353135699,0.187950301215377,777.234
64,"binary","GLM",0.485773403718456,0.235975799760214,0.021999999999025
64,"binary","GAM",0.446977262672575,0.199788673346268,63.0370000000003
64,"binary","cf_dglm",0.434772084325478,0.18902676530872,45.8770000000004
64,"binary","KFAS_K120",0.450947980877848,0.203354081457808,33.1310000000012
64,"binary","KFAS_K240",0.450962456650861,0.203367137308579,232.103000000001
64,"binary","sdmTMB",0.434786974449402,0.189039713150865,723.467
65,"binary","GLM",0.486153810143995,0.236345527117524,0.0149999999994179
65,"binary","GAM",0.45468290476198,0.206736543882792,62.7099999999991
65,"binary","cf_dglm",0.438970265108995,0.192694893649861,45.6209999999992
65,"binary","KFAS_K120",0.45341510094096,0.205585253761301,30.2189999999991
65,"binary","KFAS_K240",0.453272844239855,0.205456271325288,232.637000000001
65,"binary","sdmTMB",0.438153646852965,0.191978618250553,1225.098
66,"binary","GLM",0.4805302804166,0.230909350397256,0.0190000000002328
66,"binary","GAM",0.445011536131872,0.198035267290449,98.7260000000006
66,"binary","cf_dglm",0.432852311038915,0.187361123171729,38.5480000000007
66,"binary","KFAS_K120",0.450776465516539,0.203199421863584,30.0510000000013
66,"binary","KFAS_K240",0.45088922945008,0.203301097234087,231.961000000001
66,"binary","sdmTMB",0.432302314381032,0.186885291019197,964.573
67,"binary","GLM",0.486711653179995,0.236888233341204,0.0190000000002328
67,"binary","GAM",0.461557576663306,0.213035396575303,73.1190000000006
67,"binary","cf_dglm",0.441851459698584,0.195232712437769,35.4219999999987
67,"binary","KFAS_K120",0.454814439844788,0.206856174691328,35.2169999999987
67,"binary","KFAS_K240",0.454727115429804,0.20677674950711,232.039999999999
67,"binary","sdmTMB",0.440895061165981,0.194388454960554,492.413
68,"binary","GLM",0.487435238480433,0.237593111712476,0.0229999999992287
68,"binary","GAM",0.449322510089145,0.201890718072809,69.5489999999991
68,"binary","cf_dglm",0.434414065426402,0.188715580240294,41.2669999999998
68,"binary","KFAS_K120",0.451330100840834,0.203698859924997,30.1819999999989
68,"binary","KFAS_K240",0.451386117986231,0.203749427510679,231.365
68,"binary","sdmTMB",0.433643404747747,0.188046602481218,1340.885
69,"binary","GLM",0.482387279928164,0.232697487836493,0.0230000000010477
69,"binary","GAM",0.450533895108189,0.202980790641357,63.7299999999996
69,"binary","cf_dglm",0.433205884627516,0.187667338475908,39.5550000000003
69,"binary","KFAS_K120",0.449244181387408,0.201820334510443,40.1259999999984
69,"binary","KFAS_K240",0.449373149331442,0.201936227340058,231.529999999999
69,"binary","sdmTMB",0.431248393197432,0.185975176635367,689.849
70,"binary","GLM",0.481537247021238,0.231878120268793,0.0159999999996217
70,"binary","GAM",0.457656467034387,0.209449441818397,78.637999999999
70,"binary","cf_dglm",0.44223483548677,0.19557164971801,26.5429999999997
70,"binary","KFAS_K120",0.454210422569401,0.206307107970674,37.2540000000008
70,"binary","KFAS_K240",0.454473137257061,0.206545832488276,230.794
70,"binary","sdmTMB",0.441721905343555,0.195118241660341,903.896999999999
71,"binary","GLM",0.47344630037158,0.224151399335537,0.0169999999998254
71,"binary","GAM",0.439181737124115,0.192880598223355,62.5699999999997
71,"binary","cf_dglm",0.427184767755456,0.182486825802283,52.0330000000013
71,"binary","KFAS_K120",0.445602003452852,0.198561145481195,34.7120000000014
71,"binary","KFAS_K240",0.445686332926854,0.198636307357787,231.358
71,"binary","sdmTMB",0.426904756508513,0.182247671129593,557.757
72,"binary","GLM",0.479804230305026,0.230212099418599,0.0149999999994179
72,"binary","GAM",0.443661963115504,0.196835937515503,71.6970000000001
72,"binary","cf_dglm",0.430881900352434,0.185659212051325,44.7919999999995
72,"binary","KFAS_K120",0.447858426925476,0.200577170568162,38.8140000000003
72,"binary","KFAS_K240",0.447865761811041,0.200583740602584,231.497000000001
72,"binary","sdmTMB",0.430644778823462,0.185454925527909,759.574
73,"binary","GLM",0.488608414671594,0.238738182887888,0.0170000000016444
73,"binary","GAM",0.454226517532257,0.206321729229481,84.969000000001
73,"binary","cf_dglm",0.443143324076291,0.196376005673384,19.7690000000002
73,"binary","KFAS_K120",0.455823170808744,0.207774763046137,35.5600000000013
73,"binary","KFAS_K240",0.455897531491766,0.207842559220286,236.538
73,"binary","sdmTMB",0.441932697915796,0.195304509487134,540.540999999999
74,"binary","GLM",0.478231825542699,0.228705678961902,0.0149999999994179
74,"binary","GAM",0.45461803250105,0.206677555475126,104.294
74,"binary","cf_dglm",0.437026614489294,0.190992261771974,19.098
74,"binary","KFAS_K120",0.450725674449423,0.203153633607887,30.1669999999995
74,"binary","KFAS_K240",0.450530133844944,0.202977401502343,231.829000000002
74,"binary","sdmTMB",0.436260380236805,0.190323119364361,691.971
75,"binary","GLM",0.487341840793042,0.237502069787551,0.0159999999996217
75,"binary","GAM",0.460552819162328,0.212108899238368,75.3150000000005
75,"binary","cf_dglm",0.444646039942358,0.197710100836421,43.3060000000005
75,"binary","KFAS_K120",0.458354488692657,0.210088837304707,34.5030000000006
75,"binary","KFAS_K240",0.458513682587822,0.210234797120246,233.022000000001
75,"binary","sdmTMB",0.443875317832123,0.197025297780568,672.126
76,"binary","GLM",0.487321396564107,0.237482143549192,0.0159999999996217
76,"binary","GAM",0.449377664497034,0.201940285348809,54.732
76,"binary","cf_dglm",0.435860262940769,0.189974168810796,38.1949999999997
76,"binary","KFAS_K120",0.452846778841184,0.205070205106836,34.5419999999995
76,"binary","KFAS_K240",0.453057340752672,0.205260954009882,231.647999999999
76,"binary","sdmTMB",0.435639542682369,0.189781811148504,550.439
77,"binary","GLM",0.484576746323254,0.234814623077232,0.0140000000010332
77,"binary","GAM",0.448846767395564,0.201463420601448,61.8460000000014
77,"binary","cf_dglm",0.438675236515564,0.192435963131986,46.880000000001
77,"binary","KFAS_K120",0.454192804224046,0.206291103408902,29.9670000000006
77,"binary","KFAS_K240",0.454324491704511,0.206410743762562,231.719999999999
77,"binary","sdmTMB",0.438627744210533,0.19239429799122,550.544
78,"binary","GLM",0.472873908368729,0.223609733215917,0.0180000000000291
78,"binary","GAM",0.443396422772743,0.196600387727665,61.3829999999998
78,"binary","cf_dglm",0.428658114733722,0.183747779327068,42.3819999999996
78,"binary","KFAS_K120",0.445719958405982,0.198666281321431,34.7290000000012
78,"binary","KFAS_K240",0.445907248042497,0.198833273856833,234.282999999999
78,"binary","sdmTMB",0.427136589675577,0.182445666239683,572.913
79,"binary","GLM",0.48315834943094,0.233441990624831,0.0149999999994179
79,"binary","GAM",0.456172227073497,0.208093100753194,67.387999999999
79,"binary","cf_dglm",0.438331561412085,0.192134557729956,18.8099999999995
79,"binary","KFAS_K120",0.453816026291639,0.205948985719134,29.9200000000001
79,"binary","KFAS_K240",0.453853961244564,0.205983418137382,232.864
79,"binary","sdmTMB",0.437596637430676,0.191490817090635,636.73
80,"binary","GLM",0.475488614794346,0.226089422799046,0.0139999999992142
80,"binary","GAM",0.447943984841445,0.200653813555633,62.0720000000001
80,"binary","cf_dglm",0.428330668492881,0.183467161571558,15.5209999999988
80,"binary","KFAS_K120",0.446585263409826,0.199438397494823,34.4249999999993
80,"binary","KFAS_K240",0.446602246523082,0.199453566599464,235.565
80,"binary","sdmTMB",0.428178436262934,0.183336773280572,458.68
81,"binary","GLM",0.484261747850837,0.234509440431548,0.0159999999996217
81,"binary","GAM",0.458192561970872,0.209940423845431,64.9140000000007
81,"binary","cf_dglm",0.441439397772993,0.194868741906183,49.7610000000004
81,"binary","KFAS_K120",0.454578603422068,0.206641706689158,30.5029999999988
81,"binary","KFAS_K240",0.45471074535927,0.206761861945183,237.545
81,"binary","sdmTMB",0.44135655338563,0.194795607216442,417.314
82,"binary","GLM",0.49006945936053,0.240168074997923,0.0149999999994179
82,"binary","GAM",0.457360176722466,0.209178331251605,94.2649999999994
82,"binary","cf_dglm",0.440565933992912,0.194098342195047,65.1049999999996
82,"binary","KFAS_K120",0.455938875906039,0.207880258562463,30.6440000000002
82,"binary","KFAS_K240",0.455931079429104,0.207873149189388,240.718000000001
82,"binary","sdmTMB",0.438531184667928,0.192309599926257,690.255999999999
83,"binary","GLM",0.484581759948518,0.234819482074803,0.0129999999990105
83,"binary","GAM",0.460089529524259,0.211682375177854,84.9480000000003
83,"binary","cf_dglm",0.435271874672193,0.189461604880645,47.4200000000001
83,"binary","KFAS_K120",0.451592376760533,0.203935674748227,30.4459999999999
83,"binary","KFAS_K240",0.451817560871596,0.204139108311958,232.517
83,"binary","sdmTMB",0.433195686426066,0.18765850273815,430.398999999999
84,"binary","GLM",0.482680527076508,0.232980491218855,0.0239999999994325
84,"binary","GAM",0.445324192897868,0.198313636780138,90.7060000000001
84,"binary","cf_dglm",0.433092781629348,0.187569357499446,39.0489999999991
84,"binary","KFAS_K120",0.44940851003956,0.201968008895978,30.1190000000006
84,"binary","KFAS_K240",0.44931783854892,0.201886520038274,236.541999999999
84,"binary","sdmTMB",0.431598761122759,0.186277490602701,720.954
85,"binary","GLM",0.479632523372766,0.230047357476927,0.0180000000000291
85,"binary","GAM",0.452124147548043,0.204416244796044,68.2849999999999
85,"binary","cf_dglm",0.433052762411469,0.187534695032204,47.8729999999996
85,"binary","KFAS_K120",0.450029421218792,0.202526479962521,35.0729999999985
85,"binary","KFAS_K240",0.449961220461049,0.202465099918797,235.303
85,"binary","sdmTMB",0.432483641989852,0.187042100588806,707.335000000001
86,"binary","GLM",0.492654452469107,0.242708409537635,0.021999999999025
86,"binary","GAM",0.464609357608885,0.215861855177741,79.7890000000007
86,"binary","cf_dglm",0.441432515106946,0.194862665393644,18.1370000000006
86,"binary","KFAS_K120",0.456942946573876,0.208796856423616,30.1660000000011
86,"binary","KFAS_K240",0.456977272722878,0.20882822778524,233.825000000001
86,"binary","sdmTMB",0.441865366368395,0.195245001995876,572.275
87,"binary","GLM",0.488874802322009,0.238998572345384,0.0229999999992287
87,"binary","GAM",0.453263955359186,0.205448213227854,74.7600000000002
87,"binary","cf_dglm",0.439085738001041,0.192796285315918,48.0749999999989
87,"binary","KFAS_K120",0.455103027460886,0.207118765604064,30.2899999999991
87,"binary","KFAS_K240",0.45497401347706,0.207001352939424,235.051000000001
87,"binary","sdmTMB",0.438967713835637,0.192692653790086,446.598
88,"binary","GLM",0.480002683390278,0.230402576061867,0.0169999999998254
88,"binary","GAM",0.453266362670256,0.205450395528324,72.2349999999988
88,"binary","cf_dglm",0.428324413602982,0.183461803288339,38.1319999999996
88,"binary","KFAS_K120",0.446171253341562,0.19906878730838,35.1740000000009
88,"binary","KFAS_K240",0.446185786309822,0.199081755904914,235.589
88,"binary","sdmTMB",0.427886944574211,0.183087237337054,499.279
89,"binary","GLM",0.481254819381026,0.231606201177464,0.022000000000844
89,"binary","GAM",0.449279815894086,0.201852352969824,80.4220000000005
89,"binary","cf_dglm",0.43318017357766,0.187645062780772,21.1879999999983
89,"binary","KFAS_K120",0.450314828221765,0.202783444516397,30.3950000000004
89,"binary","KFAS_K240",0.450390251327238,0.202851378490612,231.06
89,"binary","sdmTMB",0.432161504525491,0.186763565993736,412.010999999999
90,"binary","GLM",0.475740594231464,0.226329112999707,0.0130000000008295
90,"binary","GAM",0.445782031367936,0.198721619490523,66.277
90,"binary","cf_dglm",0.432985745061805,0.187476655426726,48.3369999999995
90,"binary","KFAS_K120",0.449356361948365,0.20192114002347,34.7790000000005
90,"binary","KFAS_K240",0.449264336161641,0.20183844374676,231.817000000001
90,"binary","sdmTMB",0.432101928572499,0.186712076676073,697.463000000002
91,"binary","GLM",0.485652390148314,0.23585824405677,0.0210000000006403
91,"binary","GAM",0.450016033840374,0.202514430713421,56.6000000000004
91,"binary","cf_dglm",0.439797319629528,0.193421682353317,48.0149999999994
91,"binary","KFAS_K120",0.453359760399273,0.205535072349286,40.2780000000002
91,"binary","KFAS_K240",0.453469671458742,0.205634742932899,231.377
91,"binary","sdmTMB",0.438324375092671,0.192128257800381,620.35
92,"binary","GLM",0.481827222260533,0.232157472111301,0.0129999999990105
92,"binary","GAM",0.451732829333637,0.204062549097772,89.1839999999993
92,"binary","cf_dglm",0.437444968469483,0.191358100439267,48.8559999999998
92,"binary","KFAS_K120",0.450948632206118,0.203354668888569,34.6000000000004
92,"binary","KFAS_K240",0.45108239159233,0.203475324004656,230.822
92,"binary","sdmTMB",0.435805770015413,0.189926669178727,460.191999999999
93,"binary","GLM",0.485400069399309,0.235613227372854,0.0200000000004366
93,"binary","GAM",0.457354876085393,0.209173482679085,69.7700000000004
93,"binary","cf_dglm",0.435952081133469,0.190054217044603,51.5920000000006
93,"binary","KFAS_K120",0.452750737165277,0.204983230003702,29.9260000000013
93,"binary","KFAS_K240",0.452757666694443,0.204989504750597,231.414000000001
93,"binary","sdmTMB",0.434325502291261,0.188638641940556,401.462
94,"binary","GLM",0.482022029177126,0.232345236612034,0.0140000000010332
94,"binary","GAM",0.443307216711959,0.196521288388903,61.7819999999992
94,"binary","cf_dglm",0.432746090375078,0.187269178734915,44.3289999999997
94,"binary","KFAS_K120",0.450360223846328,0.202824331222914,33.634
94,"binary","KFAS_K240",0.450337890430255,0.202804215557172,232.74
94,"binary","sdmTMB",0.431492375352862,0.186185669987655,510.422
95,"binary","GLM",0.484791629881103,0.235022924402777,0.0210000000006403
95,"binary","GAM",0.452532693233282,0.204785838444967,87.4670000000006
95,"binary","cf_dglm",0.439075306685684,0.192787124941128,47.9030000000002
95,"binary","KFAS_K120",0.454218476999516,0.20631442484776,30.0210000000006
95,"binary","KFAS_K240",0.454286465337137,0.20637619258851,224.41
95,"binary","sdmTMB",0.43795766283085,0.191806914432261,438.276
96,"binary","GLM",0.480612126862653,0.230988016487443,0.022000000000844
96,"binary","GAM",0.44329126268206,0.196507143570255,55.0020000000004
96,"binary","cf_dglm",0.433430619660907,0.187862102059638,45.0020000000004
96,"binary","KFAS_K120",0.450538881317554,0.202985283578873,34.6540000000005
96,"binary","KFAS_K240",0.450505408786913,0.202955123346263,230.229000000001
96,"binary","sdmTMB",0.431855618918643,0.186499275591604,572.552
97,"binary","GLM",0.484651674549048,0.234887245643196,0.0150000000012369
97,"binary","GAM",0.453695073515509,0.205839219732243,54.3050000000003
97,"binary","cf_dglm",0.436106605438962,0.190188971307495,54.9759999999987
97,"binary","KFAS_K120",0.453132647683814,0.205329196396944,34.2459999999992
97,"binary","KFAS_K240",0.453077088909436,0.205278848494649,230.283000000001
97,"binary","sdmTMB",0.434950420753304,0.189181868513476,618.838
98,"binary","GLM",0.475301202482747,0.225911233081545,0.0180000000000291
98,"binary","GAM",0.450753428277952,0.203178653104327,78.1530000000002
98,"binary","cf_dglm",0.432045906020522,0.186663664909094,50.1859999999997
98,"binary","KFAS_K120",0.449191143512501,0.201772683410069,29.8379999999997
98,"binary","KFAS_K240",0.44919538636857,0.201776495134809,230.448999999999
98,"binary","sdmTMB",0.430875634944975,0.185653812789236,381.316999999999
99,"binary","GLM",0.486315778964359,0.236503036869711,0.0139999999992142
99,"binary","GAM",0.462972815474395,0.214343827868288,61.585000000001
99,"binary","cf_dglm",0.445210691973592,0.198212560247605,32.621000000001
99,"binary","KFAS_K120",0.456441946555327,0.208339250575216,35.4169999999995
99,"binary","KFAS_K240",0.456473412453883,0.208367976277293,230.311
99,"binary","sdmTMB",0.4428917145168,0.196153070787631,432.955
100,"binary","GLM",0.488570376642202,0.238701012932303,0.0159999999996217
100,"binary","GAM",0.455691204855287,0.207654474182463,60.3400000000001
100,"binary","cf_dglm",0.437276784306199,0.19121098609317,51.2790000000005
100,"binary","KFAS_K120",0.453067318084451,0.205269994716237,30.0949999999993
100,"binary","KFAS_K240",0.453169264882959,0.205362382634561,230.404
100,"binary","sdmTMB",0.436096705921341,0.190180336915445,377.802
