"seed","family","method","rmse","crps","time"
1,"gaussian","GLM",1.58702260440817,0.894915153693295,0.01
1,"gaussian","GAM",0.99399298149927,0.560315080107683,45.047
1,"gaussian","cf_dglm",0.603394430184833,0.354996752069742,0.984999999999999
1,"gaussian","KFAS_K120",0.609493664222034,0.347417572086488,27.537
1,"gaussian","KFAS_K240",0.616004407134527,0.352389405880433,265.939
1,"gaussian","sdmTMB",0.605014577629462,0.346937430403798,82.832
2,"gaussian","GLM",1.49314580259226,0.846004156362917,0.01
2,"gaussian","GAM",1.03898656765465,0.584420341951312,44.567
2,"gaussian","cf_dglm",0.605234949744759,0.364443334308344,1.015
2,"gaussian","KFAS_K120",0.610593836858024,0.348315332985379,27.612
2,"gaussian","KFAS_K240",0.619736651574598,0.355961149886843,237.787
2,"gaussian","sdmTMB",0.607727008187541,0.347849205532995,99.951
3,"gaussian","GLM",1.44985635414547,0.818676554871736,0.011
3,"gaussian","GAM",1.01663264780797,0.57275073301821,44.905
3,"gaussian","cf_dglm",0.608437220782385,0.357575756926371,0.978999999999999
3,"gaussian","KFAS_K120",0.611932288447877,0.34925881689235,27.6
3,"gaussian","KFAS_K240",0.617617615311446,0.354620272731374,258.008
3,"gaussian","sdmTMB",0.61141121240033,0.350852604292808,119.372
4,"gaussian","GLM",1.4904394007991,0.84167662328491,0.01
4,"gaussian","GAM",1.02026506009182,0.574353946866121,39.429
4,"gaussian","cf_dglm",0.612072925083606,0.364608747420697,1.102
4,"gaussian","KFAS_K120",0.632668610394796,0.36086868966699,27.486
4,"gaussian","KFAS_K240",0.6410098462927,0.367909827929448,245.051
4,"gaussian","sdmTMB",0.615295772804956,0.35372324127963,108.438
5,"gaussian","GLM",1.54052762919643,0.872286640577715,0.01
5,"gaussian","GAM",1.01180094838625,0.571792994181336,39.736
5,"gaussian","cf_dglm",0.599355916870493,0.352918099165703,0.998999999999995
5,"gaussian","KFAS_K120",0.612444662556062,0.349572992249827,27.628
5,"gaussian","KFAS_K240",0.625724193827788,0.358428189035348,244.833
5,"gaussian","sdmTMB",0.60768769091852,0.348862503327014,103.385
6,"gaussian","GLM",1.64511666415858,0.927732674396896,0.01
6,"gaussian","GAM",0.987455289933732,0.556521417843965,45.771
6,"gaussian","cf_dglm",0.606225544814262,0.357096247664388,0.983000000000004
6,"gaussian","KFAS_K120",0.615328063456222,0.350749736737089,28.132
6,"gaussian","KFAS_K240",0.622678421171544,0.356426734789773,256.496
6,"gaussian","sdmTMB",0.617323432273003,0.353917581209033,96.738
7,"gaussian","GLM",1.43485648522064,0.803604380999062,0.01
7,"gaussian","GAM",1.01622421341037,0.571309716253697,46.019
7,"gaussian","cf_dglm",0.611927065103991,0.359532945542919,0.978999999999999
7,"gaussian","KFAS_K120",0.62162656578335,0.353351141263218,27.597
7,"gaussian","KFAS_K240",0.632985804118473,0.36111567984648,257.164
7,"gaussian","sdmTMB",0.611983541341408,0.349795366839493,91.282
8,"gaussian","GLM",1.42487942550555,0.805591671292233,0.011
8,"gaussian","GAM",1.05909967505273,0.599504791315893,46.187
8,"gaussian","cf_dglm",0.595401245913943,0.352252240192333,0.972000000000001
8,"gaussian","KFAS_K120",0.608265216105551,0.34800258448297,27.66
8,"gaussian","KFAS_K240",0.616613061413864,0.354597072884548,258.081
8,"gaussian","sdmTMB",0.603707852889596,0.347214587510605,98.89
9,"gaussian","GLM",1.54865780861117,0.872864339139292,0.011
9,"gaussian","GAM",1.00537214903556,0.567705511553089,45.62
9,"gaussian","cf_dglm",0.616114404140311,0.362129067816869,0.943000000000005
9,"gaussian","KFAS_K120",0.628956323631486,0.358633313953391,28.062
9,"gaussian","KFAS_K240",0.638690119065285,0.365909113824285,255.124
9,"gaussian","sdmTMB",0.620071652061317,0.356204275653352,110.341
10,"gaussian","GLM",1.49710233391335,0.84341099205098,0.012
10,"gaussian","GAM",1.03654909393145,0.58500672657711,40.117
10,"gaussian","cf_dglm",0.610976823174195,0.36310889109212,3.982
10,"gaussian","KFAS_K120",0.623507067378752,0.35649742886937,27.652
10,"gaussian","KFAS_K240",0.634152719710242,0.364609749428949,255.268
10,"gaussian","sdmTMB",0.619679047688427,0.358540424108746,119.447
11,"gaussian","GLM",1.46239414122438,0.823703987250978,0.012
11,"gaussian","GAM",1.00224979172805,0.564580098297695,40.204
11,"gaussian","cf_dglm",0.609586457858515,0.354960154559997,0.977000000000004
11,"gaussian","KFAS_K120",0.614625112648464,0.350002114553488,27.631
11,"gaussian","KFAS_K240",0.620729076553257,0.35500451158902,237.718
11,"gaussian","sdmTMB",0.608966180202194,0.348026960756918,111.475
12,"gaussian","GLM",1.46147988256226,0.826293112436618,0.011
12,"gaussian","GAM",1.02934622598516,0.580790886486502,46.259
12,"gaussian","cf_dglm",0.602949341949298,0.356058061109319,0.968999999999994
12,"gaussian","KFAS_K120",0.615123453647366,0.350315623465053,27.625
12,"gaussian","KFAS_K240",0.624155804127244,0.357125308568717,236.944
12,"gaussian","sdmTMB",0.610804725975211,0.349811657138384,98.373
13,"gaussian","GLM",1.46114516302544,0.828221626475718,0.01
13,"gaussian","GAM",1.01092119530543,0.572403575171825,45.882
13,"gaussian","cf_dglm",0.601974861257976,0.355471852018838,0.973999999999997
13,"gaussian","KFAS_K120",0.615103199247947,0.352016474403243,27.82
13,"gaussian","KFAS_K240",0.625655838567352,0.360049174836961,258.002
13,"gaussian","sdmTMB",0.606471269581208,0.349234671673438,101.475
14,"gaussian","GLM",1.45406904771865,0.819823973404977,0.01
14,"gaussian","GAM",0.948011094637787,0.535556224983329,45.912
14,"gaussian","cf_dglm",0.600830260763786,0.356253045567666,1.068
14,"gaussian","KFAS_K120",0.610065032335891,0.348796893513343,27.532
14,"gaussian","KFAS_K240",0.614695077985851,0.353373358554624,239.211
14,"gaussian","sdmTMB",0.60806224139001,0.349521016709681,106.875
15,"gaussian","GLM",1.44791144978369,0.820823038511852,0.01
15,"gaussian","GAM",0.986232149832413,0.556228634826077,40.19
15,"gaussian","cf_dglm",0.601403836497743,0.355845410328891,1.045
15,"gaussian","KFAS_K120",0.622084457416537,0.353684332645339,27.591
15,"gaussian","KFAS_K240",0.631795691971322,0.360597387569396,245.092
15,"gaussian","sdmTMB",0.607953608735038,0.348223982874207,111.923
16,"gaussian","GLM",1.47430457402656,0.834285099363975,0.00900000000000001
16,"gaussian","GAM",0.98114842927782,0.552999846897851,40.43
16,"gaussian","cf_dglm",0.611368933754758,0.359561614880656,1.057
16,"gaussian","KFAS_K120",0.62227138780985,0.354757691934293,27.458
16,"gaussian","KFAS_K240",0.628399876523309,0.359483281864069,224.661
16,"gaussian","sdmTMB",0.621395545377064,0.3572788474517,116.459
17,"gaussian","GLM",1.51333267069962,0.850467189439698,0.01
17,"gaussian","GAM",1.03439247898474,0.580343859253767,39.581
17,"gaussian","cf_dglm",0.627839595708732,0.374525773250933,1.004
17,"gaussian","KFAS_K120",0.63728260739548,0.365313829222804,27.756
17,"gaussian","KFAS_K240",0.647571528761452,0.372880696908325,244.284
17,"gaussian","sdmTMB",0.629556032747277,0.364080316132234,114.551
18,"gaussian","GLM",1.47628118093399,0.828324347368916,0.011
18,"gaussian","GAM",1.04567889468414,0.590680472137219,45.356
18,"gaussian","cf_dglm",0.615184312137389,0.36494772569242,1.02500000000001
18,"gaussian","KFAS_K120",0.622845757463129,0.35591525771521,27.635
18,"gaussian","KFAS_K240",0.632557328507825,0.362978907170853,259.604
18,"gaussian","sdmTMB",0.614175172749047,0.352794370399059,107.836
19,"gaussian","GLM",1.37003787253786,0.777002690761654,0.011
19,"gaussian","GAM",0.997241873529973,0.563352026319384,40.231
19,"gaussian","cf_dglm",0.597380841351614,0.352267178859503,1.001
19,"gaussian","KFAS_K120",0.602335678629312,0.342729931845127,27.615
19,"gaussian","KFAS_K240",0.609711988982457,0.348833084217515,244.872
19,"gaussian","sdmTMB",0.603451798534538,0.345329161415711,90.904
20,"gaussian","GLM",1.44937434074786,0.814401249465375,0.011
20,"gaussian","GAM",1.00573790493351,0.565935686640475,40.413
20,"gaussian","cf_dglm",0.601429219388703,0.35490344034283,0.999000000000002
20,"gaussian","KFAS_K120",0.610911211180239,0.347708170348017,27.942
20,"gaussian","KFAS_K240",0.620196681171068,0.35468419028062,237.082
20,"gaussian","sdmTMB",0.599317775927472,0.34268280783663,126.267
21,"gaussian","GLM",1.50490483568799,0.847609001941967,0.0080000000000382
21,"gaussian","GAM",0.999746517190789,0.563481464766774,37.86
21,"gaussian","cf_dglm",0.593740862635811,0.349992283425613,1.10899999999998
21,"gaussian","KFAS_K120",0.611278643919359,0.347446988958757,27.633
21,"gaussian","KFAS_K240",0.624684516307137,0.355783085899477,258.821
21,"gaussian","sdmTMB",0.600589613083582,0.343963580215566,105.913
22,"gaussian","GLM",1.47665755230275,0.834619089822292,0.00799999999998136
22,"gaussian","GAM",0.987519521724194,0.558337150097019,37.907
22,"gaussian","cf_dglm",0.599244597386319,0.354195135727333,1.02099999999996
22,"gaussian","KFAS_K120",0.605910615490272,0.34418054102268,27.523
22,"gaussian","KFAS_K240",0.61502078835121,0.350942737409853,268.933
22,"gaussian","sdmTMB",0.605472840151669,0.346441923549846,106.727
23,"gaussian","GLM",1.42764291365156,0.804012594212219,0.00900000000001455
23,"gaussian","GAM",0.958991497831747,0.540434056670752,43.792
23,"gaussian","cf_dglm",0.603317707739825,0.351258699230622,0.973000000000013
23,"gaussian","KFAS_K120",0.610389626802918,0.346782590976599,27.518
23,"gaussian","KFAS_K240",0.621512532632876,0.354679091052167,237.739
23,"gaussian","sdmTMB",0.605202214777902,0.346521775078148,106.055
24,"gaussian","GLM",1.52790609911407,0.862827372196109,0.00799999999998136
24,"gaussian","GAM",1.02026761815734,0.5759643196569,37.771
24,"gaussian","cf_dglm",0.615390979680361,0.364085766245705,3.40499999999997
24,"gaussian","KFAS_K120",0.626038883048467,0.356458025196299,27.475
24,"gaussian","KFAS_K240",0.639951628051274,0.365732509339579,237.004
24,"gaussian","sdmTMB",0.617969916437293,0.355516147894072,96.6619999999999
25,"gaussian","GLM",1.46491325883424,0.828756489274358,0.00900000000001455
25,"gaussian","GAM",0.965979797287291,0.545321236018994,38.008
25,"gaussian","cf_dglm",0.613463443272397,0.359971643439448,1.01799999999997
25,"gaussian","KFAS_K120",0.630790504969796,0.358838308090494,27.353
25,"gaussian","KFAS_K240",0.639292133362372,0.365663557376161,224.089
25,"gaussian","sdmTMB",0.618839947481333,0.354159879688611,102.863
26,"gaussian","GLM",1.53365802410561,0.859685246307118,0.00900000000001455
26,"gaussian","GAM",1.0540506632713,0.592029740027125,37.969
26,"gaussian","cf_dglm",0.602223633491543,0.350912378339218,0.923000000000002
26,"gaussian","KFAS_K120",0.602175019065991,0.34307148528393,27.522
26,"gaussian","KFAS_K240",0.610774188051785,0.349109817565332,237.636
26,"gaussian","sdmTMB",0.60320871128068,0.345352492984514,101.55
27,"gaussian","GLM",1.43186416932558,0.806014982052958,0.00900000000001455
27,"gaussian","GAM",0.990756116622037,0.557411240035841,43.652
27,"gaussian","cf_dglm",0.585289653408584,0.344299989119686,1.065
27,"gaussian","KFAS_K120",0.590184066375946,0.334104609329155,27.571
27,"gaussian","KFAS_K240",0.595352873767394,0.338338336755206,237.1
27,"gaussian","sdmTMB",0.58514424763069,0.332985911834739,82.1460000000001
28,"gaussian","GLM",1.48872216443773,0.83781973632724,0.00900000000001455
28,"gaussian","GAM",1.00717938190547,0.566496192366744,43.732
28,"gaussian","cf_dglm",0.597150401559488,0.354949478342278,1.00599999999997
28,"gaussian","KFAS_K120",0.604165324685157,0.344634371876799,27.635
28,"gaussian","KFAS_K240",0.611052897345288,0.3501032029969,237.562
28,"gaussian","sdmTMB",0.602955059415054,0.3454367466203,106.107
29,"gaussian","GLM",1.50886632730354,0.850424070560732,0.00900000000001455
29,"gaussian","GAM",0.963182435732465,0.542590072535107,43.683
29,"gaussian","cf_dglm",0.601376741087364,0.353860895449524,1.05900000000003
29,"gaussian","KFAS_K120",0.612158521179902,0.349818414293364,27.636
29,"gaussian","KFAS_K240",0.621108520073272,0.356553185821764,237.813
29,"gaussian","sdmTMB",0.604898924004048,0.348117126076491,112.088
30,"gaussian","GLM",1.46441084118272,0.829153533736219,0.00900000000001455
30,"gaussian","GAM",0.989166533639981,0.557838777573886,37.958
30,"gaussian","cf_dglm",0.6040033632556,0.356166940156664,1.06600000000003
30,"gaussian","KFAS_K120",0.617010110752883,0.352435977208998,27.419
30,"gaussian","KFAS_K240",0.624796320776275,0.3589283283687,223.938
30,"gaussian","sdmTMB",0.611317920650606,0.350492561049637,109.812
31,"gaussian","GLM",1.49946098521286,0.84956572956877,0.0080000000000382
31,"gaussian","GAM",0.985441587612587,0.55577624768659,37.888
31,"gaussian","cf_dglm",0.611373178538933,0.360941990288888,1.04500000000002
31,"gaussian","KFAS_K120",0.628694208729569,0.359117841714218,27.537
31,"gaussian","KFAS_K240",0.638868553682907,0.36702047491813,238.566
31,"gaussian","sdmTMB",0.615438481609137,0.35346872952925,106.959
32,"gaussian","GLM",1.42129939605089,0.800016712708783,0.00900000000001455
32,"gaussian","GAM",1.02325495061779,0.577468440856261,43.66
32,"gaussian","cf_dglm",0.602513671733796,0.357239209334326,1.01500000000004
32,"gaussian","KFAS_K120",0.618171339949344,0.351805608564642,27.491
32,"gaussian","KFAS_K240",0.630899943859176,0.360616938747127,225.386
32,"gaussian","sdmTMB",0.609026927786965,0.349992540307625,111.661
33,"gaussian","GLM",1.38322246078889,0.782110020647507,0.00900000000001455
33,"gaussian","GAM",0.963594417657275,0.544041521608765,37.907
33,"gaussian","cf_dglm",0.617589836265965,0.364647004897853,1.05800000000005
33,"gaussian","KFAS_K120",0.623681129149419,0.355835910742638,27.578
33,"gaussian","KFAS_K240",0.629643108109008,0.360928287123627,257.996
33,"gaussian","sdmTMB",0.625756204887759,0.359665130007471,138.912
34,"gaussian","GLM",1.43161501217623,0.808511717302741,0.0100000000000477
34,"gaussian","GAM",1.04245139853885,0.587464341573569,37.915
34,"gaussian","cf_dglm",0.60404647523023,0.359333302770665,1.03399999999999
34,"gaussian","KFAS_K120",0.605042073193612,0.344629013345589,27.479
34,"gaussian","KFAS_K240",0.611969133565696,0.350290334172172,257.248
34,"gaussian","sdmTMB",0.60892696165331,0.349475720280159,93.89
35,"gaussian","GLM",1.48184697348649,0.835869772570874,0.00900000000001455
35,"gaussian","GAM",0.985923139014182,0.557427429608679,38.024
35,"gaussian","cf_dglm",0.593725405429495,0.34999625485762,1.04500000000002
35,"gaussian","KFAS_K120",0.60793839026516,0.346003305685158,28.139
35,"gaussian","KFAS_K240",0.622202187783956,0.355249972864274,223.859
35,"gaussian","sdmTMB",0.596832386827172,0.341336231895186,98.477
36,"gaussian","GLM",1.41671320678836,0.798906972185663,0.00900000000001455
36,"gaussian","GAM",0.95930822111297,0.540134915368707,43.622
36,"gaussian","cf_dglm",0.610848219194725,0.359184238446666,0.999000000000024
36,"gaussian","KFAS_K120",0.616505378915568,0.351181170702451,27.639
36,"gaussian","KFAS_K240",0.62039333410622,0.354663329006865,244.304
36,"gaussian","sdmTMB",0.613778941401906,0.352518387821353,115.788
37,"gaussian","GLM",1.6077882849521,0.905610291015976,0.00900000000001455
37,"gaussian","GAM",0.991568516091939,0.560460402950234,43.686
37,"gaussian","cf_dglm",0.621518619785569,0.367666717015896,0.963999999999999
37,"gaussian","KFAS_K120",0.634182750810482,0.361592091969648,27.797
37,"gaussian","KFAS_K240",0.641521928809158,0.367302263050168,244.922
37,"gaussian","sdmTMB",0.627932552246962,0.360352047292921,93.7560000000001
38,"gaussian","GLM",1.47344742336064,0.834187488497896,0.0110000000000241
38,"gaussian","GAM",1.033655774889,0.584593465292041,43.609
38,"gaussian","cf_dglm",0.618123181696237,0.366955629034466,0.978000000000009
38,"gaussian","KFAS_K120",0.631356319095512,0.360824046462535,27.751
38,"gaussian","KFAS_K240",0.640426412125774,0.367911842117206,238.328
38,"gaussian","sdmTMB",0.623750654212379,0.359900957876351,125.598
39,"gaussian","GLM",1.45168237618522,0.816948181915775,0.00900000000001455
39,"gaussian","GAM",1.031330880878,0.58129905848607,43.568
39,"gaussian","cf_dglm",0.621106356396245,0.371121233234736,0.974000000000046
39,"gaussian","KFAS_K120",0.62594590050733,0.357915804266143,27.585
39,"gaussian","KFAS_K240",0.633466251238187,0.363773654920578,244.111
39,"gaussian","sdmTMB",0.625927415284552,0.35960590470583,100.278
40,"gaussian","GLM",1.53253485748482,0.866367774154315,0.0099999999999909
40,"gaussian","GAM",1.00214294397469,0.564096697632331,43.548
40,"gaussian","cf_dglm",0.60140950768155,0.35236416912492,0.925999999999988
40,"gaussian","KFAS_K120",0.612654889869155,0.349685598027367,27.621
40,"gaussian","KFAS_K240",0.623271232549885,0.35732470422556,245.079
40,"gaussian","sdmTMB",0.604174433003694,0.346119942033578,110.048
41,"gaussian","GLM",1.45113100629257,0.818768376234218,0.00900000000001455
41,"gaussian","GAM",0.957624257539261,0.539709261384634,43.558
41,"gaussian","cf_dglm",0.624044791079104,0.366531544161957,1.17399999999998
41,"gaussian","KFAS_K120",0.631143027957968,0.359875200544,27.654
41,"gaussian","KFAS_K240",0.639127190154971,0.365973622514849,237.808
41,"gaussian","sdmTMB",0.625537789617711,0.359403358755227,102.243
42,"gaussian","GLM",1.41214070098679,0.796064022397851,0.0080000000000382
42,"gaussian","GAM",1.0339671931917,0.581654645507904,43.63
42,"gaussian","cf_dglm",0.600442916524264,0.35427615146006,1.00900000000001
42,"gaussian","KFAS_K120",0.608079404021052,0.346281165136319,27.6900000000001
42,"gaussian","KFAS_K240",0.612426160287478,0.350037222970027,244.937
42,"gaussian","sdmTMB",0.606498233087627,0.346822958923148,100.595
43,"gaussian","GLM",1.52095375738824,0.858901223326492,0.00900000000001455
43,"gaussian","GAM",0.980393399785964,0.553418282036509,43.686
43,"gaussian","cf_dglm",0.609055524335565,0.35954215756803,1.11899999999991
43,"gaussian","KFAS_K120",0.621913590613041,0.354227607000184,27.6610000000001
43,"gaussian","KFAS_K240",0.625845631901218,0.358172388496225,258.903
43,"gaussian","sdmTMB",0.62218702360049,0.356161685122915,86.173
44,"gaussian","GLM",1.43039827423175,0.806407827845333,0.00899999999990087
44,"gaussian","GAM",0.977798892800561,0.5513929835282,43.583
44,"gaussian","cf_dglm",0.599198740466588,0.354485611632973,0.974000000000046
44,"gaussian","KFAS_K120",0.615224116368875,0.350435189193427,27.5409999999999
44,"gaussian","KFAS_K240",0.615734254716209,0.352494138435814,258.01
44,"gaussian","sdmTMB",0.608258975467914,0.348303794767207,103.073
45,"gaussian","GLM",1.53432099127448,0.866053648017729,0.00900000000001455
45,"gaussian","GAM",0.976112676023704,0.549920197017296,43.6610000000001
45,"gaussian","cf_dglm",0.601330925607504,0.353685344048772,1.08699999999999
45,"gaussian","KFAS_K120",0.616554288301425,0.351072901850349,27.473
45,"gaussian","KFAS_K240",0.624751822586369,0.356621824920697,237.123
45,"gaussian","sdmTMB",0.602357389006857,0.345416123114961,103.812
46,"gaussian","GLM",1.47194767522246,0.834888638703352,0.00900000000001455
46,"gaussian","GAM",1.03260754817791,0.58205266688405,43.697
46,"gaussian","cf_dglm",0.616919480694977,0.367654594023429,0.989000000000033
46,"gaussian","KFAS_K120",0.627445482280725,0.359570107671572,27.698
46,"gaussian","KFAS_K240",0.634876418112423,0.36597137236922,257.995
46,"gaussian","sdmTMB",0.617432038550084,0.355779539846881,96.3019999999999
47,"gaussian","GLM",1.5765406585947,0.889603310886352,0.00899999999990087
47,"gaussian","GAM",1.03514323043635,0.584337330857766,43.732
47,"gaussian","cf_dglm",0.62641451287297,0.370490748363406,1
47,"gaussian","KFAS_K120",0.627883192109575,0.359276864099366,27.801
47,"gaussian","KFAS_K240",0.63478986482886,0.365041544835444,237.84
47,"gaussian","sdmTMB",0.638848806080603,0.36755753545431,92.855
48,"gaussian","GLM",1.51124119184404,0.851571270775652,0.00900000000001455
48,"gaussian","GAM",0.980367526010554,0.553459456944157,37.849
48,"gaussian","cf_dglm",0.605510343017139,0.357739874794075,1.10899999999992
48,"gaussian","KFAS_K120",0.617479969334457,0.35131815514273,27.4590000000001
48,"gaussian","KFAS_K240",0.627347820720772,0.358804274282981,236.213
48,"gaussian","sdmTMB",0.611995639456754,0.350469497501087,106.525
49,"gaussian","GLM",1.53353345115852,0.865333592905679,0.00900000000001455
49,"gaussian","GAM",1.05154468569233,0.594326928972562,43.726
49,"gaussian","cf_dglm",0.605728505817297,0.357749043943926,0.937999999999988
49,"gaussian","KFAS_K120",0.608617378767284,0.34665974432133,27.692
49,"gaussian","KFAS_K240",0.61705836707333,0.352743819433706,258.001
49,"gaussian","sdmTMB",0.606217371127183,0.347431316179586,115.823
50,"gaussian","GLM",1.50696004778183,0.852848104808132,0.00900000000001455
50,"gaussian","GAM",0.97630179525096,0.549963781662429,43.602
50,"gaussian","cf_dglm",0.592469169242129,0.349190845765685,0.975000000000023
50,"gaussian","KFAS_K120",0.615285552620407,0.34947566724851,27.576
50,"gaussian","KFAS_K240",0.624018741620661,0.355383893120221,244.984
50,"gaussian","sdmTMB",0.603668720868235,0.346759892961877,109.177
51,"gaussian","GLM",1.3933806214497,0.786983106523671,0.0099999999999909
51,"gaussian","GAM",1.01454063085664,0.574485441140408,37.899
51,"gaussian","cf_dglm",0.631090864386092,0.375843138934437,0.990999999999985
51,"gaussian","KFAS_K120",0.641712190851003,0.367558324303984,27.502
51,"gaussian","KFAS_K240",0.648537391044667,0.373161231806894,238.451
51,"gaussian","sdmTMB",0.637331511493495,0.367421703778301,95.548
52,"gaussian","GLM",1.4693246862213,0.827136282457318,0.00899999999990087
52,"gaussian","GAM",0.979340145335757,0.551147469683864,37.728
52,"gaussian","cf_dglm",0.605123767996968,0.35724120794909,0.984000000000037
52,"gaussian","KFAS_K120",0.609299767714737,0.348451199313086,27.487
52,"gaussian","KFAS_K240",0.616771355508927,0.354480250917113,237.039
52,"gaussian","sdmTMB",0.605043602822673,0.347186762563897,92.567
53,"gaussian","GLM",1.41458495532223,0.800205824139893,0.00900000000001455
53,"gaussian","GAM",1.02229475671077,0.577233975562025,43.73
53,"gaussian","cf_dglm",0.601758550153291,0.353126508489644,1.01200000000006
53,"gaussian","KFAS_K120",0.617974728275171,0.350185964049134,27.5650000000001
53,"gaussian","KFAS_K240",0.628836685159509,0.357518575292787,237.743
53,"gaussian","sdmTMB",0.603144723744968,0.345474324959369,111.778
54,"gaussian","GLM",1.41938819662487,0.805195401942543,0.00900000000001455
54,"gaussian","GAM",1.02780638626866,0.58177846294152,43.3620000000001
54,"gaussian","cf_dglm",0.614439677730359,0.363257065589128,0.981999999999971
54,"gaussian","KFAS_K120",0.616686322850259,0.351531821421252,27.445
54,"gaussian","KFAS_K240",0.627326887502861,0.3594698456172,237.737
54,"gaussian","sdmTMB",0.614508437092535,0.352928393301414,121.654
55,"gaussian","GLM",1.58911227295352,0.898562517847129,0.00900000000001455
55,"gaussian","GAM",1.03789971744894,0.583716697396894,43.63
55,"gaussian","cf_dglm",0.625405289270186,0.368138000296631,0.905000000000086
55,"gaussian","KFAS_K120",0.636114257376991,0.364242165844083,27.67
55,"gaussian","KFAS_K240",0.646255016124314,0.371273895839717,268.266
55,"gaussian","sdmTMB",0.625650375769714,0.359367640887191,97.2700000000002
56,"gaussian","GLM",1.41447331618441,0.798785259888781,0.00900000000001455
56,"gaussian","GAM",1.02537239196047,0.578979397959858,43.586
56,"gaussian","cf_dglm",0.601316692633806,0.355543937773555,0.984000000000037
56,"gaussian","KFAS_K120",0.610398052612582,0.348309110959262,27.542
56,"gaussian","KFAS_K240",0.616262734332118,0.353122884463682,244.434
56,"gaussian","sdmTMB",0.599778430418042,0.344156385197666,82.54
57,"gaussian","GLM",1.62064112234662,0.907020629976911,0.00900000000001455
57,"gaussian","GAM",1.05862281487338,0.597181498762802,43.568
57,"gaussian","cf_dglm",0.604391924706671,0.354637257777884,0.926000000000045
57,"gaussian","KFAS_K120",0.61282946929565,0.348600083429925,27.636
57,"gaussian","KFAS_K240",0.62502537708541,0.35610930143473,244.951
57,"gaussian","sdmTMB",0.613392498245689,0.351160361267304,102.008
58,"gaussian","GLM",1.45207376322863,0.819500146569783,0.00900000000001455
58,"gaussian","GAM",0.971358241040578,0.545769987311443,43.453
58,"gaussian","cf_dglm",0.603696513897262,0.355261017917295,0.965000000000032
58,"gaussian","KFAS_K120",0.616668676083168,0.351123806506178,27.66
58,"gaussian","KFAS_K240",0.619870955434485,0.354346513847804,255.794
58,"gaussian","sdmTMB",0.607529646558331,0.349150207479478,103.738
59,"gaussian","GLM",1.46859402886681,0.831035227814184,0.00900000000001455
59,"gaussian","GAM",1.02075990986232,0.575664329189535,43.482
59,"gaussian","cf_dglm",0.608391206405862,0.362916517786657,0.971000000000004
59,"gaussian","KFAS_K120",0.622231926599583,0.356234023493071,27.627
59,"gaussian","KFAS_K240",0.629709555906086,0.362289126437278,244.174
59,"gaussian","sdmTMB",0.615647421542223,0.354739550920439,111.391
60,"gaussian","GLM",1.52684594959772,0.864557866065374,0.00799999999992451
60,"gaussian","GAM",1.0337240955563,0.583449814824769,43.449
60,"gaussian","cf_dglm",0.609942413416542,0.360656145686665,0.95799999999997
60,"gaussian","KFAS_K120",0.626543176181665,0.356063924084988,27.524
60,"gaussian","KFAS_K240",0.629764155954389,0.360045594854572,224.689
60,"gaussian","sdmTMB",0.622061149747925,0.355870270254308,110.597
61,"gaussian","GLM",1.49445111944124,0.843519471282852,0.0080000000000382
61,"gaussian","GAM",0.99346312674044,0.56067446351589,37.7
61,"gaussian","cf_dglm",0.61325780015935,0.359683690110748,1.02700000000004
61,"gaussian","KFAS_K120",0.618972546033944,0.354506007794784,27.664
61,"gaussian","KFAS_K240",0.631663650884064,0.363809330767662,244.164
61,"gaussian","sdmTMB",0.61599403001393,0.35562687325583,99.5990000000002
62,"gaussian","GLM",1.49489259116907,0.842446994080424,0.00900000000001455
62,"gaussian","GAM",0.99383646635866,0.561152683542722,37.8390000000002
62,"gaussian","cf_dglm",0.606749952099122,0.356380171415216,1.01299999999992
62,"gaussian","KFAS_K120",0.621466537649514,0.355620480478702,27.6079999999999
62,"gaussian","KFAS_K240",0.629756374428479,0.361995302226892,238.568
62,"gaussian","sdmTMB",0.613984800482368,0.352571137295005,108.688
63,"gaussian","GLM",1.54228848451557,0.867313594342831,0.00900000000001455
63,"gaussian","GAM",1.01909665541052,0.574420980547141,43.596
63,"gaussian","cf_dglm",0.607365091360274,0.360646372920151,0.989000000000033
63,"gaussian","KFAS_K120",0.617987921678834,0.354215019554784,27.616
63,"gaussian","KFAS_K240",0.625426971052861,0.360240488155124,237.7
63,"gaussian","sdmTMB",0.614522265147893,0.353820497506926,83.2240000000002
64,"gaussian","GLM",1.58378207142632,0.901162350083691,0.00900000000001455
64,"gaussian","GAM",0.996350702095915,0.564040147337592,43.596
64,"gaussian","cf_dglm",0.596302399054271,0.351349745221373,1.00099999999998
64,"gaussian","KFAS_K120",0.609806057429343,0.347862163855332,27.6369999999999
64,"gaussian","KFAS_K240",0.619950202176336,0.355385978470562,258.855
64,"gaussian","sdmTMB",0.608817776442111,0.348954159050754,106.445
65,"gaussian","GLM",1.41458622746464,0.79722156917824,0.0080000000000382
65,"gaussian","GAM",1.00818025869739,0.569858230580924,37.77
65,"gaussian","cf_dglm",0.604561372682031,0.356536228117928,1.00999999999999
65,"gaussian","KFAS_K120",0.607004867308185,0.344695534840441,27.7349999999999
65,"gaussian","KFAS_K240",0.612885660910067,0.34959132085364,244.908
65,"gaussian","sdmTMB",0.606354113282002,0.346805469914767,125.515
66,"gaussian","GLM",1.41193140569366,0.796357915255223,0.00900000000001455
66,"gaussian","GAM",0.979701200381224,0.550052366555222,37.837
66,"gaussian","cf_dglm",0.630061575450422,0.364297870400538,1.03499999999985
66,"gaussian","KFAS_K120",0.625868529654613,0.351313125513153,27.4740000000002
66,"gaussian","KFAS_K240",0.632122635964817,0.356947035335347,237.127
66,"gaussian","sdmTMB",0.628790716800082,0.352737574992208,128.968
67,"gaussian","GLM",1.36221130824369,0.768303201381049,0.00900000000001455
67,"gaussian","GAM",1.03145830841422,0.581843228742223,43.5469999999998
67,"gaussian","cf_dglm",0.616803200618646,0.361879408197268,0.956000000000131
67,"gaussian","KFAS_K120",0.625514695536153,0.354804587099036,27.681
67,"gaussian","KFAS_K240",0.638103287231816,0.362719198895891,220.453
67,"gaussian","sdmTMB",0.61322617156527,0.35017635504746,103.514
68,"gaussian","GLM",1.48470167646447,0.84141471467953,0.00900000000001455
68,"gaussian","GAM",1.00995117181872,0.570468969412319,43.6020000000001
68,"gaussian","cf_dglm",0.600949683144016,0.354306262810661,1.00499999999988
68,"gaussian","KFAS_K120",0.608572014162016,0.348401411587384,28.1189999999999
68,"gaussian","KFAS_K240",0.618093797938686,0.356016616714725,266.021
68,"gaussian","sdmTMB",0.605192383310015,0.347766152519817,100.672
69,"gaussian","GLM",1.55756577295518,0.878970739203499,0.0080000000000382
69,"gaussian","GAM",1.04738185820613,0.590566327112423,43.642
69,"gaussian","cf_dglm",0.626754129606795,0.368034489948945,1.00900000000001
69,"gaussian","KFAS_K120",0.630922024143964,0.358892369813691,27.635
69,"gaussian","KFAS_K240",0.643717336704425,0.367448543046318,258.254
69,"gaussian","sdmTMB",0.627790295408595,0.359089587204279,86.7380000000001
70,"gaussian","GLM",1.40427054249452,0.79081436807663,0.0080000000000382
70,"gaussian","GAM",1.01708910713822,0.570134674453471,37.816
70,"gaussian","cf_dglm",0.625503265888185,0.372945537501993,1.05999999999995
70,"gaussian","KFAS_K120",0.635334877941367,0.363762235181507,27.471
70,"gaussian","KFAS_K240",0.642657833749773,0.369734019173827,274.733
70,"gaussian","sdmTMB",0.634167982802742,0.366025905663266,104.941
71,"gaussian","GLM",1.48923654061254,0.842018848792093,0.00899999999978718
71,"gaussian","GAM",0.946287559212177,0.535634974495548,43.471
71,"gaussian","cf_dglm",0.605546277019308,0.361330564110729,1.05999999999995
71,"gaussian","KFAS_K120",0.615634442701274,0.353242177527522,27.934
71,"gaussian","KFAS_K240",0.625146343490899,0.361028827572283,258.063
71,"gaussian","sdmTMB",0.605815049842363,0.349130880879065,112.504
72,"gaussian","GLM",1.46421579759666,0.822491282039934,0.00899999999978718
72,"gaussian","GAM",0.97499351403401,0.549260402727106,43.52
72,"gaussian","cf_dglm",0.606752740437448,0.359301614623725,0.999000000000024
72,"gaussian","KFAS_K120",0.616039296142218,0.352407259531572,27.5229999999999
72,"gaussian","KFAS_K240",0.626477946106016,0.359737549884951,237.663
72,"gaussian","sdmTMB",0.617202887470712,0.354778931527017,99.8969999999999
73,"gaussian","GLM",1.48820509892813,0.839937290525188,0.00900000000001455
73,"gaussian","GAM",0.985120640242754,0.555092932688547,37.808
73,"gaussian","cf_dglm",0.602799297646196,0.356540148169326,0.995000000000118
73,"gaussian","KFAS_K120",0.616547669492771,0.353526035075662,27.4380000000001
73,"gaussian","KFAS_K240",0.627517955784891,0.361788252428904,237.783
73,"gaussian","sdmTMB",0.614380326955442,0.354002290292257,117.881
74,"gaussian","GLM",1.35512938385817,0.765752740047025,0.0080000000000382
74,"gaussian","GAM",0.987420404724324,0.555880403542323,37.7249999999999
74,"gaussian","cf_dglm",0.603233903676161,0.353621552874964,0.944000000000187
74,"gaussian","KFAS_K120",0.611745305090062,0.347269193486867,27.6049999999998
74,"gaussian","KFAS_K240",0.616311732876629,0.351467818189044,224.645
74,"gaussian","sdmTMB",0.605105501800693,0.346354944611505,135.834
75,"gaussian","GLM",1.46859855958061,0.827612641816263,0.0080000000000382
75,"gaussian","GAM",1.00725665665922,0.568236010281222,37.751
75,"gaussian","cf_dglm",0.620360344900709,0.368777518260564,1.01600000000008
75,"gaussian","KFAS_K120",0.632819058635433,0.361024695216404,27.5059999999999
75,"gaussian","KFAS_K240",0.64511397667264,0.370269535519356,244.88
75,"gaussian","sdmTMB",0.626455391195481,0.359972024615465,90.3530000000001
76,"gaussian","GLM",1.54587685350317,0.877005459609107,0.0080000000000382
76,"gaussian","GAM",0.983757999001292,0.555813769597236,43.489
76,"gaussian","cf_dglm",0.608198974019636,0.358631778125821,1.02799999999979
76,"gaussian","KFAS_K120",0.613845127881128,0.349736575326941,27.6100000000001
76,"gaussian","KFAS_K240",0.620627305158832,0.3550902361463,238.635
76,"gaussian","sdmTMB",0.611397019432213,0.350528834461737,113.161
77,"gaussian","GLM",1.55165826479245,0.87564223600529,0.0080000000000382
77,"gaussian","GAM",1.02567766209818,0.578441075107906,43.481
77,"gaussian","cf_dglm",0.613003213787755,0.361781389192503,0.95900000000006
77,"gaussian","KFAS_K120",0.626024242613514,0.356572493542186,27.616
77,"gaussian","KFAS_K240",0.636541832955577,0.363809940802594,245.005
77,"gaussian","sdmTMB",0.621057761601994,0.355597476143196,99.1719999999998
78,"gaussian","GLM",1.43022905027481,0.807509308809597,0.0080000000000382
78,"gaussian","GAM",0.970633054263081,0.546321226140858,43.4970000000001
78,"gaussian","cf_dglm",0.60193239347604,0.355404654507363,0.97199999999998
78,"gaussian","KFAS_K120",0.612340921825652,0.347356543245136,27.5930000000001
78,"gaussian","KFAS_K240",0.615641421617122,0.350903847306331,237.542
78,"gaussian","sdmTMB",0.606842028111383,0.34781779778878,123.103
79,"gaussian","GLM",1.36540677273185,0.769455570079166,0.00799999999981083
79,"gaussian","GAM",1.01619687622024,0.574089196155247,43.4260000000002
79,"gaussian","cf_dglm",0.60706620910415,0.353586443465364,0.966999999999871
79,"gaussian","KFAS_K120",0.618887497791084,0.351992347224819,27.8140000000001
79,"gaussian","KFAS_K240",0.625192942007404,0.357125329186014,224.659
79,"gaussian","sdmTMB",0.615145666323855,0.352057437003471,97.6800000000001
80,"gaussian","GLM",1.42704693484892,0.803746259393936,0.0080000000000382
80,"gaussian","GAM",1.0079295121941,0.568410491851277,37.656
80,"gaussian","cf_dglm",0.604605646376002,0.355777939200236,1.01499999999987
80,"gaussian","KFAS_K120",0.611561515739158,0.34850494197054,27.4390000000001
80,"gaussian","KFAS_K240",0.619065642687438,0.354400991619821,237.825
80,"gaussian","sdmTMB",0.605820970261905,0.346923493252494,91.7919999999999
81,"gaussian","GLM",1.40940175652859,0.790593798941426,0.00700000000006185
81,"gaussian","GAM",0.98291937404444,0.555144816156989,43.51
81,"gaussian","cf_dglm",0.604154417624931,0.357226145975968,1.00600000000009
81,"gaussian","KFAS_K120",0.613818325594316,0.350444581432248,27.634
81,"gaussian","KFAS_K240",0.61801009752402,0.35531779919856,244.385
81,"gaussian","sdmTMB",0.609709007860702,0.350087504882526,104.627
82,"gaussian","GLM",1.42180135127727,0.803604658682004,0.0080000000000382
82,"gaussian","GAM",0.977853152295914,0.551446842124241,37.6779999999999
82,"gaussian","cf_dglm",0.606981093045713,0.35896115533779,1.0139999999999
82,"gaussian","KFAS_K120",0.61495341683421,0.350340243697887,27.674
82,"gaussian","KFAS_K240",0.626016470287753,0.358214188734107,245.199
82,"gaussian","sdmTMB",0.614181832456712,0.351261482018109,89.424
83,"gaussian","GLM",1.35581134611894,0.767985929405586,0.00799999999981083
83,"gaussian","GAM",1.04699247310849,0.588878442215115,43.5390000000002
83,"gaussian","cf_dglm",0.621982810962541,0.365599491663371,1.1099999999999
83,"gaussian","KFAS_K120",0.632527429977782,0.359827372268371,27.7250000000001
83,"gaussian","KFAS_K240",0.645674670340482,0.36917987894995,237.322
83,"gaussian","sdmTMB",0.620480200927053,0.355551505265739,109.909
84,"gaussian","GLM",1.52329522923078,0.862216642656738,0.00900000000001455
84,"gaussian","GAM",1.02463535839314,0.578602216380008,37.758
84,"gaussian","cf_dglm",0.620740288690877,0.364356583109843,0.991999999999962
84,"gaussian","KFAS_K120",0.626710402816404,0.355380485133235,27.6850000000002
84,"gaussian","KFAS_K240",0.637865257700824,0.363156582082511,238.639
84,"gaussian","sdmTMB",0.622358077526115,0.35540954899946,91.3020000000001
85,"gaussian","GLM",1.52920260052156,0.864622009315137,0.0080000000000382
85,"gaussian","GAM",1.01976124375119,0.575281320069989,37.8150000000001
85,"gaussian","cf_dglm",0.612165397613227,0.360983571674706,0.969000000000051
85,"gaussian","KFAS_K120",0.62184326457922,0.355060850129658,27.598
85,"gaussian","KFAS_K240",0.629880036155333,0.3612840714646,237.693
85,"gaussian","sdmTMB",0.610014430435323,0.350332760781612,105.044
86,"gaussian","GLM",1.41414816628832,0.797123314014606,0.00799999999981083
86,"gaussian","GAM",1.01858291086921,0.572995982106052,43.5500000000002
86,"gaussian","cf_dglm",0.617400065634729,0.357964318476875,0.986999999999853
86,"gaussian","KFAS_K120",0.62457286156741,0.354034728721107,27.461
86,"gaussian","KFAS_K240",0.635295455381883,0.362098193697003,237.553
86,"gaussian","sdmTMB",0.609959632670692,0.347763064125706,99.8119999999999
87,"gaussian","GLM",1.51175395978972,0.856846554780608,0.0080000000000382
87,"gaussian","GAM",0.980365234486254,0.549770644296182,37.8
87,"gaussian","cf_dglm",0.609453042040118,0.359431529498669,1.00999999999999
87,"gaussian","KFAS_K120",0.622971254375366,0.354429804552366,27.569
87,"gaussian","KFAS_K240",0.634889789735366,0.362952252851598,237.702
87,"gaussian","sdmTMB",0.61278661051001,0.351473637242853,127.049
88,"gaussian","GLM",1.36839041805613,0.770628598381072,0.0080000000000382
88,"gaussian","GAM",1.01093786752917,0.57035062886706,37.8150000000001
88,"gaussian","cf_dglm",0.609329638326403,0.36092415374682,1.00600000000009
88,"gaussian","KFAS_K120",0.613378920798769,0.350166064118355,27.5809999999999
88,"gaussian","KFAS_K240",0.623300432900467,0.357729367137321,244.247
88,"gaussian","sdmTMB",0.612352501599481,0.351096315778715,115.198
89,"gaussian","GLM",1.44626596734188,0.8161490049912,0.0080000000000382
89,"gaussian","GAM",0.967562570303805,0.545164326470268,43.575
89,"gaussian","cf_dglm",0.61312101186383,0.363615951509127,0.992999999999938
89,"gaussian","KFAS_K120",0.61886071801327,0.352550145548235,27.6420000000001
89,"gaussian","KFAS_K240",0.62602819697143,0.358820305963321,237.785
89,"gaussian","sdmTMB",0.61323184777517,0.351713073917265,91.3880000000001
90,"gaussian","GLM",1.53293142901918,0.866716682908416,0.00900000000001455
90,"gaussian","GAM",1.02649245480789,0.579777214915469,37.797
90,"gaussian","cf_dglm",0.626637113024447,0.37296212627671,1.048
90,"gaussian","KFAS_K120",0.640720730024194,0.36488365880066,27.5139999999999
90,"gaussian","KFAS_K240",0.647560549144852,0.370818730711508,236.906
90,"gaussian","sdmTMB",0.623034966131846,0.358643374327605,118.007
91,"gaussian","GLM",1.50724617747735,0.849784451514998,0.00900000000001455
91,"gaussian","GAM",0.998757127813512,0.564604622783164,43.5340000000001
91,"gaussian","cf_dglm",0.608265110959786,0.359429913856357,0.9849999999999
91,"gaussian","KFAS_K120",0.622196317831596,0.354243358832683,27.6020000000001
91,"gaussian","KFAS_K240",0.62996026115736,0.360117239027704,257.922
91,"gaussian","sdmTMB",0.614629135183522,0.352609645558362,106.382
92,"gaussian","GLM",1.53568275416271,0.869189138332609,0.0080000000000382
92,"gaussian","GAM",1.06265088102018,0.599424417945859,37.7660000000001
92,"gaussian","cf_dglm",0.610754112137096,0.358151168965244,0.938999999999851
92,"gaussian","KFAS_K120",0.616116151609615,0.352258726963347,27.6210000000001
92,"gaussian","KFAS_K240",0.624664086467812,0.358698695648439,245.628
92,"gaussian","sdmTMB",0.61640712450467,0.353766060481987,103.738
93,"gaussian","GLM",1.40756666609488,0.789279891711859,0.0080000000000382
93,"gaussian","GAM",0.986539427048197,0.55479335539089,43.577
93,"gaussian","cf_dglm",0.602201176250461,0.356414585651354,1.01299999999992
93,"gaussian","KFAS_K120",0.607043135395639,0.344483085868189,27.469
93,"gaussian","KFAS_K240",0.619166596988525,0.353076307663524,244.967
93,"gaussian","sdmTMB",0.605205456972321,0.345332772453495,102.347
94,"gaussian","GLM",1.51848637861621,0.854533677037943,0.00799999999981083
94,"gaussian","GAM",1.00159275223546,0.564932684225442,37.788
94,"gaussian","cf_dglm",0.611347636653508,0.361857279098664,1.02499999999986
94,"gaussian","KFAS_K120",0.626949209067223,0.357892961482662,27.4090000000001
94,"gaussian","KFAS_K240",0.639935384991379,0.367256066891152,237.604
94,"gaussian","sdmTMB",0.621734995457756,0.356561949736258,102.719
95,"gaussian","GLM",1.43081784999376,0.805461603075116,0.0080000000000382
95,"gaussian","GAM",0.953501047676883,0.536966747019354,37.739
95,"gaussian","cf_dglm",0.608520418365663,0.3579851577795,0.972999999999956
95,"gaussian","KFAS_K120",0.623545097482102,0.354159535062708,27.9929999999999
95,"gaussian","KFAS_K240",0.627621468912657,0.358056416198889,244.84
95,"gaussian","sdmTMB",0.614281493274208,0.35161605598092,110.468
96,"gaussian","GLM",1.48821766169263,0.840134674420987,0.00900000000001455
96,"gaussian","GAM",0.991223139580709,0.559409205010863,37.8220000000001
96,"gaussian","cf_dglm",0.594774844213297,0.353875987734729,1.01099999999997
96,"gaussian","KFAS_K120",0.603814240416257,0.343949414008095,27.508
96,"gaussian","KFAS_K240",0.610449242585155,0.349603085403628,224.675
96,"gaussian","sdmTMB",0.597384176053293,0.342183338129329,98.9649999999999
97,"gaussian","GLM",1.41667672880436,0.803025917158786,0.00799999999981083
97,"gaussian","GAM",1.02490229121595,0.57803361976085,43.4879999999998
97,"gaussian","cf_dglm",0.604202447504396,0.353513223585233,0.929999999999836
97,"gaussian","KFAS_K120",0.609659123342259,0.347809325925168,27.6480000000001
97,"gaussian","KFAS_K240",0.615813384416278,0.353268591019387,244.175
97,"gaussian","sdmTMB",0.603053961240818,0.345451886446054,94.1219999999998
98,"gaussian","GLM",1.36219351144203,0.770528429985301,0.0080000000000382
98,"gaussian","GAM",1.00592847180967,0.56523680628258,37.7269999999999
98,"gaussian","cf_dglm",0.612692279651602,0.362887869032548,1.08100000000013
98,"gaussian","KFAS_K120",0.625775398377382,0.357421996127296,27.5909999999999
98,"gaussian","KFAS_K240",0.63108781369974,0.362184552769984,244.091
98,"gaussian","sdmTMB",0.612755950428732,0.351836762723527,95.0129999999999
99,"gaussian","GLM",1.31683598001788,0.744583499453301,0.0080000000000382
99,"gaussian","GAM",0.98829115121324,0.55744871703227,37.8130000000001
99,"gaussian","cf_dglm",0.605440262840118,0.361215278930465,1.06099999999992
99,"gaussian","KFAS_K120",0.610402447659861,0.347135839667286,27.5740000000001
99,"gaussian","KFAS_K240",0.618226128463813,0.352965394867421,244.414
99,"gaussian","sdmTMB",0.606200108429356,0.348657453999623,102.172
100,"gaussian","GLM",1.39835611134698,0.791520540007941,0.00900000000001455
100,"gaussian","GAM",0.993093286436782,0.562206527042977,37.6550000000002
100,"gaussian","cf_dglm",0.622504427716838,0.365867614850091,0.922000000000025
100,"gaussian","KFAS_K120",0.631547842285333,0.36095283014808,27.4779999999998
100,"gaussian","KFAS_K240",0.639555764143867,0.368127803782908,258.136
100,"gaussian","sdmTMB",0.629853118394831,0.362021505221029,81.2290000000003
1,"poisson","GLM",2.11215893951408,1.07063559795945,0.0440000000000964
1,"poisson","GAM",1.69397977856678,0.841959776820905,41.9500000000003
1,"poisson","cf_dglm",1.5223575902694,0.757230995335274,2.06500000000005
1,"poisson","KFAS_K120",1.54064482485936,0.769257416479329,34.04
1,"poisson","KFAS_K240",1.55348608464653,0.774761331475646,256.034
1,"poisson","sdmTMB",1.50699430461387,0.751020339389063,103.129
2,"poisson","GLM",2.34525596632458,1.21405455820556,0.0460000000000491
2,"poisson","GAM",1.95042061682332,0.986743475489647,49.9699999999998
2,"poisson","cf_dglm",1.69161832801998,0.852161319579222,2.03700000000026
2,"poisson","KFAS_K120",1.72675039675709,0.86918920392298,34.4209999999998
2,"poisson","KFAS_K240",1.73119389047947,0.871299919818368,221.88
2,"poisson","sdmTMB",1.67855632050453,0.845484962841772,111.69
3,"poisson","GLM",2.08062351100015,1.03009491907538,0.0480000000000018
3,"poisson","GAM",1.70682193716913,0.844389885748461,49.9859999999999
3,"poisson","cf_dglm",1.47191422349613,0.738413617001892,4.29499999999962
3,"poisson","KFAS_K120",1.55714040152161,0.765500444101629,33.0990000000002
3,"poisson","KFAS_K240",1.55470364753278,0.765041266915616,256.056
3,"poisson","sdmTMB",1.45966573870602,0.732055530592366,106.79
4,"poisson","GLM",2.26423230456468,1.11276689902635,0.0470000000000255
4,"poisson","GAM",1.87592153291298,0.917484602628565,49.9569999999999
4,"poisson","cf_dglm",1.60202529547083,0.797340219045373,2.31800000000021
4,"poisson","KFAS_K120",1.69397388126735,0.827547161253479,34.0079999999998
4,"poisson","KFAS_K240",1.70493370003206,0.831476017023288,242.746
4,"poisson","sdmTMB",1.60193034963622,0.793489766538253,158.643
5,"poisson","GLM",2.41008191808001,1.17326644225278,0.0459999999998217
5,"poisson","GAM",1.87391392364459,0.914183637406045,42.058
5,"poisson","cf_dglm",1.58563884354141,0.784091309426478,2.09500000000025
5,"poisson","KFAS_K120",1.72292363991031,0.833433404804684,33.6219999999998
5,"poisson","KFAS_K240",1.73294292629211,0.836322495512191,255.111
5,"poisson","sdmTMB",1.59321061446935,0.786246543227759,117.375
6,"poisson","GLM",2.54383473280862,1.26171079704284,0.0489999999999782
6,"poisson","GAM",1.91979000444664,0.943321861143409,49.9820000000004
6,"poisson","cf_dglm",1.73826153956054,0.852834636472152,2.08899999999994
6,"poisson","KFAS_K120",1.79535802063681,0.876231333046744,35.2610000000004
6,"poisson","KFAS_K240",1.80172526971668,0.879545518049314,221.595
6,"poisson","sdmTMB",1.74240283502628,0.852225744992304,111.055
7,"poisson","GLM",2.44524859065031,1.21895006043863,0.0489999999999782
7,"poisson","GAM",2.06281668244873,1.00697988986052,49.9169999999999
7,"poisson","cf_dglm",1.66839941676295,0.837038765891062,2.29300000000012
7,"poisson","KFAS_K120",1.73139840299443,0.854359005401086,27.8759999999997
7,"poisson","KFAS_K240",1.7391175264709,0.85733974107845,253.857
7,"poisson","sdmTMB",1.65868181664714,0.829158168447329,108.225
8,"poisson","GLM",2.69919175288909,1.34413922296013,0.0450000000000728
8,"poisson","GAM",2.22013555663435,1.10398403363583,51.0360000000001
8,"poisson","cf_dglm",1.773342114267,0.879627777741976,2.03200000000015
8,"poisson","KFAS_K120",1.87888799130857,0.912723156185612,27.2039999999997
8,"poisson","KFAS_K240",1.89071892482681,0.9171681537051,253.706
8,"poisson","sdmTMB",1.78192874225339,0.879793939853658,123.807
9,"poisson","GLM",2.40328444081345,1.20960024502987,0.0510000000003856
9,"poisson","GAM",1.91028544594744,0.943803148156365,49.96
9,"poisson","cf_dglm",1.66299949640951,0.826423959368005,2.14699999999993
9,"poisson","KFAS_K120",1.73270072927808,0.854269789304003,34.2249999999999
9,"poisson","KFAS_K240",1.74325949552278,0.8579321246874,253.572
9,"poisson","sdmTMB",1.65542422351895,0.820457491709876,96.306
10,"poisson","GLM",2.19251701171882,1.09238326877987,0.0490000000004329
10,"poisson","GAM",1.85482062087011,0.90804251458159,43.163
10,"poisson","cf_dglm",1.59593856876247,0.786095325437041,4.52199999999993
10,"poisson","KFAS_K120",1.6512404195859,0.809066001716192,33.808
10,"poisson","KFAS_K240",1.65520646910995,0.811257975924724,221.89
10,"poisson","sdmTMB",1.58282088706635,0.777493913110183,125.559
11,"poisson","GLM",2.75474443311393,1.31981924632168,0.0520000000001346
11,"poisson","GAM",2.13301118794413,1.03789099807525,50.029
11,"poisson","cf_dglm",1.76183596943458,0.87350285521334,2.52200000000039
11,"poisson","KFAS_K120",1.78453384372225,0.885191130754043,33.8289999999997
11,"poisson","KFAS_K240",1.80061901513223,0.889772194159055,242.164
11,"poisson","sdmTMB",1.71299379038408,0.854634784008357,124.294
12,"poisson","GLM",2.39380378176072,1.19256889529577,0.0489999999999782
12,"poisson","GAM",1.90131130623062,0.942848612254716,50.0210000000002
12,"poisson","cf_dglm",1.624407042066,0.810662546579995,2.62000000000035
12,"poisson","KFAS_K120",1.66111825468419,0.819151065038982,33.4299999999998
12,"poisson","KFAS_K240",1.66945631514092,0.822339802505079,253.944
12,"poisson","sdmTMB",1.60485041857157,0.798858755961899,118.013
13,"poisson","GLM",2.17216558393881,1.0928623239739,0.043999999999869
13,"poisson","GAM",1.78601224611106,0.88248312510047,51.0809999999997
13,"poisson","cf_dglm",1.53271118812263,0.764467393749675,1.846
13,"poisson","KFAS_K120",1.62982320067006,0.800858497796016,33.1100000000001
13,"poisson","KFAS_K240",1.63953787221813,0.803897781559919,242.073
13,"poisson","sdmTMB",1.52962256091388,0.761898306291639,119.559
14,"poisson","GLM",2.55702486321843,1.22885233699068,0.0489999999999782
14,"poisson","GAM",1.91264877531862,0.919105375114706,49.8849999999998
14,"poisson","cf_dglm",1.64336314180037,0.804274499653234,4.54299999999967
14,"poisson","KFAS_K120",1.7335974785953,0.834876610062294,34.1060000000002
14,"poisson","KFAS_K240",1.74099762041172,0.837397436260121,260.861
14,"poisson","sdmTMB",1.62770461690193,0.795572104706738,126.032
15,"poisson","GLM",2.35634527247031,1.12987996167717,0.0509999999999309
15,"poisson","GAM",1.79698139964235,0.882356381902123,49.8780000000002
15,"poisson","cf_dglm",1.58030668550368,0.785661807849812,2.27700000000004
15,"poisson","KFAS_K120",1.63517668247641,0.79935468912622,33.4389999999999
15,"poisson","KFAS_K240",1.6538859484192,0.804019435693717,253.047
15,"poisson","sdmTMB",1.5702480016288,0.778610305660191,103.615
16,"poisson","GLM",2.47834797420814,1.19788895089457,0.0489999999999782
16,"poisson","GAM",1.8908698083734,0.922843475976935,50.0360000000001
16,"poisson","cf_dglm",1.66613065131462,0.816060910099892,2.23900000000003
16,"poisson","KFAS_K120",1.73864363836493,0.843621685913376,33.9359999999997
16,"poisson","KFAS_K240",1.74101289885357,0.845557465682159,221.958
16,"poisson","sdmTMB",1.66636976508318,0.816957120394989,134.149
17,"poisson","GLM",2.92866349711819,1.44034995816248,0.0470000000000255
17,"poisson","GAM",2.18940088758986,1.08245157305585,50.9810000000002
17,"poisson","cf_dglm",1.88948003708139,0.932120678702134,1.82200000000012
17,"poisson","KFAS_K120",1.97166683216871,0.961105390285964,34.4850000000001
17,"poisson","KFAS_K240",1.98168412414531,0.964602964989964,252.99
17,"poisson","sdmTMB",1.86497665453649,0.921501899765355,119.885
18,"poisson","GLM",2.34265635175079,1.12844214623882,0.0539999999996326
18,"poisson","GAM",1.83348395479452,0.907888447808059,50.9490000000001
18,"poisson","cf_dglm",1.62372635603082,0.80404042923007,4.41899999999987
18,"poisson","KFAS_K120",1.70902898553194,0.828559672243957,34.8040000000001
18,"poisson","KFAS_K240",1.71674772021861,0.831057704087541,221.783
18,"poisson","sdmTMB",1.6121477893994,0.799401903851374,124.383
19,"poisson","GLM",1.97839292047406,1.02843405730131,0.0480000000002292
19,"poisson","GAM",1.70690984585147,0.86890224741098,42.0310000000004
19,"poisson","cf_dglm",1.51727528403634,0.767675987862277,1.74200000000019
19,"poisson","KFAS_K120",1.53353512213032,0.778710628778155,34.0010000000002
19,"poisson","KFAS_K240",1.5362870061538,0.780515806374612,257.365
19,"poisson","sdmTMB",1.5032324478235,0.761633358027039,109.38
20,"poisson","GLM",2.48464991394204,1.23450180429062,0.0489999999999782
20,"poisson","GAM",1.97882948706355,0.987031774838725,41.9849999999997
20,"poisson","cf_dglm",1.69124555707386,0.850593457066383,2.16399999999976
20,"poisson","KFAS_K120",1.78783671613958,0.876787070839752,35.2829999999999
20,"poisson","KFAS_K240",1.81558034045157,0.884917328369981,259.53
20,"poisson","sdmTMB",1.66573232697231,0.838229898532272,129.933
21,"poisson","GLM",2.66071376563043,1.35133059871995,0.0430000000001201
21,"poisson","GAM",2.04766065433217,1.02385863153998,49.9489999999996
21,"poisson","cf_dglm",1.78238323803301,0.891984385250462,2.42999999999984
21,"poisson","KFAS_K120",1.8408341367623,0.913772082444291,27.3220000000001
21,"poisson","KFAS_K240",1.84982250505264,0.916992251114279,254.773
21,"poisson","sdmTMB",1.77397862101177,0.88632418252829,99.3160000000003
22,"poisson","GLM",2.12141781379125,1.06660602573576,0.0459999999998217
22,"poisson","GAM",1.70294041112136,0.838357307593322,41.9639999999999
22,"poisson","cf_dglm",1.50387583421817,0.753744979010485,2.26800000000003
22,"poisson","KFAS_K120",1.54911118817745,0.769750443983082,33.8359999999998
22,"poisson","KFAS_K240",1.55509858015532,0.772395181830092,253.975
22,"poisson","sdmTMB",1.48822207616863,0.7456371101376,115.088
23,"poisson","GLM",2.92030813037013,1.3424341380977,0.0460000000002765
23,"poisson","GAM",2.19256005487191,1.04051787816584,51.0360000000001
23,"poisson","cf_dglm",1.75454403376611,0.86634209666647,3.39800000000014
23,"poisson","KFAS_K120",1.86185695203363,0.900552186140069,34.9289999999996
23,"poisson","KFAS_K240",1.87715306273489,0.905814176332609,255.964
23,"poisson","sdmTMB",1.74115239622393,0.856986671161392,115.683
24,"poisson","GLM",2.37518456297402,1.16925408375112,0.0489999999999782
24,"poisson","GAM",1.89937989080547,0.931478445889161,49.9639999999999
24,"poisson","cf_dglm",1.66499779204135,0.822109683148019,3.82099999999991
24,"poisson","KFAS_K120",1.72803626506704,0.8453331348184,33.893
24,"poisson","KFAS_K240",1.74586125428356,0.851852632393989,253.953
24,"poisson","sdmTMB",1.63790796318209,0.810448028226033,101.639
25,"poisson","GLM",2.09842752182614,1.07432817692008,0.043999999999869
25,"poisson","GAM",1.68905984051413,0.838049229616398,42.0450000000001
25,"poisson","cf_dglm",1.56515590452456,0.779447940536542,1.404
25,"poisson","KFAS_K120",1.61984929004048,0.802024909898626,33.8629999999998
25,"poisson","KFAS_K240",1.62690197708725,0.805475860988257,259.505
25,"poisson","sdmTMB",1.56441690159966,0.778189354195439,107.621
26,"poisson","GLM",2.7854861916139,1.24393079299501,0.0470000000000255
26,"poisson","GAM",2.00145258196788,0.942587871638372,49.9429999999998
26,"poisson","cf_dglm",1.65440231333475,0.805316937111629,2.20499999999993
26,"poisson","KFAS_K120",1.72915761040646,0.826402391589499,33.2179999999998
26,"poisson","KFAS_K240",1.74346703495862,0.832569575922143,258.032
26,"poisson","sdmTMB",1.64134999516952,0.796475986246574,110.23
27,"poisson","GLM",1.92581442349098,0.961191939379394,0.0480000000002292
27,"poisson","GAM",1.66041359482792,0.812674068404909,49.9769999999999
27,"poisson","cf_dglm",1.4457322414918,0.715176529944907,2.13200000000006
27,"poisson","KFAS_K120",1.49139333767683,0.734649309969495,33.7799999999997
27,"poisson","KFAS_K240",1.49601913815721,0.736075570185483,255.082
27,"poisson","sdmTMB",1.43791579732762,0.710252653137672,111.137
28,"poisson","GLM",2.79502075862299,1.40719128930911,0.0479999999997744
28,"poisson","GAM",2.17270559192461,1.08412512334485,49.9929999999999
28,"poisson","cf_dglm",1.81004516614525,0.907078188090995,2.07499999999982
28,"poisson","KFAS_K120",1.89814332287371,0.941211167842352,27.7130000000002
28,"poisson","KFAS_K240",1.89222939557519,0.939246409841247,283.019
28,"poisson","sdmTMB",1.79529608793879,0.902635233702874,111.349
29,"poisson","GLM",2.18119173545751,1.06762687912212,0.0460000000002765
29,"poisson","GAM",1.6829523530692,0.817558724494849,43.1350000000002
29,"poisson","cf_dglm",1.52735945655717,0.748743423267408,4.41700000000037
29,"poisson","KFAS_K120",1.58754035581658,0.771548992934136,35.1600000000003
29,"poisson","KFAS_K240",1.59102873323714,0.772955673960341,255.119
29,"poisson","sdmTMB",1.51899607656733,0.74347415858097,123.363
30,"poisson","GLM",2.67940529674492,1.31946400713895,0.0520000000001346
30,"poisson","GAM",2.12450262183183,1.02720898390429,49.9380000000001
30,"poisson","cf_dglm",1.8338506266344,0.895837011589668,2.05400000000009
30,"poisson","KFAS_K120",1.88715130596409,0.914271735064523,27.156
30,"poisson","KFAS_K240",1.9027753605624,0.919523428261565,222.46
30,"poisson","sdmTMB",1.83354337956375,0.891672788447935,104.48
31,"poisson","GLM",2.14657563742464,1.05356248915748,0.0489999999999782
31,"poisson","GAM",1.71876613685493,0.841390727186154,42.0740000000001
31,"poisson","cf_dglm",1.51670024287492,0.753866319582575,1.80799999999999
31,"poisson","KFAS_K120",1.60478219304644,0.785487182251904,33.261
31,"poisson","KFAS_K240",1.60641393464095,0.786032651782884,264.433
31,"poisson","sdmTMB",1.51195542578676,0.748896155056257,114.547
32,"poisson","GLM",2.70466833131957,1.32310751368246,0.0499999999997272
32,"poisson","GAM",2.14372479350455,1.0458895572443,49.9380000000001
32,"poisson","cf_dglm",1.74872769041294,0.881629378005125,3.15599999999995
32,"poisson","KFAS_K120",1.83891444983871,0.900852758898463,28.5070000000001
32,"poisson","KFAS_K240",1.85037103414794,0.904821226981231,254.444
32,"poisson","sdmTMB",1.74493965484961,0.876783010039245,140.03
33,"poisson","GLM",2.28435062609351,1.17431611798237,0.0470000000000255
33,"poisson","GAM",1.87640897666844,0.932515061583073,42.1149999999998
33,"poisson","cf_dglm",1.66140859776118,0.82302447625568,2.14399999999978
33,"poisson","KFAS_K120",1.70549712285691,0.843541541170963,33.5750000000003
33,"poisson","KFAS_K240",1.71623817739575,0.848047157525894,260.069
33,"poisson","sdmTMB",1.6576206927684,0.821295259506056,125.744
34,"poisson","GLM",2.27581426600052,1.15950381490119,0.0509999999999309
34,"poisson","GAM",1.91998507806158,0.96312842483171,43.1749999999997
34,"poisson","cf_dglm",1.58810626755967,0.802435378534115,1.70600000000013
34,"poisson","KFAS_K120",1.6220972513234,0.815756149056044,27.9200000000001
34,"poisson","KFAS_K240",1.62915489361106,0.818753095312031,253.149
34,"poisson","sdmTMB",1.584646211855,0.797861970084123,113.556
35,"poisson","GLM",2.83382327420091,1.28933788501399,0.0480000000002292
35,"poisson","GAM",2.18385886836537,1.01409544360766,49.9929999999999
35,"poisson","cf_dglm",1.81277364891979,0.877029777192066,2.404
35,"poisson","KFAS_K120",1.94321763608135,0.906243995507852,35.5159999999996
35,"poisson","KFAS_K240",1.97200617588762,0.911303990921897,253.545
35,"poisson","sdmTMB",1.78465903323629,0.867541818914592,104.797
36,"poisson","GLM",2.10584369992843,1.0666063620527,0.0480000000002292
36,"poisson","GAM",1.75682202988061,0.874385199677067,49.9110000000001
36,"poisson","cf_dglm",1.5807742944397,0.788376178005066,2.04100000000017
36,"poisson","KFAS_K120",1.6163770192625,0.802159520467456,33.3599999999997
36,"poisson","KFAS_K240",1.61633635222665,0.801614336464134,259.063
36,"poisson","sdmTMB",1.56401378254775,0.779392117959994,122.698
37,"poisson","GLM",2.55421796832192,1.27354654453711,0.0520000000001346
37,"poisson","GAM",1.92967473073385,0.961310069319485,43.1369999999997
37,"poisson","cf_dglm",1.73530728860655,0.862474906424443,2.31500000000005
37,"poisson","KFAS_K120",1.7838768290852,0.884657592607895,35.3810000000003
37,"poisson","KFAS_K240",1.78991116675625,0.887402720273248,258.316
37,"poisson","sdmTMB",1.71248812603592,0.854238991426487,101.043
38,"poisson","GLM",2.55161164954356,1.26706895919044,0.0490000000004329
38,"poisson","GAM",2.0297869717883,0.995596763049921,49.9159999999997
38,"poisson","cf_dglm",1.72810923729994,0.849470104498072,1.68100000000004
38,"poisson","KFAS_K120",1.83596081557249,0.882140032559294,33.0160000000001
38,"poisson","KFAS_K240",1.85019515953937,0.888119028566946,254.355
38,"poisson","sdmTMB",1.72574178709962,0.845687787674997,133.696
39,"poisson","GLM",2.49004349115176,1.21771925625266,0.0500000000001819
39,"poisson","GAM",1.96978093147241,0.968823071938672,49.828
39,"poisson","cf_dglm",1.67021753282641,0.832332162736865,2.52099999999973
39,"poisson","KFAS_K120",1.76567853438059,0.861050336584072,33.1480000000001
39,"poisson","KFAS_K240",1.78073972978863,0.866748571677912,221.796
39,"poisson","sdmTMB",1.66441352784781,0.825539564617317,103.101
40,"poisson","GLM",2.12164333786567,1.07996551385646,0.0470000000000255
40,"poisson","GAM",1.74451222755539,0.86778778268,49.6959999999999
40,"poisson","cf_dglm",1.57071908555126,0.780583150266541,1.81500000000005
40,"poisson","KFAS_K120",1.59497369585734,0.789544439725158,34.4100000000003
40,"poisson","KFAS_K240",1.60006455144967,0.791115232982033,255.945
40,"poisson","sdmTMB",1.55981190010498,0.771895711414388,121.18
41,"poisson","GLM",2.34163626180085,1.1800862842606,0.0459999999998217
41,"poisson","GAM",1.87325580333259,0.939754849816509,49.9580000000001
41,"poisson","cf_dglm",1.66046262105294,0.835110815134761,2.02499999999964
41,"poisson","KFAS_K120",1.70930465058298,0.857629807296545,34.1489999999999
41,"poisson","KFAS_K240",1.71907382019682,0.861078976139316,254.012
41,"poisson","sdmTMB",1.6478285189123,0.829675081762674,114.352
42,"poisson","GLM",2.09771691542658,1.05760975870351,0.0459999999998217
42,"poisson","GAM",1.78593811863901,0.887641627384759,42.009
42,"poisson","cf_dglm",1.51296124214793,0.754337285209508,4.60999999999967
42,"poisson","KFAS_K120",1.576042148306,0.778241643159212,27.3220000000001
42,"poisson","KFAS_K240",1.57500487507711,0.778744029803236,257.664
42,"poisson","sdmTMB",1.51531517577745,0.752926396940473,109.057
43,"poisson","GLM",2.35593822131065,1.17032203121306,0.0509999999999309
43,"poisson","GAM",1.82788367613777,0.9055085742543,49.9409999999998
43,"poisson","cf_dglm",1.62086475223424,0.806673258857747,2.57600000000002
43,"poisson","KFAS_K120",1.69119378596445,0.828167029220132,34.788
43,"poisson","KFAS_K240",1.69480720818489,0.82984203219117,264.046
43,"poisson","sdmTMB",1.62683675165904,0.80847414165162,102.718
44,"poisson","GLM",2.40828857910817,1.20075592380498,0.0470000000000255
44,"poisson","GAM",1.97344080846006,0.976533052520993,49.8899999999999
44,"poisson","cf_dglm",1.72146281051491,0.855632210182451,2.50199999999995
44,"poisson","KFAS_K120",1.77824095094204,0.874120299158204,32.9780000000001
44,"poisson","KFAS_K240",1.7775155300894,0.874412433727823,258.269
44,"poisson","sdmTMB",1.70146238908512,0.845210834208865,109.11
45,"poisson","GLM",2.30229420718714,1.15831593910348,0.0479999999997744
45,"poisson","GAM",1.92418943227914,0.939431260861108,49.8720000000003
45,"poisson","cf_dglm",1.65236213705512,0.82087366078351,1.904
45,"poisson","KFAS_K120",1.74188186895226,0.850725899975304,33.739
45,"poisson","KFAS_K240",1.75349891897197,0.853691628855171,255.375
45,"poisson","sdmTMB",1.64728734651135,0.813739116860855,125.022
46,"poisson","GLM",2.42996194651151,1.23589763477575,0.0459999999998217
46,"poisson","GAM",1.99061948697938,1.00107662050223,49.8779999999997
46,"poisson","cf_dglm",1.67357497161516,0.841504400031886,2.32000000000016
46,"poisson","KFAS_K120",1.75584181288179,0.871507644863975,27.7529999999997
46,"poisson","KFAS_K240",1.76253322811567,0.874895130809458,254.6
46,"poisson","sdmTMB",1.6668887896763,0.835263893428275,109.756
47,"poisson","GLM",2.05968151121852,1.04966337772471,0.0510000000003856
47,"poisson","GAM",1.69602954867535,0.852984414804995,49.864
47,"poisson","cf_dglm",1.51981049406371,0.762973995740993,2.30399999999963
47,"poisson","KFAS_K120",1.56843651826189,0.787740272435622,33.877
47,"poisson","KFAS_K240",1.57089311570614,0.789016566339743,257.412
47,"poisson","sdmTMB",1.51337175340557,0.759112643776194,93.9940000000001
48,"poisson","GLM",2.56560447337986,1.25607407878921,0.0489999999999782
48,"poisson","GAM",2.04105115743456,0.982503546422098,49.9470000000001
48,"poisson","cf_dglm",1.71035888176968,0.846218567362279,2.24099999999999
48,"poisson","KFAS_K120",1.81276724689145,0.88394539480786,33.7949999999996
48,"poisson","KFAS_K240",1.81365197437012,0.886037960054125,258.04
48,"poisson","sdmTMB",1.71546784172523,0.847543186402849,115.922
49,"poisson","GLM",2.53161218085005,1.26585468551908,0.0489999999999782
49,"poisson","GAM",1.99130643903504,1.00871703084968,49.971
49,"poisson","cf_dglm",1.6986933297021,0.864044927214797,2.00099999999975
49,"poisson","KFAS_K120",1.76507146160158,0.889123389526118,33.9440000000004
49,"poisson","KFAS_K240",1.77930975937004,0.894025860042855,252.969
49,"poisson","sdmTMB",1.69442790704614,0.860658199708902,118.025
50,"poisson","GLM",2.24606313657966,1.15352896693475,0.0489999999999782
50,"poisson","GAM",1.84197049059122,0.920807383044648,49.9369999999999
50,"poisson","cf_dglm",1.63993566427851,0.817402506120046,3.77800000000025
50,"poisson","KFAS_K120",1.71314900467103,0.849423043218474,34.1970000000001
50,"poisson","KFAS_K240",1.71670485275059,0.850127167058469,258.224
50,"poisson","sdmTMB",1.63650046058301,0.816066186075595,136.321
51,"poisson","GLM",2.2350173963107,1.09107808859418,0.0460000000002765
51,"poisson","GAM",1.79617395778401,0.881407908442516,41.9479999999999
51,"poisson","cf_dglm",1.54009651359647,0.762828158729483,2.82499999999982
51,"poisson","KFAS_K120",1.62912265417394,0.796571833472507,33.8870000000002
51,"poisson","KFAS_K240",1.63275699400624,0.798040823609212,221.713
51,"poisson","sdmTMB",1.54299351577147,0.76171562315373,106.512
52,"poisson","GLM",2.26037244270828,1.15723106131843,0.0489999999999782
52,"poisson","GAM",1.86920041741327,0.940389233399886,42.0709999999999
52,"poisson","cf_dglm",1.62399926660771,0.821408376841867,1.75500000000011
52,"poisson","KFAS_K120",1.69195962491309,0.85156828076693,34.0819999999999
52,"poisson","KFAS_K240",1.69649019256173,0.853541780537264,257.295
52,"poisson","sdmTMB",1.62057133583983,0.818823767482496,98.4230000000002
53,"poisson","GLM",2.20698119794779,1.07179855013209,0.0500000000001819
53,"poisson","GAM",1.82031000430652,0.887858133559507,49.9280000000003
53,"poisson","cf_dglm",1.56378475000022,0.771059728930265,2.01200000000017
53,"poisson","KFAS_K120",1.6236454513468,0.789294174058519,33.1790000000001
53,"poisson","KFAS_K240",1.62967603996631,0.791509268716217,221.759
53,"poisson","sdmTMB",1.55329318531384,0.761667086796408,111.334
54,"poisson","GLM",2.33164746534,1.16309377070946,0.0489999999999782
54,"poisson","GAM",1.94779290692609,0.958111123877371,49.9649999999997
54,"poisson","cf_dglm",1.66373229914323,0.828703239197621,2.08400000000029
54,"poisson","KFAS_K120",1.74352626005238,0.850224586051411,33.7729999999997
54,"poisson","KFAS_K240",1.75806455318284,0.855408862430345,221.987
54,"poisson","sdmTMB",1.657098215314,0.822034348247456,125.158
55,"poisson","GLM",2.30687358469584,1.13146780106459,0.0500000000001819
55,"poisson","GAM",1.7965275297308,0.885615965089395,49.9459999999999
55,"poisson","cf_dglm",1.64683559394904,0.804103716272073,2.61300000000028
55,"poisson","KFAS_K120",1.67840569393783,0.816397327203195,33.8509999999997
55,"poisson","KFAS_K240",1.68609610212998,0.818464344394676,253.572
55,"poisson","sdmTMB",1.62157887020644,0.793051631583923,96.029
56,"poisson","GLM",2.63620711837009,1.28528815856857,0.0489999999999782
56,"poisson","GAM",2.13791778203269,1.04160944570408,49.902
56,"poisson","cf_dglm",1.76708449362404,0.877205318887642,2.26800000000003
56,"poisson","KFAS_K120",1.80069733631296,0.8845075731324,27.482
56,"poisson","KFAS_K240",1.81779190863665,0.89115150671071,258.667
56,"poisson","sdmTMB",1.75375451988821,0.866149095593625,97.7200000000003
57,"poisson","GLM",2.20099741131532,1.11800121661191,0.0509999999999309
57,"poisson","GAM",1.73945496034363,0.86763699367794,49.77
57,"poisson","cf_dglm",1.56107783183151,0.778041324368191,2.99099999999999
57,"poisson","KFAS_K120",1.59854701120581,0.798200740271106,33.8020000000001
57,"poisson","KFAS_K240",1.60242411346257,0.800217984445781,256.092
57,"poisson","sdmTMB",1.55165569389552,0.774058531751938,114.425
58,"poisson","GLM",2.24131871254059,1.15370062495052,0.0509999999999309
58,"poisson","GAM",1.83478844455186,0.921891762359525,43.0680000000002
58,"poisson","cf_dglm",1.59796446751286,0.810042703350455,2.46399999999994
58,"poisson","KFAS_K120",1.66606655597784,0.838259658370053,33.7939999999999
58,"poisson","KFAS_K240",1.66769034801533,0.839415119818338,252.318
58,"poisson","sdmTMB",1.59243309932795,0.804305688890587,134.992
59,"poisson","GLM",2.39397397350333,1.2222315418569,0.0450000000000728
59,"poisson","GAM",1.964020900974,0.977709996255834,50.8499999999999
59,"poisson","cf_dglm",1.70238105650955,0.851727509019188,1.86599999999999
59,"poisson","KFAS_K120",1.74349407307174,0.866314623679473,27.2179999999998
59,"poisson","KFAS_K240",1.7549005548061,0.870759222302817,255.941
59,"poisson","sdmTMB",1.68774414984414,0.842722781562662,148.996
60,"poisson","GLM",2.52572787475672,1.25781860863423,0.043999999999869
60,"poisson","GAM",2.02321933234759,0.989404023240835,49.7069999999999
60,"poisson","cf_dglm",1.66246197606425,0.827500626029884,2.26499999999987
60,"poisson","KFAS_K120",1.75862098012351,0.85762875240649,34.366
60,"poisson","KFAS_K240",1.75526099583763,0.85854016648463,254.503
60,"poisson","sdmTMB",1.65090636126927,0.822262521727251,108.005
61,"poisson","GLM",2.70996457048565,1.36968697796479,0.0460000000002765
61,"poisson","GAM",2.09027231408424,1.0516921107101,49.9660000000003
61,"poisson","cf_dglm",1.82711102839449,0.921443991223826,2.14099999999962
61,"poisson","KFAS_K120",1.90367372711948,0.94229021295612,28.7219999999998
61,"poisson","KFAS_K240",1.93346995199147,0.952979636506135,253.909
61,"poisson","sdmTMB",1.81558711777465,0.914000045965949,108.021
62,"poisson","GLM",2.29017702067267,1.15419307579101,0.0460000000002765
62,"poisson","GAM",1.85928575277061,0.919511058159666,43.1060000000002
62,"poisson","cf_dglm",1.62872445764913,0.815492215295044,2.11299999999983
62,"poisson","KFAS_K120",1.68166991374208,0.838424911214174,33.9490000000001
62,"poisson","KFAS_K240",1.69089408896726,0.842505911367433,257.391
62,"poisson","sdmTMB",1.62561196950224,0.812848914128432,106.911
63,"poisson","GLM",2.49543157077262,1.17567755689999,0.0459999999998217
63,"poisson","GAM",1.8889934561574,0.916272803992971,49.962
63,"poisson","cf_dglm",1.6089893997063,0.797898501212387,3.20199999999977
63,"poisson","KFAS_K120",1.72867685622256,0.829831605662942,33.6770000000001
63,"poisson","KFAS_K240",1.71920643142507,0.830935136556054,262.565
63,"poisson","sdmTMB",1.59208009905755,0.788877611504913,97.0740000000001
64,"poisson","GLM",2.32250511896414,1.19048495575275,0.0470000000000255
64,"poisson","GAM",1.83807746568551,0.91498567996487,43.1489999999999
64,"poisson","cf_dglm",1.5924151905014,0.798030617359986,1.95299999999997
64,"poisson","KFAS_K120",1.65844626469763,0.823746369375176,33.9490000000001
64,"poisson","KFAS_K240",1.66227804908959,0.825291580431536,222.429
64,"poisson","sdmTMB",1.57834052762023,0.79158970203243,110.671
65,"poisson","GLM",2.48572735316467,1.20392140809739,0.0509999999999309
65,"poisson","GAM",1.99871092586891,0.960255444743358,42.0029999999997
65,"poisson","cf_dglm",1.67595353194687,0.828539821633999,2.65999999999985
65,"poisson","KFAS_K120",1.77764224329495,0.847158342049348,33.7779999999998
65,"poisson","KFAS_K240",1.77723829342081,0.846641420848391,263.934
65,"poisson","sdmTMB",1.66836944265626,0.818460614392834,121.877
66,"poisson","GLM",2.20876245653856,1.06898357389348,0.0469999999995707
66,"poisson","GAM",1.76359447442919,0.851431688238999,42.0480000000002
66,"poisson","cf_dglm",1.54715522577314,0.755342627566393,1.97499999999991
66,"poisson","KFAS_K120",1.58270868445297,0.766906748019641,33.3530000000001
66,"poisson","KFAS_K240",1.59732040294293,0.771203233279987,257.438
66,"poisson","sdmTMB",1.52509541243399,0.743060215664682,127.031
67,"poisson","GLM",2.57222479246288,1.22275105797447,0.0489999999999782
67,"poisson","GAM",2.06359202009935,0.993249290659946,49.9749999999999
67,"poisson","cf_dglm",1.66377657319872,0.820044068166403,2.37100000000009
67,"poisson","KFAS_K120",1.81675635413884,0.861300081914581,33.7240000000002
67,"poisson","KFAS_K240",1.83159567744694,0.865379433517277,221.835
67,"poisson","sdmTMB",1.6584208304782,0.810379403886595,148.242
68,"poisson","GLM",2.18605452601544,1.11270229556734,0.0459999999998217
68,"poisson","GAM",1.77314028129022,0.886741827612549,49.991
68,"poisson","cf_dglm",1.59390779267104,0.795691462765511,2.21300000000019
68,"poisson","KFAS_K120",1.64703472320106,0.818305609599426,34.6970000000001
68,"poisson","KFAS_K240",1.65481376463532,0.821548808552465,254.6
68,"poisson","sdmTMB",1.58791488691056,0.792301599474655,95.5860000000002
69,"poisson","GLM",2.28177875452435,1.10596323176126,0.0509999999999309
69,"poisson","GAM",1.79037761868421,0.870533403321811,49.9720000000002
69,"poisson","cf_dglm",1.55414287360938,0.771555656373426,1.87599999999975
69,"poisson","KFAS_K120",1.62708433494271,0.7951908407056,34.018
69,"poisson","KFAS_K240",1.64913975211687,0.802129406327126,257.391
69,"poisson","sdmTMB",1.53820702234238,0.763398339822361,102.436
70,"poisson","GLM",2.4225483655316,1.20232835782706,0.0500000000001819
70,"poisson","GAM",2.04345469773341,0.988551147908616,42.0909999999999
70,"poisson","cf_dglm",1.73824458721795,0.850294654802621,3.69599999999991
70,"poisson","KFAS_K120",1.80369710948609,0.867724595647601,27.7539999999999
70,"poisson","KFAS_K240",1.81311674672338,0.872123321671029,259.658
70,"poisson","sdmTMB",1.71244084495572,0.840522507707511,131.973
71,"poisson","GLM",2.52023459111237,1.30785305857221,0.0499999999997272
71,"poisson","GAM",2.06426068723581,1.03643377941756,49.9739999999997
71,"poisson","cf_dglm",1.78327830421727,0.902237760413355,2.0359999999996
71,"poisson","KFAS_K120",1.84652631180815,0.921739123718791,28.1029999999996
71,"poisson","KFAS_K240",1.8449011712943,0.92121546680568,253.098
71,"poisson","sdmTMB",1.78218960349639,0.898656131710884,104.393
72,"poisson","GLM",2.0520867448297,1.00705629416058,0.0529999999998836
72,"poisson","GAM",1.65660452371138,0.815148970505674,50
72,"poisson","cf_dglm",1.51283628011651,0.750482117523978,2.67199999999957
72,"poisson","KFAS_K120",1.53735803163386,0.757819061062377,33.0519999999997
72,"poisson","KFAS_K240",1.54121034874912,0.759864956221662,221.925
72,"poisson","sdmTMB",1.50090384019428,0.742011481155182,108.586
73,"poisson","GLM",2.2962273055948,1.1210067050319,0.0489999999999782
73,"poisson","GAM",1.86099502838287,0.8998222074031,43.0809999999997
73,"poisson","cf_dglm",1.56978065901487,0.776095435085546,2.17599999999993
73,"poisson","KFAS_K120",1.63543024832443,0.797432692387366,33.6689999999999
73,"poisson","KFAS_K240",1.64109293203337,0.800397806211452,242.801
73,"poisson","sdmTMB",1.564763017038,0.77170668927256,122.268
74,"poisson","GLM",2.3714478491707,1.16761738967746,0.0470000000000255
74,"poisson","GAM",1.91385158279848,0.946409974799392,42.0190000000002
74,"poisson","cf_dglm",1.66729265109068,0.8335045356466,2.45400000000018
74,"poisson","KFAS_K120",1.70224302387216,0.843211334776787,33.174
74,"poisson","KFAS_K240",1.72624800509128,0.849834398291716,254.548
74,"poisson","sdmTMB",1.66153487446333,0.826377131815372,137.937
75,"poisson","GLM",2.02259670829822,1.00890248103898,0.0489999999999782
75,"poisson","GAM",1.71397706911008,0.840399626413538,43.0430000000001
75,"poisson","cf_dglm",1.52971079484423,0.752164445246157,4.46799999999985
75,"poisson","KFAS_K120",1.59645817940333,0.78012683114469,33.556
75,"poisson","KFAS_K240",1.6040632979136,0.78353663600895,253.653
75,"poisson","sdmTMB",1.53277118237313,0.752076761874511,108.717
76,"poisson","GLM",2.37796016412121,1.20546856837881,0.0480000000002292
76,"poisson","GAM",1.87110967920294,0.941010074437275,49.828
76,"poisson","cf_dglm",1.69584418051822,0.848804274169425,1.88800000000037
76,"poisson","KFAS_K120",1.74045425419089,0.865056247995608,33.8779999999997
76,"poisson","KFAS_K240",1.74594672822211,0.866157637681191,255.179
76,"poisson","sdmTMB",1.6642038252554,0.836084831486465,126.864
77,"poisson","GLM",2.4348923875469,1.1832767149053,0.0489999999999782
77,"poisson","GAM",1.82339651065205,0.914737250185427,49.799
77,"poisson","cf_dglm",1.64021736506672,0.82447503051812,1.97600000000011
77,"poisson","KFAS_K120",1.71854620699575,0.846431772800494,35.1510000000003
77,"poisson","KFAS_K240",1.73477523275991,0.851538808799183,221.787
77,"poisson","sdmTMB",1.62536005363216,0.817561462827718,103.362
78,"poisson","GLM",2.72211900765696,1.38120105527139,0.0460000000002765
78,"poisson","GAM",2.17011901056162,1.08411542494031,49.8160000000003
78,"poisson","cf_dglm",1.85255872270317,0.923565292486758,1.97599999999966
78,"poisson","KFAS_K120",1.92637665645247,0.943106363713869,27.0629999999996
78,"poisson","KFAS_K240",1.94632832677782,0.948605882681432,258.188
78,"poisson","sdmTMB",1.82268493865643,0.91077141348482,132.003
79,"poisson","GLM",2.55906313656499,1.23698234089135,0.0450000000000728
79,"poisson","GAM",2.09830129093432,1.02095895478095,49.7350000000001
79,"poisson","cf_dglm",1.76192670729502,0.865845301725715,1.81600000000026
79,"poisson","KFAS_K120",1.86700542257545,0.899069194438167,33.8539999999998
79,"poisson","KFAS_K240",1.87593368670042,0.9020437595441,255.105
79,"poisson","sdmTMB",1.77281291825457,0.86632914684861,113.586
80,"poisson","GLM",2.44192497911572,1.22179685653801,0.043999999999869
80,"poisson","GAM",2.00382349251534,1.00323321521825,41.8530000000001
80,"poisson","cf_dglm",1.74240197782371,0.861669163593118,1.91600000000017
80,"poisson","KFAS_K120",1.73832657428913,0.865000553218286,33.0639999999999
80,"poisson","KFAS_K240",1.74606154684253,0.867286195702503,261.758
80,"poisson","sdmTMB",1.71754581426252,0.850795298355135,104.935
81,"poisson","GLM",2.66787298993468,1.24181861930223,0.044999999999618
81,"poisson","GAM",1.98137657771232,0.958638338309268,49.848
81,"poisson","cf_dglm",1.68876016737549,0.821859383722774,3.21199999999999
81,"poisson","KFAS_K120",1.74766243594324,0.845270620979153,34.2730000000001
81,"poisson","KFAS_K240",1.75998115456066,0.847061006997906,295.982
81,"poisson","sdmTMB",1.6570413134812,0.809899872955127,107.922
82,"poisson","GLM",2.60286784447802,1.20380233253005,0.0450000000000728
82,"poisson","GAM",1.95830095394574,0.93858833103763,49.915
82,"poisson","cf_dglm",1.70072478439254,0.82655103194723,2.47499999999991
82,"poisson","KFAS_K120",1.77707189431874,0.850055472955378,33.768
82,"poisson","KFAS_K240",1.77935726902724,0.851109517058447,256.136
82,"poisson","sdmTMB",1.68486182866917,0.819781625553907,107.645
83,"poisson","GLM",2.57923073338252,1.24147834110177,0.0479999999997744
83,"poisson","GAM",2.20289083029054,1.05839279064531,49.8689999999997
83,"poisson","cf_dglm",1.75136295232843,0.870262835186927,2.2859999999996
83,"poisson","KFAS_K120",1.8795899139224,0.900433154396767,27.223
83,"poisson","KFAS_K240",1.91163708429287,0.908047138063468,254.554000000001
83,"poisson","sdmTMB",1.73667196360849,0.859863284014018,129.81
84,"poisson","GLM",2.39065191048579,1.18417962682244,0.0489999999999782
84,"poisson","GAM",1.91964977131295,0.940196253999284,43.0369999999998
84,"poisson","cf_dglm",1.6236671002459,0.806999136939197,2.22299999999996
84,"poisson","KFAS_K120",1.68926399571828,0.830100076958921,34.2980000000002
84,"poisson","KFAS_K240",1.70330578294914,0.834789063092328,260.400000000001
84,"poisson","sdmTMB",1.61175156988877,0.800784237489667,111.659000000001
85,"poisson","GLM",2.35875015889493,1.20831177356067,0.0479999999997744
85,"poisson","GAM",1.92223180991523,0.952784547393931,49.9820000000004
85,"poisson","cf_dglm",1.68482931079716,0.837362718781369,1.94900000000007
85,"poisson","KFAS_K120",1.75816126676558,0.866975265812933,34.2709999999997
85,"poisson","KFAS_K240",1.76897041832954,0.870937689047579,255.986
85,"poisson","sdmTMB",1.69109335438737,0.836761908864389,109.541
86,"poisson","GLM",2.3539861182122,1.16565548256117,0.0470000000000255
86,"poisson","GAM",1.95078427670283,0.968189971715205,49.8799999999997
86,"poisson","cf_dglm",1.68401119596934,0.836160984874768,1.9409999999998
86,"poisson","KFAS_K120",1.76446604926606,0.860095893058024,33.4500000000003
86,"poisson","KFAS_K240",1.77688720701801,0.865071184646551,261.124
86,"poisson","sdmTMB",1.66826279776223,0.828346500999727,116.536
87,"poisson","GLM",2.51943975640327,1.21884003021716,0.0480000000002292
87,"poisson","GAM",1.92317929533572,0.9438102726755,43.1190000000001
87,"poisson","cf_dglm",1.66721207321687,0.833755987402722,4.45100000000002
87,"poisson","KFAS_K120",1.7939778934933,0.869640212722084,33.1379999999999
87,"poisson","KFAS_K240",1.81041010633917,0.874199216635653,256.075
87,"poisson","sdmTMB",1.66500732884942,0.829310492565324,129.727
88,"poisson","GLM",2.63309354044399,1.32857583192802,0.0530000000003383
88,"poisson","GAM",2.14404388696392,1.08830079884396,49.973
88,"poisson","cf_dglm",1.7933232331248,0.908272104430313,2.27199999999993
88,"poisson","KFAS_K120",1.87735395991048,0.934104108269852,27.9849999999997
88,"poisson","KFAS_K240",1.90975036403835,0.94432621896884,253.825
88,"poisson","sdmTMB",1.7887142178726,0.900606544648707,160.878
89,"poisson","GLM",2.22547275228276,1.12994713556052,0.0480000000002292
89,"poisson","GAM",1.78468188694362,0.894244161072507,49.9280000000003
89,"poisson","cf_dglm",1.59722283657583,0.804301197431057,1.82600000000002
89,"poisson","KFAS_K120",1.65867382135424,0.828656267793941,33.5840000000003
89,"poisson","KFAS_K240",1.66706701868562,0.831524310113767,221.844
89,"poisson","sdmTMB",1.58907493996699,0.797101703851636,119.675
90,"poisson","GLM",2.79579387276924,1.43052179737099,0.0520000000001346
90,"poisson","GAM",2.20827550838006,1.10736480515804,49.9389999999999
90,"poisson","cf_dglm",1.9057339040461,0.958701671186233,1.96100000000024
90,"poisson","KFAS_K120",1.97547299338541,0.97945447683661,34.0169999999998
90,"poisson","KFAS_K240",1.98708533901745,0.984883225430892,242.141000000001
90,"poisson","sdmTMB",1.87348725680487,0.941891640956746,118.642
91,"poisson","GLM",2.22183026283162,1.12304155929818,0.0470000000000255
91,"poisson","GAM",1.80100755590037,0.901318894195846,49.8899999999999
91,"poisson","cf_dglm",1.64324684384499,0.81963694398619,3.36300000000028
91,"poisson","KFAS_K120",1.69885572364902,0.843980924991113,33.9639999999999
91,"poisson","KFAS_K240",1.71044810220848,0.846606641381699,255.057
91,"poisson","sdmTMB",1.62753993467825,0.813637583583503,102.124000000001
92,"poisson","GLM",2.39788943238278,1.21322798588837,0.0489999999999782
92,"poisson","GAM",1.99368140507034,0.981888217774232,43.1260000000002
92,"poisson","cf_dglm",1.70828199538095,0.852067919007516,2.37099999999964
92,"poisson","KFAS_K120",1.75832842430571,0.870219598892848,34.2360000000003
92,"poisson","KFAS_K240",1.76811928681027,0.873428553433067,255.847
92,"poisson","sdmTMB",1.70275931116743,0.847986770372659,115.462
93,"poisson","GLM",2.48812184413054,1.22527443831898,0.0500000000001819
93,"poisson","GAM",1.99878141472449,0.977493971077141,42.04
93,"poisson","cf_dglm",1.70846396701825,0.842439086897325,4.87300000000005
93,"poisson","KFAS_K120",1.74956748475274,0.856315635741451,29.6639999999998
93,"poisson","KFAS_K240",1.75493836958252,0.858993159709381,242.303
93,"poisson","sdmTMB",1.6982847599966,0.833361696884129,113.440000000001
94,"poisson","GLM",2.81267686569265,1.31760396955131,0.0529999999998836
94,"poisson","GAM",2.02129453703757,0.99057522761849,49.9189999999999
94,"poisson","cf_dglm",1.7690198109957,0.866130319211137,2.39699999999993
94,"poisson","KFAS_K120",1.83710356199372,0.888264885654113,33.7289999999998
94,"poisson","KFAS_K240",1.85697096753092,0.895299957903831,258.875
94,"poisson","sdmTMB",1.74844398005021,0.86144794566288,109.494
95,"poisson","GLM",2.51294613450466,1.14761568377972,0.0509999999999309
95,"poisson","GAM",1.82756815967813,0.89506194692665,49.8360000000002
95,"poisson","cf_dglm",1.61815035118892,0.798427912286739,2.59799999999996
95,"poisson","KFAS_K120",1.72464050868358,0.825708782681625,33.9769999999999
95,"poisson","KFAS_K240",1.72961103882072,0.82751424913956,254.588
95,"poisson","sdmTMB",1.60230000528443,0.792002835132489,108.379
96,"poisson","GLM",2.81174619776923,1.37361552955565,0.0479999999997744
96,"poisson","GAM",2.13781625807291,1.03907142525025,49.857
96,"poisson","cf_dglm",1.79754955366855,0.892639266376506,2.48999999999978
96,"poisson","KFAS_K120",1.86927723706911,0.915973057604405,34.4880000000003
96,"poisson","KFAS_K240",1.88412211143938,0.920928006111366,264.547
96,"poisson","sdmTMB",1.78560967213832,0.88502951299759,120.563
97,"poisson","GLM",2.63734543438157,1.33662275476063,0.043999999999869
97,"poisson","GAM",2.21915826224199,1.09784929188298,49.7140000000004
97,"poisson","cf_dglm",1.8603488967295,0.92102091761751,1.721
97,"poisson","KFAS_K120",1.88654979484738,0.931190761658973,33.2309999999998
97,"poisson","KFAS_K240",1.89320230447462,0.93298864306283,254.436
97,"poisson","sdmTMB",1.82663009507394,0.906290641031239,107.895
98,"poisson","GLM",2.66237255007239,1.31036645719181,0.0440000000003238
98,"poisson","GAM",2.19347497579176,1.06235106387369,42.9090000000001
98,"poisson","cf_dglm",1.79284151039632,0.884232186299366,3.82099999999991
98,"poisson","KFAS_K120",1.92574443302567,0.923784570488146,34.48
98,"poisson","KFAS_K240",1.93390739175938,0.926691252375483,242.864
98,"poisson","sdmTMB",1.7927599854138,0.880560355316882,122.623
99,"poisson","GLM",2.49464337230976,1.22911655885783,0.0450000000000728
99,"poisson","GAM",2.06546978493145,1.01034122823826,49.797
99,"poisson","cf_dglm",1.6877805512929,0.842760454203084,2.23199999999997
99,"poisson","KFAS_K120",1.81990630460252,0.879938398571772,27.2629999999999
99,"poisson","KFAS_K240",1.82736627902281,0.881841867259892,265.184
99,"poisson","sdmTMB",1.67600164069714,0.836658614464248,122.546
100,"poisson","GLM",2.12894521755657,1.07535089220163,0.0450000000000728
100,"poisson","GAM",1.75833340841942,0.875346098993733,41.8590000000004
100,"poisson","cf_dglm",1.53903994567347,0.770846645049682,1.95100000000002
100,"poisson","KFAS_K120",1.58677188895629,0.79144188842175,33.806
100,"poisson","KFAS_K240",1.5961035473116,0.793800402831753,255.356
100,"poisson","sdmTMB",1.53628629840734,0.768054874534143,111.736
1,"binary","GLM",0.485293556503991,0.235509835984293,0.02
1,"binary","GAM",0.450425110322728,0.202882780009242,57.264
1,"binary","cf_dglm",0.442565324755122,0.195864066675607,1.891
1,"binary","KFAS_K120",0.456328118465621,0.208235351702373,27.714
1,"binary","KFAS_K240",0.456717545507313,0.208590916374224,252.468
1,"binary","sdmTMB",0.441187982035523,0.194646835492577,92.366
2,"binary","GLM",0.481156497675305,0.231511575255165,0.02
2,"binary","GAM",0.450123597847013,0.202611253338739,57.176
2,"binary","cf_dglm",0.439508160017719,0.19316742272216,2.431
2,"binary","KFAS_K120",0.454244554466926,0.206338115262856,27.806
2,"binary","KFAS_K240",0.454605706071185,0.20666634799248,253.895
2,"binary","sdmTMB",0.43786316332914,0.191724149800601,99.444
3,"binary","GLM",0.485719717468858,0.235923643938028,0.02
3,"binary","GAM",0.457033632123046,0.208879740891584,42.774
3,"binary","cf_dglm",0.444645413043202,0.197709543340359,3.806
3,"binary","KFAS_K120",0.458812764545024,0.210509152909447,33.389
3,"binary","KFAS_K240",0.45913681653156,0.210806616294735,221.957
3,"binary","sdmTMB",0.444741232586546,0.1977947639626,103.518
4,"binary","GLM",0.487607770590553,0.237761337940289,0.019
4,"binary","GAM",0.458828033508987,0.210523164333724,49.299
4,"binary","cf_dglm",0.449483867202439,0.20203574687526,1.41099999999999
4,"binary","KFAS_K120",0.461000533763713,0.212521492130428,27.779
4,"binary","KFAS_K240",0.461664635290755,0.213134235478146,253.238
4,"binary","sdmTMB",0.448490238220222,0.201143493778832,124.119
5,"binary","GLM",0.490440323744372,0.240531711154485,0.02
5,"binary","GAM",0.457725480437215,0.209512615441479,42.923
5,"binary","cf_dglm",0.447417687596991,0.200182587174639,3.79199999999999
5,"binary","KFAS_K120",0.460912391180746,0.212440232343953,27.688
5,"binary","KFAS_K240",0.461440795094376,0.21292760737733,263.477
5,"binary","sdmTMB",0.446724292465155,0.199562593478494,104.321
6,"binary","GLM",0.484719735391646,0.234953221878147,0.02
6,"binary","GAM",0.451214777159992,0.203594775127541,58.462
6,"binary","cf_dglm",0.44283681009236,0.196104440372777,3.164
6,"binary","KFAS_K120",0.456106663236811,0.208033288249018,27.618
6,"binary","KFAS_K240",0.456516516016951,0.208407329396255,259.076
6,"binary","sdmTMB",0.442862019059322,0.1961267679253,90.01
7,"binary","GLM",0.485333873337466,0.235548968608747,0.019
7,"binary","GAM",0.459580688385444,0.211214409136838,43.133
7,"binary","cf_dglm",0.448272690378387,0.200948404939077,3.78100000000001
7,"binary","KFAS_K120",0.460428813215875,0.211994692039379,27.684
7,"binary","KFAS_K240",0.46074757332049,0.212288326320721,221.235
7,"binary","sdmTMB",0.447455276879274,0.200216224807108,78.168
8,"binary","GLM",0.483115578847148,0.233400662524815,0.02
8,"binary","GAM",0.46078677298929,0.212324450161884,50.777
8,"binary","cf_dglm",0.440776684472021,0.194284085574147,3.497
8,"binary","KFAS_K120",0.457086328778751,0.208927911956436,31.301
8,"binary","KFAS_K240",0.457609119486368,0.209406106237089,221.296
8,"binary","sdmTMB",0.440967919550941,0.194452706073085,110.237
9,"binary","GLM",0.487477072948426,0.237633896650365,0.019
9,"binary","GAM",0.455638687903261,0.207606613914206,43.036
9,"binary","cf_dglm",0.447645754825086,0.200386721812921,4.848
9,"binary","KFAS_K120",0.460433200980257,0.211998732564925,27.809
9,"binary","KFAS_K240",0.460906743977252,0.212435026643712,254.095
9,"binary","sdmTMB",0.446950357316141,0.199764621905026,87.286
10,"binary","GLM",0.487999581663107,0.238143591703367,0.02
10,"binary","GAM",0.457290923271796,0.209114988506771,50.376
10,"binary","cf_dglm",0.447544647766865,0.200296211744767,3.244
10,"binary","KFAS_K120",0.45941394344244,0.211061171429334,27.742
10,"binary","KFAS_K240",0.459663600782995,0.211290625884789,251.843
10,"binary","sdmTMB",0.445688530596118,0.198638266304927,98.443
11,"binary","GLM",0.478946897909032,0.229390131016685,0.02
11,"binary","GAM",0.451577226678995,0.203921991655093,57.595
11,"binary","cf_dglm",0.441267812049645,0.194717281951081,1.675
11,"binary","KFAS_K120",0.456395987151509,0.208297297088001,27.582
11,"binary","KFAS_K240",0.456670429850554,0.20854788149989,251.866
11,"binary","sdmTMB",0.440961909736188,0.194447405838186,100.835
12,"binary","GLM",0.486238866945216,0.236428235728168,0.02
12,"binary","GAM",0.458008776089204,0.20977203897473,56.515
12,"binary","cf_dglm",0.443770348853548,0.196932122521599,3.176
12,"binary","KFAS_K120",0.458567213118131,0.210283888946929,27.615
12,"binary","KFAS_K240",0.458888057333376,0.2105782491632,254.701
12,"binary","sdmTMB",0.443274415453833,0.196492207395937,100.433
13,"binary","GLM",0.485399052506081,0.235612240173801,0.019
13,"binary","GAM",0.456476264399053,0.208370579959714,43.037
13,"binary","cf_dglm",0.443939365229147,0.197082160000058,3.247
13,"binary","KFAS_K120",0.459668720373884,0.211295332490163,27.82
13,"binary","KFAS_K240",0.460200415168045,0.211784422120841,255.516
13,"binary","sdmTMB",0.444131948535358,0.197253187709814,101.047
14,"binary","GLM",0.485570846153329,0.23577904663406,0.019
14,"binary","GAM",0.452011384507398,0.204314291724295,50.645
14,"binary","cf_dglm",0.442179086341056,0.195522344397411,3.312
14,"binary","KFAS_K120",0.458168074874807,0.209917984834486,27.75
14,"binary","KFAS_K240",0.458273408175789,0.210014516641053,255.451
14,"binary","sdmTMB",0.441694942460639,0.195094422195307,111.236
15,"binary","GLM",0.488093506438922,0.238235271027842,0.019
15,"binary","GAM",0.456315663631345,0.208223984875315,50.654
15,"binary","cf_dglm",0.445870229593939,0.198800261638152,1.994
15,"binary","KFAS_K120",0.460683429034784,0.212229221787247,27.765
15,"binary","KFAS_K240",0.460990395770875,0.212512144992988,253.275
15,"binary","sdmTMB",0.445002903111664,0.198027583777809,97.346
16,"binary","GLM",0.483810238645096,0.234072347017825,0.019
16,"binary","GAM",0.452543001514773,0.20479516822,51.338
16,"binary","cf_dglm",0.440762742886212,0.194271795516577,3.02999999999999
16,"binary","KFAS_K120",0.45424256384549,0.206336306808924,33.855
16,"binary","KFAS_K240",0.454741517018235,0.206789847300046,221.318
16,"binary","sdmTMB",0.439564409017575,0.19321686967497,122.66
17,"binary","GLM",0.479171759316831,0.229605574926787,0.018
17,"binary","GAM",0.452331238790944,0.20460354958615,58.544
17,"binary","cf_dglm",0.438817673869752,0.19256095090046,3.556
17,"binary","KFAS_K120",0.455726939563622,0.207687043444025,27.85
17,"binary","KFAS_K240",0.455916193108728,0.207859575138755,254.891
17,"binary","sdmTMB",0.438593501475753,0.192364259536761,87.201
18,"binary","GLM",0.486890060520728,0.237061931033878,0.02
18,"binary","GAM",0.46432108645892,0.215594071330392,43.09
18,"binary","cf_dglm",0.449608519283553,0.202147820612349,3.547
18,"binary","KFAS_K120",0.461839196803611,0.213295443704205,27.828
18,"binary","KFAS_K240",0.462155321641729,0.21358754132177,257.565
18,"binary","sdmTMB",0.448314909292194,0.200986257893668,102.082
19,"binary","GLM",0.482621860374286,0.232923860111137,0.02
19,"binary","GAM",0.457985760096275,0.209750956450963,56.373
19,"binary","cf_dglm",0.44457566271731,0.197647519880535,3.72
19,"binary","KFAS_K120",0.459793478359882,0.211410042742279,27.657
19,"binary","KFAS_K240",0.460172413210298,0.211758649879789,277.188
19,"binary","sdmTMB",0.444221046223181,0.197332337907617,103.978
20,"binary","GLM",0.488317518060672,0.238453998444935,0.022
20,"binary","GAM",0.460030323200691,0.211627898264132,51.098
20,"binary","cf_dglm",0.449782787674413,0.202304556088166,4.022
20,"binary","KFAS_K120",0.463456119781569,0.214791574962988,26.94
20,"binary","KFAS_K240",0.463810575449897,0.215120249899164,253.296
20,"binary","sdmTMB",0.448636699859902,0.201274888461184,126.98
21,"binary","GLM",0.47976880858637,0.230178109692385,0.0169999999999959
21,"binary","GAM",0.447219283416439,0.200005087459513,42.875
21,"binary","cf_dglm",0.441195656908169,0.19465360767463,3.28799999999995
21,"binary","KFAS_K120",0.454919100765625,0.206951388241405,27.719
21,"binary","KFAS_K240",0.455337424893181,0.207332170508353,240.298
21,"binary","sdmTMB",0.439672700018167,0.193312083141265,94.891
22,"binary","GLM",0.481974252459705,0.232299180034091,0.0169999999999959
22,"binary","GAM",0.45598616779601,0.207923385221291,41.738
22,"binary","cf_dglm",0.446575930122891,0.199430061365126,4.07299999999998
22,"binary","KFAS_K120",0.459432314791536,0.211078051874709,27.7
22,"binary","KFAS_K240",0.45968376112615,0.211309160243083,255.478
22,"binary","sdmTMB",0.445213068418625,0.198214676290727,100.444
23,"binary","GLM",0.484445260458567,0.234687210380769,0.0169999999999959
23,"binary","GAM",0.453171180443655,0.205364118784695,41.819
23,"binary","cf_dglm",0.444535372235668,0.197611697168704,3.39300000000003
23,"binary","KFAS_K120",0.457831120316895,0.209609334730623,27.623
23,"binary","KFAS_K240",0.458229627319752,0.209974391353599,240.899
23,"binary","sdmTMB",0.443016796445925,0.19626388193321,110.084
24,"binary","GLM",0.484817070341024,0.235047591694053,0.0169999999999959
24,"binary","GAM",0.451315085505469,0.203685306404809,48.255
24,"binary","cf_dglm",0.444867936202682,0.197907480661233,4.57999999999998
24,"binary","KFAS_K120",0.457265740702391,0.209091957620107,27.687
24,"binary","KFAS_K240",0.458128288793071,0.209881528992467,252.457
24,"binary","sdmTMB",0.442596667186307,0.195891809804426,89.419
25,"binary","GLM",0.488465444848406,0.238598490810951,0.0160000000000196
25,"binary","GAM",0.456121988098656,0.208047268027071,79.714
25,"binary","cf_dglm",0.445734725235645,0.198679445280896,1.51600000000002
25,"binary","KFAS_K120",0.4596113062693,0.211242552850572,27.684
25,"binary","KFAS_K240",0.459787994617272,0.211404999994173,260.451
25,"binary","sdmTMB",0.443848326851244,0.197001337248649,98.9979999999999
26,"binary","GLM",0.484781157797169,0.235012770955163,0.0169999999999959
26,"binary","GAM",0.454779391282438,0.206824294735225,49.876
26,"binary","cf_dglm",0.443558897468046,0.196744495523068,3.07900000000001
26,"binary","KFAS_K120",0.456774760612141,0.208643181932279,27.623
26,"binary","KFAS_K240",0.457374889974591,0.209191789979269,253.738
26,"binary","sdmTMB",0.441789003009695,0.1951775231803,99.551
27,"binary","GLM",0.481595581987825,0.231934304590192,0.0169999999999959
27,"binary","GAM",0.45576058962218,0.207717715052757,41.82
27,"binary","cf_dglm",0.442468632925639,0.195778491123084,4.173
27,"binary","KFAS_K120",0.455625134256354,0.20759426296612,33.683
27,"binary","KFAS_K240",0.455963776057083,0.207902965076233,221.266
27,"binary","sdmTMB",0.441187977575204,0.194646831556899,90.2040000000001
28,"binary","GLM",0.478197791294972,0.228673127599389,0.0160000000000196
28,"binary","GAM",0.451373904358133,0.203738401535505,56.24
28,"binary","cf_dglm",0.437717206023388,0.191596352448921,3.61400000000003
28,"binary","KFAS_K120",0.454700975956013,0.206752977535351,27.705
28,"binary","KFAS_K240",0.454904370176083,0.206937986005299,252.611
28,"binary","sdmTMB",0.437278276439832,0.19121229104619,101.177
29,"binary","GLM",0.483005469134176,0.233294283213525,0.0190000000000055
29,"binary","GAM",0.452951225554341,0.20516481273118,48.364
29,"binary","cf_dglm",0.443118969215065,0.196354420878222,3.41399999999999
29,"binary","KFAS_K120",0.456602136049258,0.208485510644745,32.112
29,"binary","KFAS_K240",0.45681575633333,0.208680635234392,252.508
29,"binary","sdmTMB",0.441411308048669,0.194843942873237,108.497
30,"binary","GLM",0.477402366235779,0.227913019287521,0.0190000000000055
30,"binary","GAM",0.452079222133336,0.204375623084682,56.344
30,"binary","cf_dglm",0.4410073120222,0.194487449257046,3.512
30,"binary","KFAS_K120",0.454553377804035,0.206618773273058,33.455
30,"binary","KFAS_K240",0.454751353289761,0.206798793318869,221.295
30,"binary","sdmTMB",0.440689937098415,0.194207620659805,101.009
31,"binary","GLM",0.482056340605786,0.232378315518242,0.0170000000000528
31,"binary","GAM",0.450324080599658,0.202791777567927,49.799
31,"binary","cf_dglm",0.439679627892288,0.193318175183501,3.59699999999998
31,"binary","KFAS_K120",0.456603613927205,0.208486860251384,27.6369999999999
31,"binary","KFAS_K240",0.456983775520574,0.208834171089039,251.699
31,"binary","sdmTMB",0.439518809035609,0.19317678349608,85.7199999999999
32,"binary","GLM",0.493298071457214,0.243342987303407,0.0179999999999723
32,"binary","GAM",0.468546523998572,0.219535845151144,49.474
32,"binary","cf_dglm",0.457069827665223,0.208912827361917,3.71899999999999
32,"binary","KFAS_K120",0.467493467557834,0.218550142209248,27.75
32,"binary","KFAS_K240",0.467805502168634,0.218841987859248,254.577
32,"binary","sdmTMB",0.456688535128313,0.208564418117645,119.571
33,"binary","GLM",0.487853194940429,0.238000739813584,0.0180000000000291
33,"binary","GAM",0.458735099444421,0.210437891462283,41.863
33,"binary","cf_dglm",0.44828164181514,0.200956430388478,1.57500000000005
33,"binary","KFAS_K120",0.460335005930558,0.211908317685087,30.986
33,"binary","KFAS_K240",0.461168353344986,0.212676250126926,221.109
33,"binary","sdmTMB",0.447288963027952,0.200067416446621,121.84
34,"binary","GLM",0.487811482337433,0.237960042300244,0.0179999999999723
34,"binary","GAM",0.462272873203044,0.213696209299398,41.9
34,"binary","cf_dglm",0.446730892859048,0.199568490634642,3.60999999999996
34,"binary","KFAS_K120",0.459375500202823,0.211025850186594,27.616
34,"binary","KFAS_K240",0.459925042095983,0.211531044346991,253.276
34,"binary","sdmTMB",0.446415280148615,0.199286602350167,98.934
35,"binary","GLM",0.477273399519758,0.227789897889146,0.0179999999999723
35,"binary","GAM",0.448467860817403,0.201123422186138,48.387
35,"binary","cf_dglm",0.436123255071427,0.190203493614097,3.25899999999996
35,"binary","KFAS_K120",0.453482874907308,0.205646717834197,27.587
35,"binary","KFAS_K240",0.453898980264867,0.206024284285486,221.344
35,"binary","sdmTMB",0.435205129592136,0.189403504823308,90.315
36,"binary","GLM",0.488745604338021,0.238872265759737,0.0199999999999818
36,"binary","GAM",0.458901845327028,0.210590903644551,42.985
36,"binary","cf_dglm",0.452631220215941,0.204875021514172,3.07300000000004
36,"binary","KFAS_K120",0.461787367787046,0.213247573047688,31.362
36,"binary","KFAS_K240",0.461774614237171,0.213235794353888,240.943
36,"binary","sdmTMB",0.450351439138838,0.202816418734422,134.531
37,"binary","GLM",0.487736629517881,0.237887019773463,0.0160000000000196
37,"binary","GAM",0.454691426423676,0.206744293263197,43.062
37,"binary","cf_dglm",0.445238229392558,0.19823708091262,1.565
37,"binary","KFAS_K120",0.459904966409208,0.211512578127854,27.747
37,"binary","KFAS_K240",0.46029672975059,0.211873079419088,259.04
37,"binary","sdmTMB",0.444456368490423,0.197541463491695,80.302
38,"binary","GLM",0.484188203556787,0.234438216463549,0.0169999999999959
38,"binary","GAM",0.458252836990427,0.209995662609775,41.774
38,"binary","cf_dglm",0.441941160593181,0.195311989426448,3.45300000000003
38,"binary","KFAS_K120",0.457426623555569,0.209239115937448,31.083
38,"binary","KFAS_K240",0.457959342389943,0.209726759282229,233.577
38,"binary","sdmTMB",0.441475442745856,0.194900566547649,111.086
39,"binary","GLM",0.489375360878547,0.239488243835008,0.0169999999999959
39,"binary","GAM",0.461291848384738,0.212790169386208,41.742
39,"binary","cf_dglm",0.442949080344032,0.196203887777623,3.72200000000004
39,"binary","KFAS_K120",0.458665617127399,0.210374148334858,27.711
39,"binary","KFAS_K240",0.458864016944547,0.210556186046486,221.375
39,"binary","sdmTMB",0.442263129006151,0.195596675278312,96.5780000000001
40,"binary","GLM",0.48527081764208,0.235487766455013,0.0190000000000055
40,"binary","GAM",0.452770401412143,0.205001036394913,49.206
40,"binary","cf_dglm",0.441384406213711,0.19482019404863,1.03499999999997
40,"binary","KFAS_K120",0.455502065427476,0.207482131608696,27.693
40,"binary","KFAS_K240",0.455705023368016,0.207667068322844,251.829
40,"binary","sdmTMB",0.439458921947122,0.193124144078927,101.064
41,"binary","GLM",0.492088886475863,0.242151472193054,0.0170000000000528
41,"binary","GAM",0.459001079891551,0.21068199134161,41.6999999999999
41,"binary","cf_dglm",0.450646147206552,0.203081949992109,3.30500000000006
41,"binary","KFAS_K120",0.463214075781763,0.214567280002353,27.8100000000001
41,"binary","KFAS_K240",0.463466523818986,0.214801218700854,258.562
41,"binary","sdmTMB",0.449339700906755,0.201906166810972,117.308
42,"binary","GLM",0.4877374971222,0.237887866099028,0.0159999999999627
42,"binary","GAM",0.46577840118024,0.216949519006021,41.751
42,"binary","cf_dglm",0.44686846908167,0.199691428659395,4.54699999999991
42,"binary","KFAS_K120",0.461045760979654,0.212563193717308,27.966
42,"binary","KFAS_K240",0.461575282560351,0.213051741470668,263.442
42,"binary","sdmTMB",0.446649495920848,0.199495772206347,122.124
43,"binary","GLM",0.487947401369064,0.238092666502823,0.0170000000000528
43,"binary","GAM",0.455840845689592,0.207790876599002,41.8290000000001
43,"binary","cf_dglm",0.446949356709984,0.199763727463468,4.13599999999997
43,"binary","KFAS_K120",0.459694731830075,0.211319246472324,27.8910000000001
43,"binary","KFAS_K240",0.459933926102305,0.21153921637988,261.643
43,"binary","sdmTMB",0.447156073531358,0.199948554095982,117.98
44,"binary","GLM",0.483323006532998,0.233601128644096,0.0170000000000528
44,"binary","GAM",0.452363637350639,0.2046328603971,41.8099999999999
44,"binary","cf_dglm",0.438143514874453,0.19196973962654,3.755
44,"binary","KFAS_K120",0.455269115321923,0.207269967366006,27.969
44,"binary","KFAS_K240",0.455485124100603,0.207466698276942,263.692
44,"binary","sdmTMB",0.437574282022754,0.191471252287728,93.318
45,"binary","GLM",0.482328651954905,0.232640928496636,0.0170000000000528
45,"binary","GAM",0.449804726233713,0.202324291742186,49.937
45,"binary","cf_dglm",0.441079356862862,0.194550999050556,3.63700000000006
45,"binary","KFAS_K120",0.455913885134555,0.207857470658484,27.902
45,"binary","KFAS_K240",0.456488625398661,0.208381865118359,238.397
45,"binary","sdmTMB",0.440349853430078,0.193907993415891,134.61
46,"binary","GLM",0.487339225150501,0.23749952037029,0.0170000000000528
46,"binary","GAM",0.46242619752813,0.213837988160326,48.367
46,"binary","cf_dglm",0.446134554295104,0.199036040536091,3.34400000000005
46,"binary","KFAS_K120",0.459812746199075,0.211427761567135,31.42
46,"binary","KFAS_K240",0.459958553952918,0.211561871354459,238.104
46,"binary","sdmTMB",0.44433508467307,0.197433667471424,110.588
47,"binary","GLM",0.487214181257436,0.237377658418353,0.0170000000000528
47,"binary","GAM",0.459146084267811,0.210815126698464,50.6210000000001
47,"binary","cf_dglm",0.448738190404572,0.20136596352757,3.39800000000002
47,"binary","KFAS_K120",0.460541032432795,0.212098042554265,27.8630000000001
47,"binary","KFAS_K240",0.460878888683572,0.212409350034204,262.404
47,"binary","sdmTMB",0.447632071704671,0.200374471618616,95.4369999999999
48,"binary","GLM",0.489734265862293,0.239839651159679,0.0169999999999391
48,"binary","GAM",0.460026083996216,0.211623997956893,57.463
48,"binary","cf_dglm",0.45111813743835,0.203507573925846,3.03700000000003
48,"binary","KFAS_K120",0.462491170105515,0.213898082425569,27.85
48,"binary","KFAS_K240",0.462781776829047,0.21416697296505,286.813
48,"binary","sdmTMB",0.449964195799021,0.202467777501059,104.014
49,"binary","GLM",0.485434688423338,0.235646836724663,0.0180000000000291
49,"binary","GAM",0.458628117730088,0.210339750372643,55.466
49,"binary","cf_dglm",0.446704035558961,0.199544495384661,3.0680000000001
49,"binary","KFAS_K120",0.460094977081585,0.211687387935704,27.8560000000001
49,"binary","KFAS_K240",0.460160826662885,0.21174798639507,315.06
49,"binary","sdmTMB",0.444980611532818,0.198007744640121,116.461
50,"binary","GLM",0.487875758339836,0.23802275557567,0.0169999999999391
50,"binary","GAM",0.461578889383599,0.213055071124596,49.592
50,"binary","cf_dglm",0.452989799554955,0.205199758500838,3.39700000000005
50,"binary","KFAS_K120",0.463134318433304,0.214493396910681,27.731
50,"binary","KFAS_K240",0.463301528603748,0.214648306406569,274.356
50,"binary","sdmTMB",0.452108750579995,0.204402322351004,135.265
51,"binary","GLM",0.479566743768099,0.229984261728337,0.0170000000000528
51,"binary","GAM",0.455081358148208,0.207099042534018,56.461
51,"binary","cf_dglm",0.441896253735504,0.195272299065473,2.09399999999994
51,"binary","KFAS_K120",0.458077224213696,0.209834743343325,27.8530000000001
51,"binary","KFAS_K240",0.458243654220538,0.209987246633392,266.134
51,"binary","sdmTMB",0.441167598270094,0.194628849763403,105.792
52,"binary","GLM",0.48691907150297,0.237090182193315,0.0180000000000291
52,"binary","GAM",0.457461069937755,0.209270630508596,43.146
52,"binary","cf_dglm",0.448064793094997,0.200762058811262,1.38999999999999
52,"binary","KFAS_K120",0.461545277101661,0.213024042814849,27.853
52,"binary","KFAS_K240",0.462062288194535,0.21350155817157,271.446
52,"binary","sdmTMB",0.44743757541854,0.200200383896421,135.583
53,"binary","GLM",0.485092817183842,0.235315041283356,0.0180000000000291
53,"binary","GAM",0.456784956120235,0.208652496137765,55.501
53,"binary","cf_dglm",0.445195390433241,0.198198935663006,3.3850000000001
53,"binary","KFAS_K120",0.457765927936053,0.209549644779156,32.095
53,"binary","KFAS_K240",0.458178581734401,0.209927612760147,282.948
53,"binary","sdmTMB",0.44256267931877,0.195861725125808,130.111
54,"binary","GLM",0.486099650285849,0.236292870008025,0.0169999999999391
54,"binary","GAM",0.459894152026756,0.211502631068409,41.995
54,"binary","cf_dglm",0.448726739015069,0.201355686307098,4.22900000000004
54,"binary","KFAS_K120",0.459313858380533,0.210969220500412,27.7969999999999
54,"binary","KFAS_K240",0.459458892995453,0.211102474352607,265.665
54,"binary","sdmTMB",0.447283224898458,0.200062283275565,130.944
55,"binary","GLM",0.483625766842999,0.233893882354479,0.0170000000000528
55,"binary","GAM",0.450017949451494,0.202516154828527,49.62
55,"binary","cf_dglm",0.440215319345208,0.193789527386204,3.28000000000009
55,"binary","KFAS_K120",0.455474872237587,0.207457359239847,27.856
55,"binary","KFAS_K240",0.45567809559526,0.207642526805323,277.69
55,"binary","sdmTMB",0.439059325874726,0.192773091637569,117.787
56,"binary","GLM",0.484472939876929,0.234714029472994,0.0180000000000291
56,"binary","GAM",0.459390715626167,0.211039829603522,55.501
56,"binary","cf_dglm",0.447658040794828,0.200397721488264,1.54700000000003
56,"binary","KFAS_K120",0.460097820233992,0.211690004184071,27.78
56,"binary","KFAS_K240",0.460202983942444,0.211786786429529,259.32
56,"binary","sdmTMB",0.445489145530446,0.198460578785447,112.615
57,"binary","GLM",0.486495754244769,0.236678118898187,0.0180000000000291
57,"binary","GAM",0.455638054220267,0.207606036453631,51.708
57,"binary","cf_dglm",0.448501820749768,0.201153883215857,2.70000000000005
57,"binary","KFAS_K120",0.458720120615825,0.210424149057797,27.2950000000001
57,"binary","KFAS_K240",0.459330111629906,0.210984151449942,279.329
57,"binary","sdmTMB",0.445162038914048,0.198169240890113,118.681
58,"binary","GLM",0.487251602730144,0.237414124363094,0.0180000000000291
58,"binary","GAM",0.458039631846438,0.209800304342021,41.928
58,"binary","cf_dglm",0.447815401488945,0.200538633810705,3.76300000000003
58,"binary","KFAS_K120",0.461809623289223,0.213268128162534,27.8399999999999
58,"binary","KFAS_K240",0.4618274704995,0.213284612507967,270.214
58,"binary","sdmTMB",0.447421696166165,0.200186174200208,137.636
59,"binary","GLM",0.48546516842692,0.235676429755778,0.0180000000000291
59,"binary","GAM",0.457142995464775,0.208979718302508,41.9109999999999
59,"binary","cf_dglm",0.443889083145816,0.197037518136033,3.77499999999998
59,"binary","KFAS_K120",0.457399121014343,0.209213955904693,27.835
59,"binary","KFAS_K240",0.45810924490106,0.209864080263819,279.579
59,"binary","sdmTMB",0.44353272059806,0.196721274241117,145.339
60,"binary","GLM",0.490232454593656,0.240327859536921,0.0180000000000291
60,"binary","GAM",0.457816793413451,0.209596216331375,50.598
60,"binary","cf_dglm",0.448546667198484,0.201194112654868,3.41200000000003
60,"binary","KFAS_K120",0.460401977317938,0.211969980718267,27.8099999999999
60,"binary","KFAS_K240",0.460750237670586,0.212290781513501,294.938
60,"binary","sdmTMB",0.447560074473649,0.200310020262858,112.556
61,"binary","GLM",0.485968739240392,0.236165615518896,0.0209999999999582
61,"binary","GAM",0.455708700253849,0.207670419487052,47.826
61,"binary","cf_dglm",0.443303632690991,0.196518110757029,4.61699999999996
61,"binary","KFAS_K120",0.458637789402764,0.210348621868254,32.646
61,"binary","KFAS_K240",0.459227507982528,0.210889904087843,295.367
61,"binary","sdmTMB",0.443459662513986,0.196656472277018,111.802
62,"binary","GLM",0.481768619977762,0.232101003195277,0.0229999999999109
62,"binary","GAM",0.454060406764545,0.206170852991184,83.1200000000001
62,"binary","cf_dglm",0.443394091313932,0.196598320212108,3.10500000000002
62,"binary","KFAS_K120",0.457482185541247,0.209289950087596,31.415
62,"binary","KFAS_K240",0.457689325847109,0.209479518994381,292.871
62,"binary","sdmTMB",0.442145579952256,0.195492713871317,113.233
63,"binary","GLM",0.488779942001684,0.238905831703169,0.025000000000091
63,"binary","GAM",0.460327286908206,0.21190121107227,55.2629999999999
63,"binary","cf_dglm",0.45198804177237,0.204293189905221,4.07000000000016
63,"binary","KFAS_K120",0.463757718320634,0.21507122130196,32.018
63,"binary","KFAS_K240",0.464095415044186,0.215384554265036,297.806
63,"binary","sdmTMB",0.450708211475939,0.20313789189184,99.8610000000001
64,"binary","GLM",0.485712905298392,0.235917026373405,0.0229999999999109
64,"binary","GAM",0.452363062061994,0.204632339918103,55.027
64,"binary","cf_dglm",0.442933168985777,0.196189792187783,4.24099999999999
64,"binary","KFAS_K120",0.45739985593093,0.209214628205635,31.6219999999998
64,"binary","KFAS_K240",0.458009401998903,0.209772612319392,292.906
64,"binary","sdmTMB",0.442219305653269,0.19555791429246,110.771
65,"binary","GLM",0.485416965083353,0.235629629990733,0.0260000000000673
65,"binary","GAM",0.459771767711987,0.211390078385006,65.1369999999999
65,"binary","cf_dglm",0.444828877140689,0.197872729938246,4.51600000000008
65,"binary","KFAS_K120",0.458213962456794,0.209960035390356,35.7540000000001
65,"binary","KFAS_K240",0.458370443817818,0.210103463765744,307.724
65,"binary","sdmTMB",0.444409571463322,0.197499867208214,133.397
66,"binary","GLM",0.48253951298085,0.232844381587796,0.0230000000001382
66,"binary","GAM",0.454855140478346,0.206893198819576,81.021
66,"binary","cf_dglm",0.445855775513372,0.19878737255863,4.18600000000015
66,"binary","KFAS_K120",0.459254977698577,0.21091513454092,32.9269999999999
66,"binary","KFAS_K240",0.459836259329523,0.211449385394168,297.463
66,"binary","sdmTMB",0.445199356211275,0.198202466770934,125.837
67,"binary","GLM",0.488121672396875,0.238262767063522,0.015999999999849
67,"binary","GAM",0.465205103904902,0.21641578869917,55.0330000000001
67,"binary","cf_dglm",0.448660336087135,0.201296097177821,4.279
67,"binary","KFAS_K120",0.460516236357098,0.212075203948506,31.2959999999998
67,"binary","KFAS_K240",0.460746041526169,0.212286914782034,277.908
67,"binary","sdmTMB",0.448173812934275,0.200859766600047,113.324
68,"binary","GLM",0.486636392484517,0.236814978490345,0.0169999999998254
68,"binary","GAM",0.459899207476573,0.21150728103758,48.076
68,"binary","cf_dglm",0.446679681179414,0.199522737578543,3.80299999999988
68,"binary","KFAS_K120",0.459476679403368,0.211118818915546,32.7059999999999
68,"binary","KFAS_K240",0.460068273350206,0.21166281614344,291.944
68,"binary","sdmTMB",0.445685012493122,0.198635130360995,92.921
69,"binary","GLM",0.488254385518945,0.238392344978483,0.0180000000000291
69,"binary","GAM",0.458934976219572,0.210621312397659,46.405
69,"binary","cf_dglm",0.444243014125663,0.197351855599454,1.58800000000019
69,"binary","KFAS_K120",0.458842123318135,0.210536094131095,33.587
69,"binary","KFAS_K240",0.459319168729416,0.210974098762282,293.072
69,"binary","sdmTMB",0.443472188887672,0.196667582316823,104.491
70,"binary","GLM",0.483243462133803,0.233524243695064,0.0229999999999109
70,"binary","GAM",0.455507422728688,0.207487012160932,62.914
70,"binary","cf_dglm",0.44309868202313,0.196336442010635,2.74099999999999
70,"binary","KFAS_K120",0.45866735118714,0.210375739045027,33.7079999999999
70,"binary","KFAS_K240",0.458922014086498,0.210609415013208,287.06
70,"binary","sdmTMB",0.441448613555677,0.19487687841023,103.486
71,"binary","GLM",0.484747694678348,0.234980327495972,0.0209999999999582
71,"binary","GAM",0.453370889951357,0.205545163855285,49.0360000000001
71,"binary","cf_dglm",0.443297497928087,0.196512671669303,5.90000000000009
71,"binary","KFAS_K120",0.458803039661602,0.210500229202725,33.6410000000001
71,"binary","KFAS_K240",0.458990604397322,0.210672374925019,292.14
71,"binary","sdmTMB",0.443564545922677,0.19674950639959,109.091
72,"binary","GLM",0.487659263854969,0.23781155762357,0.0180000000000291
72,"binary","GAM",0.458343300962167,0.210078581536896,46.6849999999999
72,"binary","cf_dglm",0.447600695461043,0.20034638257721,3.49800000000005
72,"binary","KFAS_K120",0.461677496548521,0.213146110819309,31.944
72,"binary","KFAS_K240",0.462285538605826,0.213707919204078,288.085
72,"binary","sdmTMB",0.447141672909703,0.199935675652488,108.606
73,"binary","GLM",0.487930416255376,0.238076091107144,0.0160000000000764
73,"binary","GAM",0.454184107119639,0.206283203160064,53.8050000000001
73,"binary","cf_dglm",0.441961064558732,0.195329582585888,3.6880000000001
73,"binary","KFAS_K120",0.4581819927896,0.209930738516649,31.732
73,"binary","KFAS_K240",0.458848361858479,0.21054181918021,294.032
73,"binary","sdmTMB",0.442285768505837,0.195616701022799,137.776
74,"binary","GLM",0.487391844175874,0.237550809769159,0.0219999999999345
74,"binary","GAM",0.461969218192738,0.213415558557609,45.6039999999998
74,"binary","cf_dglm",0.453585086339815,0.205739430549897,3.69799999999987
74,"binary","KFAS_K120",0.462033841190654,0.21347527040539,31.856
74,"binary","KFAS_K240",0.46242808138243,0.213839730451035,287.732
74,"binary","sdmTMB",0.450176598560808,0.202658969891779,119.052
75,"binary","GLM",0.47789791718907,0.228386419253651,0.0169999999998254
75,"binary","GAM",0.451448708717304,0.203805936602521,44.5420000000001
75,"binary","cf_dglm",0.443861048373966,0.197012630263636,3.88900000000012
75,"binary","KFAS_K120",0.456570278429484,0.208456419145177,31.261
75,"binary","KFAS_K240",0.456960909144126,0.208813272485826,286.135
75,"binary","sdmTMB",0.442900397041385,0.196160761699416,103.61
76,"binary","GLM",0.484935717040101,0.235162649661197,0.0229999999999109
76,"binary","GAM",0.450974599810473,0.203378089674216,61.4379999999999
76,"binary","cf_dglm",0.440925930854778,0.194415676500152,1.55899999999997
76,"binary","KFAS_K120",0.455156144549021,0.207167115920729,30.905
76,"binary","KFAS_K240",0.45542318231362,0.207410274988664,286.283
76,"binary","sdmTMB",0.440597190031235,0.19412588386342,121.283
77,"binary","GLM",0.49106424491202,0.241144092631012,0.0180000000000291
77,"binary","GAM",0.461986722263721,0.213431731547976,73.9680000000001
77,"binary","cf_dglm",0.450787821785379,0.203209660270007,3.20399999999995
77,"binary","KFAS_K120",0.463099860213524,0.214461480529786,31.0269999999998
77,"binary","KFAS_K240",0.463401372086118,0.214740831651297,286.939
77,"binary","sdmTMB",0.449836673739978,0.202353033041447,107.966
78,"binary","GLM",0.479519712649029,0.229939154819008,0.0219999999999345
78,"binary","GAM",0.445803289375694,0.198740572818189,45.0539999999999
78,"binary","cf_dglm",0.435679454260609,0.189816586864822,3.32600000000002
78,"binary","KFAS_K120",0.452725736811293,0.204960592771328,31.258
78,"binary","KFAS_K240",0.453268201106052,0.205452062133916,288.399
78,"binary","sdmTMB",0.435586443255149,0.189735549547671,144.249
79,"binary","GLM",0.4832162365823,0.233497931296762,0.0169999999998254
79,"binary","GAM",0.457180331991287,0.209013855959663,48.6419999999998
79,"binary","cf_dglm",0.443203757917759,0.196429571032424,2.35300000000007
79,"binary","KFAS_K120",0.457536231648723,0.209339403271314,32.6849999999999
79,"binary","KFAS_K240",0.457909305463444,0.209680932030014,287.773
79,"binary","sdmTMB",0.442027416173937,0.195388236649407,144.994
80,"binary","GLM",0.482721295161549,0.233019848802443,0.0219999999999345
80,"binary","GAM",0.460110484326066,0.211701657786767,55.777
80,"binary","cf_dglm",0.449310717351249,0.201880120726694,4.26800000000003
80,"binary","KFAS_K120",0.460724942366618,0.212267472518724,32.2930000000001
80,"binary","KFAS_K240",0.461023769972128,0.212542916479313,312.653
80,"binary","sdmTMB",0.448301127887842,0.200973901265511,115.527
81,"binary","GLM",0.4891195599087,0.239237943885281,0.0150000000001
81,"binary","GAM",0.462057790013936,0.213497401312562,52.481
81,"binary","cf_dglm",0.449539562516813,0.202085818267807,4.26700000000005
81,"binary","KFAS_K120",0.461869299537482,0.213323249855244,31.0040000000001
81,"binary","KFAS_K240",0.462047131527989,0.213487551753243,274.77
81,"binary","sdmTMB",0.449033459099486,0.20163104739085,108.087
82,"binary","GLM",0.475547249431312,0.226145186441686,0.0199999999999818
82,"binary","GAM",0.45146194531634,0.203817888068814,53.818
82,"binary","cf_dglm",0.440003814692699,0.193603356944127,4.625
82,"binary","KFAS_K120",0.4552520949885,0.207254469991419,31.7460000000001
82,"binary","KFAS_K240",0.45557868767585,0.20755194066445,291.505
82,"binary","sdmTMB",0.439450494456005,0.193116737077627,95.0410000000002
83,"binary","GLM",0.486925449609666,0.237096393477575,0.0209999999999582
83,"binary","GAM",0.467450534059326,0.218510001792349,52.694
83,"binary","cf_dglm",0.451863297916135,0.204180440003646,4.04200000000014
83,"binary","KFAS_K120",0.463147475137468,0.214505583726211,32.4089999999999
83,"binary","KFAS_K240",0.463527591364679,0.214857827956341,291.736
83,"binary","sdmTMB",0.450418735717922,0.202877037485731,136.831
84,"binary","GLM",0.481188103363731,0.231541990818785,0.0160000000000764
84,"binary","GAM",0.448163949552653,0.200850925678633,63.9750000000001
84,"binary","cf_dglm",0.438808146372551,0.192552589322914,4.19100000000003
84,"binary","KFAS_K120",0.455403810261704,0.207392630400878,32.751
84,"binary","KFAS_K240",0.455768970921845,0.207725354855158,287.697
84,"binary","sdmTMB",0.438160147542199,0.191984314894201,110.478
85,"binary","GLM",0.482464399487462,0.232771896772797,0.0180000000000291
85,"binary","GAM",0.450807488579738,0.203227391759571,45.704
85,"binary","cf_dglm",0.439908073413011,0.193519113053947,3.56099999999992
85,"binary","KFAS_K120",0.455184658708428,0.207193073523508,36.615
85,"binary","KFAS_K240",0.455601160080591,0.207572417066781,264.319
85,"binary","sdmTMB",0.438626116254955,0.192392869860905,96.692
86,"binary","GLM",0.487662723074577,0.237814931476512,0.0160000000000764
86,"binary","GAM",0.459664002431066,0.211290995130947,45.6510000000001
86,"binary","cf_dglm",0.445830275512492,0.198764634563544,2.02099999999996
86,"binary","KFAS_K120",0.45863498436933,0.210346048887456,32.6369999999999
86,"binary","KFAS_K240",0.459395218773495,0.211043967031948,263.755
86,"binary","sdmTMB",0.445161852137857,0.198169074598808,128.568
87,"binary","GLM",0.48812859954324,0.238269529692045,0.0180000000000291
87,"binary","GAM",0.453842954589262,0.205973427430311,46.4369999999999
87,"binary","cf_dglm",0.445063112311424,0.198081173940332,4.96399999999994
87,"binary","KFAS_K120",0.458836806740761,0.210531215220058,32.23
87,"binary","KFAS_K240",0.45959991465018,0.211232081546452,288.109
87,"binary","sdmTMB",0.443813344251318,0.196970284535539,130.817
88,"binary","GLM",0.485804667822682,0.236006175278307,0.0160000000000764
88,"binary","GAM",0.461127825455994,0.212638871409773,64.239
88,"binary","cf_dglm",0.441539971526704,0.194957546455803,4.0630000000001
88,"binary","KFAS_K120",0.457325201371656,0.209146339809626,32.0340000000001
88,"binary","KFAS_K240",0.458029517575685,0.209791038970615,270.859
88,"binary","sdmTMB",0.441243675541721,0.194695981205567,110.021
89,"binary","GLM",0.48691052586126,0.237081860194489,0.0219999999999345
89,"binary","GAM",0.457280504741094,0.209105460016269,43.269
89,"binary","cf_dglm",0.450878161168304,0.203291116218511,3.43500000000017
89,"binary","KFAS_K120",0.462031217026728,0.2134728455072,30.7450000000001
89,"binary","KFAS_K240",0.462424091391953,0.213836040299673,287.816
89,"binary","sdmTMB",0.44783469407265,0.200555913215144,108.408
90,"binary","GLM",0.475439717661995,0.226042925130517,0.0180000000000291
90,"binary","GAM",0.445442417886572,0.198418947652635,46.5070000000001
90,"binary","cf_dglm",0.434941099732818,0.189173760236793,3.6099999999999
90,"binary","KFAS_K120",0.452574535145726,0.20482370986237,30.6769999999999
90,"binary","KFAS_K240",0.452842929653101,0.205066718936804,249.238
90,"binary","sdmTMB",0.434077175272516,0.188422994092567,110.171
91,"binary","GLM",0.490129042190271,0.240226477998352,0.0219999999999345
91,"binary","GAM",0.459304397809647,0.210960529847283,55.6590000000001
91,"binary","cf_dglm",0.450301289736428,0.20277125153829,5.08100000000013
91,"binary","KFAS_K120",0.46293804806527,0.214311636346483,32.1580000000001
91,"binary","KFAS_K240",0.462816919801659,0.214199501254695,282.968
91,"binary","sdmTMB",0.449812265878608,0.202331074534848,98.79
92,"binary","GLM",0.487024844818351,0.237193199470338,0.0219999999999345
92,"binary","GAM",0.457660002798828,0.209452678161824,47.1579999999999
92,"binary","cf_dglm",0.446167656427929,0.199065577642391,4.17000000000007
92,"binary","KFAS_K120",0.460261985587631,0.211841095377069,32.0149999999999
92,"binary","KFAS_K240",0.460426774079927,0.211992814289648,289.498
92,"binary","sdmTMB",0.445899827503564,0.198826656167708,107.664
93,"binary","GLM",0.484917007947983,0.235144504597225,0.0229999999999109
93,"binary","GAM",0.455831864438009,0.207782688637032,47.242
93,"binary","cf_dglm",0.44734798563678,0.200120220253284,3.88300000000004
93,"binary","KFAS_K120",0.45959097101926,0.211223860642426,31.903
93,"binary","KFAS_K240",0.460230730337313,0.211812325146817,324.137
93,"binary","sdmTMB",0.444200350917689,0.197313951755398,100.644
94,"binary","GLM",0.484681669668607,0.234916320912749,0.0209999999999582
94,"binary","GAM",0.458663294757546,0.210372017957848,62.259
94,"binary","cf_dglm",0.449979040852185,0.202481137206252,3.75
94,"binary","KFAS_K120",0.460188681096396,0.21177362220924,32.164
94,"binary","KFAS_K240",0.460737272097282,0.212278833899645,282.714
94,"binary","sdmTMB",0.448556326943697,0.201202778441221,109.796
95,"binary","GLM",0.485396560753095,0.235609821190933,0.0219999999999345
95,"binary","GAM",0.45536091399479,0.20735356199417,46.6120000000001
95,"binary","cf_dglm",0.446923147967443,0.199740300189129,3.77299999999991
95,"binary","KFAS_K120",0.458812168239135,0.210508605724297,37.0640000000001
95,"binary","KFAS_K240",0.458751960321605,0.210453361098915,247.494
95,"binary","sdmTMB",0.445444445015694,0.198420753595339,110.744
96,"binary","GLM",0.485063727254108,0.235286819497648,0.0219999999999345
96,"binary","GAM",0.451936459983406,0.204246563862333,53.953
96,"binary","cf_dglm",0.440802252888883,0.194306626151915,4.36000000000013
96,"binary","KFAS_K120",0.456675849892857,0.208552831875363,31.8810000000001
96,"binary","KFAS_K240",0.457272805002685,0.209098418195023,292.732
96,"binary","sdmTMB",0.441028253460067,0.194505920350037,96.435
97,"binary","GLM",0.483656684085937,0.233923788061004,0.0210000000001855
97,"binary","GAM",0.453899334754818,0.206024606090867,54.992
97,"binary","cf_dglm",0.444049644553961,0.1971800868285,3.8119999999999
97,"binary","KFAS_K120",0.456335481113102,0.208242071322726,31.9299999999998
97,"binary","KFAS_K240",0.456649036038302,0.208528342114711,282.322
97,"binary","sdmTMB",0.44309435440581,0.196332606906301,92.1040000000003
98,"binary","GLM",0.486538659085364,0.236719866784584,0.0230000000001382
98,"binary","GAM",0.461449563918898,0.212935700040941,62.605
98,"binary","cf_dglm",0.445322824860816,0.198312418342017,4.35799999999995
98,"binary","KFAS_K120",0.458327058056828,0.210063692147027,31.8419999999999
98,"binary","KFAS_K240",0.458976458340107,0.210659389310428,283.063
98,"binary","sdmTMB",0.44462352996519,0.197690083398706,96.3540000000003
99,"binary","GLM",0.486541753854347,0.236722878243664,0.0199999999999818
99,"binary","GAM",0.460749128566245,0.212289759474554,53.557
99,"binary","cf_dglm",0.447568482579607,0.200317546598612,4.33799999999997
99,"binary","KFAS_K120",0.459935291082984,0.211540471983589,34.433
99,"binary","KFAS_K240",0.460200110787829,0.21178414196913,245.938
99,"binary","sdmTMB",0.446411113339725,0.199282882113213,114.791
100,"binary","GLM",0.482515863744587,0.232821558765185,0.0180000000000291
100,"binary","GAM",0.456675688778473,0.208552684721293,46.3600000000001
100,"binary","cf_dglm",0.446972888990531,0.199784763492542,3.87599999999998
100,"binary","KFAS_K120",0.459585891405289,0.211219191578795,31.761
100,"binary","KFAS_K240",0.460078732466989,0.211672440068431,279.835
100,"binary","sdmTMB",0.4439589661963,0.197099563666087,93.6550000000002
