"seed","family","method","beta_rmse","b1_hat","b2_hat"
1,"gaussian","GLM",0.0156907610404087,2.01910000035403,-1.51129557216482
1,"gaussian","GAM",0.00909450115835305,1.99176035957218,-1.50987563811907
1,"gaussian","cf_dglm",0.0300050456485357,2.04004841399912,-1.48597395048859
1,"gaussian","sdmTMB",0.0102981058187747,2.00781675904911,-1.48771178430864
1,"gaussian","KFAS",0.0156907610404087,2.01910000035403,-1.51129557216482
2,"gaussian","GLM",0.0582691860024396,1.91965560338299,-1.51831321946089
2,"gaussian","GAM",0.0364811437654908,1.96041237241853,-1.5330842476618
2,"gaussian","cf_dglm",0.013647445911349,2.008359926264,-1.51739589585698
2,"gaussian","sdmTMB",0.0051024654235753,1.99658779825261,-1.50635823765148
2,"gaussian","KFAS",0.0582691860024396,1.91965560338299,-1.51831321946089
3,"gaussian","GLM",0.0278043702361359,1.96392100266944,-1.48436440087245
3,"gaussian","GAM",0.0297629030345768,1.96561032102231,-1.47573045583653
3,"gaussian","cf_dglm",0.0202408774623641,1.99579555769681,-1.47168553539598
3,"gaussian","sdmTMB",0.0145142799065007,1.99418061924432,-1.48031590870706
3,"gaussian","KFAS",0.0278043702361359,1.96392100266944,-1.48436440087245
4,"gaussian","GLM",0.0257244159678892,1.96487577964687,-1.49052475338776
4,"gaussian","GAM",0.0359701384706583,1.96045581498776,-1.46800063821082
4,"gaussian","cf_dglm",0.0172265664949194,1.9937001010762,-1.52353339032009
4,"gaussian","sdmTMB",0.00446007990329361,1.99453204283442,-1.49685578786929
4,"gaussian","KFAS",0.0257244159678892,1.96487577964687,-1.49052475338776
5,"gaussian","GLM",0.0459907625800059,1.93598892199154,-1.48847253811218
5,"gaussian","GAM",0.0343397636752486,1.9561371756791,-1.5208444568444
5,"gaussian","cf_dglm",0.0200950115228804,1.99294316208066,-1.5275285309232
5,"gaussian","sdmTMB",0.0126924699824851,1.99023680898796,-1.51506245961903
5,"gaussian","KFAS",0.0459907625800059,1.93598892199154,-1.48847253811218
6,"gaussian","GLM",0.0431976076946565,2.05492488258494,-1.47325446029497
6,"gaussian","GAM",0.00679691823358953,2.00515597025188,-1.49188753023365
6,"gaussian","cf_dglm",0.0113413881548065,2.01518175104965,-1.49482616142285
6,"gaussian","sdmTMB",0.00564374613785205,2.00731638731645,-1.49681029506493
6,"gaussian","KFAS",0.0431976076946565,2.05492488258494,-1.47325446029497
7,"gaussian","GLM",0.0274026780931274,2.03658136098065,-1.51279130807051
7,"gaussian","GAM",0.00254370116737743,2.00270263667446,-1.49762585041253
7,"gaussian","cf_dglm",0.0137924920112531,2.00983425157103,-1.51684497455619
7,"gaussian","sdmTMB",0.00596975934742666,2.00239077655997,-1.50809692786016
7,"gaussian","KFAS",0.0274026780931274,2.03658136098065,-1.51279130807051
8,"gaussian","GLM",0.0599588982105733,1.92421114296626,-1.46197122012514
8,"gaussian","GAM",0.0386459864575869,1.94769087211318,-1.51583602469942
8,"gaussian","cf_dglm",0.0286988243238995,1.96915956299253,-1.4736160563915
8,"gaussian","sdmTMB",0.0148128869511434,1.98847242011772,-1.4825083407959
8,"gaussian","KFAS",0.0599588982105733,1.92421114296626,-1.46197122012514
9,"gaussian","GLM",0.0496565174779841,1.98620434515832,-1.56885651286242
9,"gaussian","GAM",0.0474890616504176,1.97038923696393,-1.56027955428913
9,"gaussian","cf_dglm",0.00876087704446449,1.99545870189768,-1.48847253086223
9,"gaussian","sdmTMB",0.0167373263276414,1.9770018663817,-1.49439981828234
9,"gaussian","KFAS",0.0496565174779841,1.98620434515832,-1.56885651286242
10,"gaussian","GLM",0.0142299320916276,2.02005109312488,-1.50171335902889
10,"gaussian","GAM",0.00762854378248519,2.00440655011893,-1.50984741979058
10,"gaussian","cf_dglm",0.010266557688496,2.01368268591786,-1.504856801377
10,"gaussian","sdmTMB",0.0125360287055707,2.00803894236864,-1.48419875204272
10,"gaussian","KFAS",0.0142299320916276,2.02005109312488,-1.50171335902889
11,"gaussian","GLM",0.0564190036813689,2.07954288297828,-1.50625601472985
11,"gaussian","GAM",0.00735386660123981,2.00681636068517,-1.50785467599506
11,"gaussian","cf_dglm",0.0118468981061098,2.01589064459136,-1.50530899274289
11,"gaussian","sdmTMB",0.0152286525624811,2.01881478902215,-1.48952014161406
11,"gaussian","KFAS",0.0564190036813686,2.07954288297828,-1.50625601472985
12,"gaussian","GLM",0.05877939574185,2.03112465609538,-1.42292023280719
12,"gaussian","GAM",0.0292382476134696,1.96257360538052,-1.51757882910777
12,"gaussian","cf_dglm",0.0202251428043235,1.97805173261958,-1.51834083863699
12,"gaussian","sdmTMB",0.0236083150006115,1.97948633132107,-1.52634187676813
12,"gaussian","KFAS",0.05877939574185,2.03112465609538,-1.42292023280719
13,"gaussian","GLM",0.0508885413269164,2.00218028694826,-1.5719342312504
13,"gaussian","GAM",0.0330562431998144,2.02008272156991,-1.54221510065505
13,"gaussian","cf_dglm",0.0166623241044302,2.02348848138234,-1.49811391106422
13,"gaussian","sdmTMB",0.0121161747207665,2.01707699467227,-1.49859300579545
13,"gaussian","KFAS",0.0508885413269164,2.00218028694826,-1.5719342312504
14,"gaussian","GLM",0.0283660224661387,1.9627721533086,-1.51494489517597
14,"gaussian","GAM",0.00408853390057327,1.99440393888174,-1.49854524267558
14,"gaussian","cf_dglm",0.0171980109767971,2.00392571567801,-1.52400274816623
14,"gaussian","sdmTMB",0.0071735302389528,2.00296106953922,-1.50970315100172
14,"gaussian","KFAS",0.0283660224661387,1.9627721533086,-1.51494489517597
15,"gaussian","GLM",0.0532966338544412,2.0614160465978,-1.54369361029631
15,"gaussian","GAM",0.0250925462078544,2.01858866667073,-1.53022802047424
15,"gaussian","cf_dglm",0.0122011058296531,1.99644862599543,-1.51688554735898
15,"gaussian","sdmTMB",0.00270106171956148,1.99823113489134,-1.50338564396432
15,"gaussian","KFAS",0.0532966338544412,2.0614160465978,-1.54369361029631
16,"gaussian","GLM",0.0227179112800193,1.97001883949687,-1.51154716418603
16,"gaussian","GAM",0.039558752808833,1.96854022172351,-1.54626091437028
16,"gaussian","cf_dglm",0.00875421919589741,1.99706694939208,-1.51202788101001
16,"gaussian","sdmTMB",0.0116474362494793,2.01404586778156,-1.50860459996945
16,"gaussian","KFAS",0.0227179112800193,1.97001883949687,-1.51154716418603
17,"gaussian","GLM",0.0615636903283525,2.03522759898565,-1.57961904422559
17,"gaussian","GAM",0.0245222356279566,2.02466664590053,-1.52437696987741
17,"gaussian","cf_dglm",0.00488677310858904,2.0053867815487,-1.49567060196145
17,"gaussian","sdmTMB",0.0137717756139565,2.01274133946861,-1.48526969533011
17,"gaussian","KFAS",0.0615636903283525,2.03522759898565,-1.57961904422559
18,"gaussian","GLM",0.0369235220724328,2.01407388737004,-1.55028537221461
18,"gaussian","GAM",0.0180871981413771,2.01831948501685,-1.48214811097031
18,"gaussian","cf_dglm",0.01140489649021,2.00070849322449,-1.51611339086771
18,"gaussian","sdmTMB",0.00936829760525645,1.98867162775741,-1.506870078775
18,"gaussian","KFAS",0.0369235220724328,2.01407388737004,-1.55028537221461
19,"gaussian","GLM",0.0451919536293525,1.99202325633052,-1.56341133105453
19,"gaussian","GAM",0.0126460193108999,2.00368776026017,-1.51749982951594
19,"gaussian","cf_dglm",0.00442524806819243,1.99380072650445,-1.50085711671166
19,"gaussian","sdmTMB",0.00542593044137012,2.00766594528531,-1.50033871107417
19,"gaussian","KFAS",0.0451919536293525,1.99202325633052,-1.56341133105453
20,"gaussian","GLM",0.0115656853579881,1.9889111300632,-1.4879763932564
20,"gaussian","GAM",0.00938421758371351,1.98735413912914,-1.50402607527897
20,"gaussian","cf_dglm",0.0126605743325963,1.98240724009339,-1.50332792483849
20,"gaussian","sdmTMB",0.00727284046370252,1.99165361165362,-1.50601050899612
20,"gaussian","KFAS",0.0115656853579881,1.9889111300632,-1.4879763932564
21,"gaussian","GLM",0.0240583512715772,1.96693716836549,-1.50802855504565
21,"gaussian","GAM",0.0196755885346054,1.97264196936968,-1.50507894953674
21,"gaussian","cf_dglm",0.0202992120322288,1.98649759892211,-1.525333795282
21,"gaussian","sdmTMB",0.00894242065302287,1.99390506692501,-1.51108086481655
21,"gaussian","KFAS",0.0240583512715774,1.96693716836549,-1.50802855504565
22,"gaussian","GLM",0.0340751879309671,2.04781068396372,-1.50603119921599
22,"gaussian","GAM",0.0185032155168196,2.00005818503953,-1.47383256635769
22,"gaussian","cf_dglm",0.032915435496802,2.01497454727676,-1.54407510319607
22,"gaussian","sdmTMB",0.0112556165052607,2.00844671740581,-1.51349187796022
22,"gaussian","KFAS",0.0340751879309671,2.04781068396372,-1.50603119921599
23,"gaussian","GLM",0.022347067207265,1.9960581537829,-1.46864326748635
23,"gaussian","GAM",0.026443299217597,2.01746096850791,-1.53306978569311
23,"gaussian","cf_dglm",0.0119449562970499,1.9831680101233,-1.4985688890093
23,"gaussian","sdmTMB",0.00834676449255245,1.99451012072695,-1.51044979332598
23,"gaussian","KFAS",0.022347067207265,1.9960581537829,-1.46864326748635
24,"gaussian","GLM",0.0921042245669326,2.03285316029339,-1.62604382660364
24,"gaussian","GAM",0.0185406744122955,1.99502348398785,-1.52574388284052
24,"gaussian","cf_dglm",0.037641789271438,2.03080406510955,-1.54341564432134
24,"gaussian","sdmTMB",0.0296396939161319,2.02575412799222,-1.53307185816135
24,"gaussian","KFAS",0.0921042245669326,2.03285316029339,-1.62604382660364
25,"gaussian","GLM",0.0509712710447927,1.92829688500859,-1.50740298888098
25,"gaussian","GAM",0.047321804116152,1.94936036098238,-1.54375309417379
25,"gaussian","cf_dglm",0.0123268250002326,1.99675265476831,-1.48287236215589
25,"gaussian","sdmTMB",0.00801532961617604,1.99107592364468,-1.49301058808509
25,"gaussian","KFAS",0.0509712710447929,1.92829688500859,-1.50740298888098
26,"gaussian","GLM",0.0249969198442936,2.03491530557006,-1.49446705861649
26,"gaussian","GAM",0.0147335595746102,2.02017654582509,-1.49479783179383
26,"gaussian","cf_dglm",0.0272132119413747,2.0312304700768,-1.47751054586891
26,"gaussian","sdmTMB",0.0143685214493752,2.02028855172146,-1.49886708944389
26,"gaussian","KFAS",0.0249969198442936,2.03491530557006,-1.49446705861649
27,"gaussian","GLM",0.0353538206920687,1.95611487939141,-1.52395582317983
27,"gaussian","GAM",0.0596531290205619,1.92115628060864,-1.46998901007258
27,"gaussian","cf_dglm",0.0157189702134474,1.99680464530953,-1.47800086916388
27,"gaussian","sdmTMB",0.0240344846552511,1.98610066968375,-1.4689819162093
27,"gaussian","KFAS",0.0353538206920687,1.95611487939141,-1.52395582317983
28,"gaussian","GLM",0.0397454638544836,1.95442222846362,-1.46710515943505
28,"gaussian","GAM",0.0176179001416344,1.98608153994696,-1.47933463572658
28,"gaussian","cf_dglm",0.0240040319648161,1.96762642564901,-1.51021463581713
28,"gaussian","sdmTMB",0.00538848539219447,1.99265808559834,-1.50204152946648
28,"gaussian","KFAS",0.0397454638544836,1.95442222846362,-1.46710515943505
29,"gaussian","GLM",0.06435264873355,2.09099700901447,-1.49856085147808
29,"gaussian","GAM",0.0506182882749446,2.071580338519,-1.50082301474868
29,"gaussian","cf_dglm",0.0189906059908956,2.0199628950817,-1.48203422554523
29,"gaussian","sdmTMB",0.00998278558673168,2.00004680912617,-1.48588228683366
29,"gaussian","KFAS",0.06435264873355,2.09099700901447,-1.49856085147808
30,"gaussian","GLM",0.0593568620236244,2.05012372445203,-1.43266437506312
30,"gaussian","GAM",0.0534496256413867,2.00961773053073,-1.42502517607992
30,"gaussian","cf_dglm",0.0207242689948525,2.00939279288813,-1.47223732555205
30,"gaussian","sdmTMB",0.017050234587202,2.00547636609897,-1.47651744448942
30,"gaussian","KFAS",0.0593568620236244,2.05012372445203,-1.43266437506312
31,"gaussian","GLM",0.03406104700939,1.95622043290257,-1.52009127550737
31,"gaussian","GAM",0.00758537908269383,2.00947706449369,-1.49497394784759
31,"gaussian","cf_dglm",0.0184749234299685,1.99341451038001,-1.47471607392133
31,"gaussian","sdmTMB",0.0147004689472389,1.99466540917222,-1.47990647578851
31,"gaussian","KFAS",0.03406104700939,1.95622043290257,-1.52009127550737
32,"gaussian","GLM",0.0569486461759809,1.95043507983283,-1.56347925087283
32,"gaussian","GAM",0.0507840224382304,1.96333185351607,-1.56175338778923
32,"gaussian","cf_dglm",0.0329431319278908,1.95635384953612,-1.51629458290725
32,"gaussian","sdmTMB",0.0183845259272492,1.97404530728401,-1.50152823858011
32,"gaussian","KFAS",0.0569486461759809,1.95043507983283,-1.56347925087283
33,"gaussian","GLM",0.0397736378152112,1.94451756736775,-1.49074882713818
33,"gaussian","GAM",0.0342406838732284,1.95556992152245,-1.51925660901331
33,"gaussian","cf_dglm",0.00260631231300886,1.99632950789823,-1.50033647507593
33,"gaussian","sdmTMB",0.00741465045479506,1.98956466846984,-1.50102856141737
33,"gaussian","KFAS",0.0397736378152112,1.94451756736775,-1.49074882713818
34,"gaussian","GLM",0.0073992025095687,1.98970461251291,-1.49812879930367
34,"gaussian","GAM",0.0153271905251965,2.00606379837027,-1.47918952455815
34,"gaussian","cf_dglm",0.00993253668629614,1.98787053116315,-1.5070842470161
34,"gaussian","sdmTMB",0.00951562467690101,1.98655831092161,-1.50064437621244
34,"gaussian","KFAS",0.0073992025095687,1.98970461251291,-1.49812879930367
35,"gaussian","GLM",0.0602668972802074,1.99277044538711,-1.58492309082732
35,"gaussian","GAM",0.0412306785293618,1.98208892061819,-1.55548991745679
35,"gaussian","cf_dglm",0.0325681149489776,1.9656212023212,-1.46934934759553
35,"gaussian","sdmTMB",0.0182078712704633,1.98114657819295,-1.48246142427193
35,"gaussian","KFAS",0.0602668972802074,1.99277044538711,-1.58492309082732
36,"gaussian","GLM",0.0339295420104144,2.01033692022952,-1.54685697090339
36,"gaussian","GAM",0.029970357901567,1.96286784538187,-1.47956356687406
36,"gaussian","cf_dglm",0.0099677258018156,1.99079630792325,-1.48932277341831
36,"gaussian","sdmTMB",0.00572635867739676,2.00489207882943,-1.50645367586194
36,"gaussian","KFAS",0.0339295420104144,2.01033692022952,-1.54685697090339
37,"gaussian","GLM",0.0162854278340508,2.01243619175596,-1.48061517464393
37,"gaussian","GAM",0.0235721158054854,2.02892575287475,-1.51657076062597
37,"gaussian","cf_dglm",0.017007747447375,2.01843343892725,-1.48454893933146
37,"gaussian","sdmTMB",0.0147884442415898,2.02082500041208,-1.50192756945659
37,"gaussian","KFAS",0.0162854278340508,2.01243619175596,-1.48061517464393
38,"gaussian","GLM",0.0191853358412962,1.97466201876906,-1.50970262489366
38,"gaussian","GAM",0.0400238595266052,1.95688203247991,-1.46333040033287
38,"gaussian","cf_dglm",0.0161651687074893,1.97721819175975,-1.4980987972261
38,"gaussian","sdmTMB",0.0189317582460459,1.97325721945151,-1.49871678953051
38,"gaussian","KFAS",0.0191853358412959,1.97466201876906,-1.50970262489366
39,"gaussian","GLM",0.0409149805155126,2.03490571790473,-1.45385173764132
39,"gaussian","GAM",0.0196207589238681,2.02537950217088,-1.48878263707214
39,"gaussian","cf_dglm",0.00891237609663843,2.00558935815521,-1.48870309906263
39,"gaussian","sdmTMB",0.00347578527325999,1.99823934236507,-1.49541063716577
39,"gaussian","KFAS",0.0409149805155128,2.03490571790473,-1.45385173764132
40,"gaussian","GLM",0.0282532871430413,1.97791911867195,-1.53330061784038
40,"gaussian","GAM",0.0387821728221499,1.96446847626056,-1.54178067350304
40,"gaussian","cf_dglm",0.0193360943095057,2.02177701211709,-1.51653876747356
40,"gaussian","sdmTMB",0.00635453301604995,2.00254320144268,-1.50861929847065
40,"gaussian","KFAS",0.0282532871430413,1.97791911867195,-1.53330061784038
41,"gaussian","GLM",0.0166569256481852,1.98792317157216,-1.4797748532954
41,"gaussian","GAM",0.0156501674808105,1.99947765827495,-1.47787348550998
41,"gaussian","cf_dglm",0.00885060028043955,1.99187818685175,-1.49047621914189
41,"gaussian","sdmTMB",0.0118929156410691,2.00708826833694,-1.48474748096625
41,"gaussian","KFAS",0.0166569256481852,1.98792317157216,-1.4797748532954
42,"gaussian","GLM",0.0110786637998953,2.00363640118652,-1.48476024378171
42,"gaussian","GAM",0.052884498853774,1.95272636040845,-1.44204533290754
42,"gaussian","cf_dglm",0.023460363636696,1.98167908938295,-1.47233916924433
42,"gaussian","sdmTMB",0.0217341634007543,1.97887670997137,-1.47767166965875
42,"gaussian","KFAS",0.0110786637998953,2.00363640118652,-1.48476024378171
43,"gaussian","GLM",0.0499039396610362,1.94059877356514,-1.46189093696482
43,"gaussian","GAM",0.0181252024956457,1.97538747357121,-1.49283972948775
43,"gaussian","cf_dglm",0.0159489882655788,2.0201867627359,-1.48993843632254
43,"gaussian","sdmTMB",0.0109018999171129,2.01127012967032,-1.48947921006674
43,"gaussian","KFAS",0.0499039396610362,1.94059877356514,-1.46189093696482
44,"gaussian","GLM",0.0315491774407427,2.04461691968482,-1.50017796688758
44,"gaussian","GAM",0.0434238855465877,2.02934923288076,-1.44605660187533
44,"gaussian","cf_dglm",0.0119478107638236,2.01400744344137,-1.49055056126889
44,"gaussian","sdmTMB",0.00669305065922884,2.00332537832389,-1.49113796224015
44,"gaussian","KFAS",0.0315491774407424,2.04461691968482,-1.50017796688758
45,"gaussian","GLM",0.0199228325724024,2.01493059310928,-1.52389384658905
45,"gaussian","GAM",0.0258145493717468,1.98091353826285,-1.46887944574901
45,"gaussian","cf_dglm",0.0208974356522269,1.97391488817184,-1.5138914568923
45,"gaussian","sdmTMB",0.0146628514370637,1.97927858747371,-1.49921165524911
45,"gaussian","KFAS",0.0199228325724024,2.01493059310928,-1.52389384658905
46,"gaussian","GLM",0.0763809844348949,1.9644584142468,-1.39799556260321
46,"gaussian","GAM",0.0467920876016939,1.98265242589324,-1.43614030538078
46,"gaussian","cf_dglm",0.007674378270699,1.99840198464946,-1.48926507985018
46,"gaussian","sdmTMB",0.00820935419739404,1.98842167159727,-1.49914600698177
46,"gaussian","KFAS",0.0763809844348949,1.9644584142468,-1.39799556260321
47,"gaussian","GLM",0.0374932634888092,1.97085065300027,-1.54429227002054
47,"gaussian","GAM",0.0276756487880721,1.96823148272929,-1.52286141688746
47,"gaussian","cf_dglm",0.0200408425616633,1.98048830899119,-1.52055637748095
47,"gaussian","sdmTMB",0.0259354933243223,1.98206649124565,-1.53199513856369
47,"gaussian","KFAS",0.0374932634888092,1.97085065300027,-1.54429227002054
48,"gaussian","GLM",0.0137069811744977,1.9839404438017,-1.51085602692286
48,"gaussian","GAM",0.0167019184254143,1.97914928719976,-1.48890243567713
48,"gaussian","cf_dglm",0.0317390615821123,1.97637558231235,-1.46183426996446
48,"gaussian","sdmTMB",0.0215770828522353,2.00409572873071,-1.46976151434035
48,"gaussian","KFAS",0.0137069811744977,1.9839404438017,-1.51085602692286
49,"gaussian","GLM",0.0620633653722504,1.97416210076223,-1.41611838338684
49,"gaussian","GAM",0.0225326858561169,2.00916842501774,-1.46948141801336
49,"gaussian","cf_dglm",0.0116060063271511,1.99084957612911,-1.48637397678283
49,"gaussian","sdmTMB",0.0128282053726312,1.99405011045168,-1.48286160682772
49,"gaussian","KFAS",0.0620633653722504,1.97416210076223,-1.41611838338684
50,"gaussian","GLM",0.0504412114648587,2.0237560848215,-1.43273723123422
50,"gaussian","GAM",0.0161778825437677,2.0161015705098,-1.4837461637046
50,"gaussian","cf_dglm",0.0186480046125962,2.00729002272928,-1.47465534137793
50,"gaussian","sdmTMB",0.0113412239368091,2.01585178410183,-1.49755712023243
50,"gaussian","KFAS",0.0504412114648587,2.0237560848215,-1.43273723123422
51,"gaussian","GLM",0.0416384886574628,1.95917638984101,-1.45756227705281
51,"gaussian","GAM",0.0440130360801684,1.94808015147107,-1.46566890594925
51,"gaussian","cf_dglm",0.0130651294473078,1.98362157666886,-1.49144766323536
51,"gaussian","sdmTMB",0.0136360460435551,1.98072626523487,-1.50063769240806
51,"gaussian","KFAS",0.0416384886574628,1.95917638984101,-1.45756227705281
52,"gaussian","GLM",0.0452093354823924,1.94218914116964,-1.47269299300885
52,"gaussian","GAM",0.0271587096741376,1.99288274797234,-1.4622569775203
52,"gaussian","cf_dglm",0.01672730796895,1.98168752769822,-1.48502471963626
52,"gaussian","sdmTMB",0.0175874273968717,1.99202300094443,-1.4764415049091
52,"gaussian","KFAS",0.0452093354823924,1.94218914116964,-1.47269299300885
53,"gaussian","GLM",0.0613223961737668,1.92696203640538,-1.45324180907118
53,"gaussian","GAM",0.0491958046220594,1.93742004142372,-1.46959928998503
53,"gaussian","cf_dglm",0.018188389535476,1.98431957010241,-1.47960982721958
53,"gaussian","sdmTMB",0.0118585749014467,1.99327345395705,-1.4846375400499
53,"gaussian","KFAS",0.0613223961737667,1.92696203640538,-1.45324180907118
54,"gaussian","GLM",0.0225036371075076,1.98595701961109,-1.47144090218635
54,"gaussian","GAM",0.0416925399700847,1.96739199387292,-1.45087512122427
54,"gaussian","cf_dglm",0.0120151372314831,1.99025336418976,-1.51391869734441
54,"gaussian","sdmTMB",0.0043426053521027,1.99641386529826,-1.50498558726623
54,"gaussian","KFAS",0.0225036371075075,1.98595701961109,-1.47144090218635
55,"gaussian","GLM",0.0278299258706468,2.0292706319751,-1.52631044757714
55,"gaussian","GAM",0.0306225880610356,1.9646807206421,-1.52506061261722
55,"gaussian","cf_dglm",0.016394469763126,1.99379754104813,-1.52234025023536
55,"gaussian","sdmTMB",0.014564613587203,1.99006903231563,-1.5180452713679
55,"gaussian","KFAS",0.0278299258706468,2.0292706319751,-1.52631044757714
56,"gaussian","GLM",0.0133322895425666,2.00826441161937,-1.51694695811877
56,"gaussian","GAM",0.0284986742103331,1.96562477701464,-1.52104026872928
56,"gaussian","cf_dglm",0.0121170814100975,2.01071368807259,-1.51337401254976
56,"gaussian","sdmTMB",0.0123135881776564,1.98576919147889,-1.51003658290721
56,"gaussian","KFAS",0.0133322895425666,2.00826441161937,-1.51694695811877
57,"gaussian","GLM",0.0190384841504124,2.01713671523726,-1.52076681844598
57,"gaussian","GAM",0.0024973985808107,2.002727956874,-1.49775673215232
57,"gaussian","cf_dglm",0.0122860981434866,2.0151940510743,-1.5084283585077
57,"gaussian","sdmTMB",0.00680511063953631,2.00706567323163,-1.49346583414532
57,"gaussian","KFAS",0.0190384841504124,2.01713671523726,-1.52076681844598
58,"gaussian","GLM",0.0258955042082846,1.97845500569687,-1.47038636299134
58,"gaussian","GAM",0.0117717405898344,2.00173206490225,-1.48344259367524
58,"gaussian","cf_dglm",0.0123752020987233,2.01746167595455,-1.50117521352389
58,"gaussian","sdmTMB",0.00389426526102896,2.00547643301336,-1.50058248201401
58,"gaussian","KFAS",0.0258955042082846,1.97845500569687,-1.47038636299134
59,"gaussian","GLM",0.0403037259300649,2.03444536396394,-1.45458747365447
59,"gaussian","GAM",0.0243350010930105,2.03352134945661,-1.50779125708739
59,"gaussian","cf_dglm",0.0125474960241908,2.01437799555984,-1.51039964213977
59,"gaussian","sdmTMB",0.0199726965724177,2.02809173679051,-1.49705525199037
59,"gaussian","KFAS",0.0403037259300649,2.03444536396394,-1.45458747365447
60,"gaussian","GLM",0.0415216735072156,1.99481589675958,-1.55849122853277
60,"gaussian","GAM",0.00981893606378826,1.99436109387306,-1.51268959213455
60,"gaussian","cf_dglm",0.0209427462025344,1.9964734012657,-1.52940680768759
60,"gaussian","sdmTMB",0.00283717183304738,2.00005862566828,-1.50401193856527
60,"gaussian","KFAS",0.0415216735072154,1.99481589675958,-1.55849122853277
61,"gaussian","GLM",0.0316849336334055,2.01882022446901,-1.54066533154473
61,"gaussian","GAM",0.0452777769602726,2.03858599759503,-1.55110063563719
61,"gaussian","cf_dglm",0.00253466691890572,1.99853999710964,-1.50327375386059
61,"gaussian","sdmTMB",0.0180652551803099,2.01868772368919,-1.51742055891113
61,"gaussian","KFAS",0.0316849336334053,2.01882022446901,-1.54066533154473
62,"gaussian","GLM",0.0353240420626494,2.02062936270648,-1.54549731079539
62,"gaussian","GAM",0.0163744169494329,2.01656505316354,-1.48381846501234
62,"gaussian","cf_dglm",0.0282922110865985,2.0399044285618,-1.50292147180257
62,"gaussian","sdmTMB",0.0116048816883499,2.01640346388379,-1.50052242761629
62,"gaussian","KFAS",0.0353240420626494,2.02062936270648,-1.54549731079539
63,"gaussian","GLM",0.0532824893205501,2.03817056336847,-1.43503034994305
63,"gaussian","GAM",0.023289209640782,2.02137893658375,-1.47494574603121
63,"gaussian","cf_dglm",0.0205571517622056,2.01916813254069,-1.47814191975375
63,"gaussian","sdmTMB",0.0202469955153593,2.01448834562962,-1.47530243947847
63,"gaussian","KFAS",0.0532824893205501,2.03817056336847,-1.43503034994305
64,"gaussian","GLM",0.0210788117592299,2.02092135681987,-1.52123509922694
64,"gaussian","GAM",0.036879358570368,2.04330144918239,-1.5290716128866
64,"gaussian","cf_dglm",0.020460346592502,2.02842858409713,-1.50539139792663
64,"gaussian","sdmTMB",0.0108166799063726,2.01373421768697,-1.4932640967257
64,"gaussian","KFAS",0.0210788117592299,2.02092135681987,-1.52123509922694
65,"gaussian","GLM",0.0441179839689495,2.04585404640429,-1.54231074860271
65,"gaussian","GAM",0.0378589434013203,2.05169439978103,-1.51393873101137
65,"gaussian","cf_dglm",0.0177162238307787,2.00186555279713,-1.52498497321203
65,"gaussian","sdmTMB",0.0112991217813894,2.01251214796386,-1.49006086224102
65,"gaussian","KFAS",0.0441179839689495,2.04585404640429,-1.54231074860271
66,"gaussian","GLM",0.044005070069663,1.94199802075348,-1.47744644624105
66,"gaussian","GAM",0.0297286049208825,1.96068149362377,-1.48511259064086
66,"gaussian","cf_dglm",0.0241762984244166,1.97123829661868,-1.48151348519548
66,"gaussian","sdmTMB",0.00904278168571418,1.99081053054506,-1.49110632514831
66,"gaussian","KFAS",0.044005070069663,1.94199802075348,-1.47744644624105
67,"gaussian","GLM",0.0290031859029156,2.01488452921772,-1.53822067993907
67,"gaussian","GAM",0.00440500140821494,1.99596143362873,-1.50474321162058
67,"gaussian","cf_dglm",0.00447453794325981,2.0062306768914,-1.49889471945356
67,"gaussian","sdmTMB",0.00145976638802868,1.99825863513473,-1.50110882109524
67,"gaussian","KFAS",0.0290031859029156,2.01488452921772,-1.53822067993907
68,"gaussian","GLM",0.0657023738222039,1.93757731866379,-1.43117404046042
68,"gaussian","GAM",0.0294108780897579,1.9625553838291,-1.51810801534776
68,"gaussian","cf_dglm",0.0092278340992594,2.00663667037465,-1.48876343243401
68,"gaussian","sdmTMB",0.0107392287399651,1.98910573355822,-1.5105819197953
68,"gaussian","KFAS",0.0657023738222039,1.93757731866379,-1.43117404046042
69,"gaussian","GLM",0.0576573878718305,2.07046725461747,-1.54102578188264
69,"gaussian","GAM",0.0094077990604431,1.9890287555412,-1.50752629798431
69,"gaussian","cf_dglm",0.0184157624408943,2.02504897462763,-1.50712947983119
69,"gaussian","sdmTMB",0.012639897069694,1.98672925055017,-1.51197585925538
69,"gaussian","KFAS",0.0576573878718305,2.07046725461747,-1.54102578188264
70,"gaussian","GLM",0.0380605101513858,1.94726892431038,-1.48920006839917
70,"gaussian","GAM",0.0105867074300159,1.98639121844714,-1.50624161942639
70,"gaussian","cf_dglm",0.0218182893319694,1.99272003198219,-1.52998462213213
70,"gaussian","sdmTMB",0.00672168485864046,2.00595219830522,-1.5074117089806
70,"gaussian","KFAS",0.0380605101513858,1.94726892431038,-1.48920006839917
71,"gaussian","GLM",0.0618181827372865,2.08489778538943,-1.52086483812188
71,"gaussian","GAM",0.0216871250653452,2.01690843889996,-1.52558842474961
71,"gaussian","cf_dglm",0.0338879101299674,2.04413661752393,-1.51867457896446
71,"gaussian","sdmTMB",0.0175262706865988,2.01891818774579,-1.51601382217882
71,"gaussian","KFAS",0.0618181827372865,2.08489778538943,-1.52086483812188
72,"gaussian","GLM",0.0865900295695518,2.11172112656782,-1.44985963382534
72,"gaussian","GAM",0.0169600921215619,2.02052594251521,-1.48759132829809
72,"gaussian","cf_dglm",0.0112816073786234,2.00906297944696,-1.51313056486351
72,"gaussian","sdmTMB",0.00463799349757022,1.99540864585756,-1.50468416849672
72,"gaussian","KFAS",0.0865900295695518,2.11172112656782,-1.44985963382534
73,"gaussian","GLM",0.0362287925958861,1.96752591806174,-1.53962934301977
73,"gaussian","GAM",0.026001286478084,1.9689381298723,-1.51967978712284
73,"gaussian","cf_dglm",0.0178678270964606,1.97958342073721,-1.51488898188273
73,"gaussian","sdmTMB",0.00712079581631826,1.99100055673926,-1.49548098604648
73,"gaussian","KFAS",0.0362287925958861,1.96752591806174,-1.53962934301977
74,"gaussian","GLM",0.0823666475057485,2.11325737249087,-1.4727732334065
74,"gaussian","GAM",0.0462082514847691,2.06221711441617,-1.48001411287223
74,"gaussian","cf_dglm",0.0242851395350187,2.01673547407429,-1.47000900281786
74,"gaussian","sdmTMB",0.00578822522966262,2.00763722933132,-1.49705384474961
74,"gaussian","KFAS",0.0823666475057485,2.11325737249087,-1.4727732334065
75,"gaussian","GLM",0.0118067179998012,1.98721614011005,-1.48925895227792
75,"gaussian","GAM",0.0192425509440394,1.98624298012374,-1.47652030797067
75,"gaussian","cf_dglm",0.0138219656820087,1.99425743890244,-1.51868465848417
75,"gaussian","sdmTMB",0.0175638874177518,1.97758732979252,-1.5107075906075
75,"gaussian","KFAS",0.0118067179998012,1.98721614011005,-1.48925895227792
76,"gaussian","GLM",0.0436916481178184,2.02095824130135,-1.4418736518259
76,"gaussian","GAM",0.00465926336113421,1.99345213772357,-1.49926313519166
76,"gaussian","cf_dglm",0.010124748125155,2.00187952786071,-1.48580533817886
76,"gaussian","sdmTMB",0.00222505904351313,2.00314263016329,-1.50016015976725
76,"gaussian","KFAS",0.0436916481178184,2.02095824130135,-1.4418736518259
77,"gaussian","GLM",0.0191355539048259,2.01731385342292,-1.47920169896028
77,"gaussian","GAM",0.00515524098738301,2.00728871777446,-1.49983382996582
77,"gaussian","cf_dglm",0.0116980889509593,2.01603512781475,-1.49592995747273
77,"gaussian","sdmTMB",0.0097216720076022,2.01343330996011,-1.49707288593278
77,"gaussian","KFAS",0.0191355539048259,2.01731385342292,-1.47920169896028
78,"gaussian","GLM",0.0579103407812078,1.9850191695444,-1.41948422603209
78,"gaussian","GAM",0.0508818157846397,1.99719192940977,-1.4280970578165
78,"gaussian","cf_dglm",0.0168486065505652,2.00642537905878,-1.47705516203277
78,"gaussian","sdmTMB",0.021195012886278,2.01070086494495,-1.47200091730201
78,"gaussian","KFAS",0.0579103407812078,1.9850191695444,-1.41948422603209
79,"gaussian","GLM",0.0380874272189524,2.03956424144791,-1.46344900790718
79,"gaussian","GAM",0.0538212744104467,2.04452194521209,-1.4382646328847
79,"gaussian","cf_dglm",0.00503326316035281,2.00566194916068,-1.49568609135649
79,"gaussian","sdmTMB",0.00405539860026423,2.00522951279308,-1.50235472112172
79,"gaussian","KFAS",0.0380874272189524,2.03956424144791,-1.46344900790718
80,"gaussian","GLM",0.0435802971701339,2.06097733262911,-1.49104179100971
80,"gaussian","GAM",0.025750263059471,2.00750016774493,-1.53563565039482
80,"gaussian","cf_dglm",0.0111585190648587,2.00827510592289,-1.51343680458318
80,"gaussian","sdmTMB",0.00765540980408544,2.00019644133261,-1.48917539795929
80,"gaussian","KFAS",0.0435802971701339,2.06097733262911,-1.49104179100971
81,"gaussian","GLM",0.0556265746379973,1.92389935309273,-1.51993296646783
81,"gaussian","GAM",0.0272700787098887,1.963145857078,-1.51136162555149
81,"gaussian","cf_dglm",0.0195658627109039,1.97244961893326,-1.49742658391988
81,"gaussian","sdmTMB",0.0128737068514904,1.98450152688581,-1.49044688598806
81,"gaussian","KFAS",0.0556265746379973,1.92389935309273,-1.51993296646783
82,"gaussian","GLM",0.0145359698673677,2.01195863990838,-1.51672063908802
82,"gaussian","GAM",0.0403188780095068,2.03098495637288,-1.54786602476143
82,"gaussian","cf_dglm",0.00682869558814703,2.00910835521627,-1.50320936631213
82,"gaussian","sdmTMB",0.00557398964764984,2.00541855223376,-1.50572520854417
82,"gaussian","KFAS",0.0145359698673677,2.01195863990838,-1.51672063908802
83,"gaussian","GLM",0.0311902454771684,1.97566818492591,-1.46320834875883
83,"gaussian","GAM",0.00846396733009114,1.99131054118861,-1.49176769828694
83,"gaussian","cf_dglm",0.0107992049039337,2.00854127639405,-1.51266065759251
83,"gaussian","sdmTMB",0.00574635210981152,2.00707505277595,-1.50399809371544
83,"gaussian","KFAS",0.0311902454771683,1.97566818492591,-1.46320834875883
84,"gaussian","GLM",0.00681734042551897,1.99495275679847,-1.50821447484745
84,"gaussian","GAM",0.0191665856108455,2.00067472092285,-1.52709724634777
84,"gaussian","cf_dglm",0.0166082228752794,2.01368804061202,-1.48091325909555
84,"gaussian","sdmTMB",0.0187332597602022,2.02069596588389,-1.48346074250097
84,"gaussian","KFAS",0.00681734042551897,1.99495275679847,-1.50821447484745
85,"gaussian","GLM",0.028852341766281,2.03612128921418,-1.51897808515899
85,"gaussian","GAM",0.0109536915196353,2.01258034845755,-1.50903889088889
85,"gaussian","cf_dglm",0.0254075775114845,2.00941457030841,-1.53467644526061
85,"gaussian","sdmTMB",0.0276436125145129,2.01064250061262,-1.53761749335636
85,"gaussian","KFAS",0.028852341766281,2.03612128921418,-1.51897808515899
86,"gaussian","GLM",0.00816180204662572,1.98991045089094,-1.49439366215142
86,"gaussian","GAM",0.0213252305404014,2.02874285963118,-1.50913120667956
86,"gaussian","cf_dglm",0.0064781726612031,1.99099745102105,-1.49830071958222
86,"gaussian","sdmTMB",0.0106537705283669,1.98794591498802,-1.49096093547615
86,"gaussian","KFAS",0.00816180204662572,1.98991045089094,-1.49439366215142
87,"gaussian","GLM",0.0619639405471796,1.91892456301517,-1.53325407304359
87,"gaussian","GAM",0.044498567912025,1.93722367223631,-1.49559798171881
87,"gaussian","cf_dglm",0.00566605876857813,1.99203889490711,-1.49908936854986
87,"gaussian","sdmTMB",0.0110075918555962,1.98590333291911,-1.50660440263228
87,"gaussian","KFAS",0.0619639405471796,1.91892456301517,-1.53325407304359
88,"gaussian","GLM",0.056317242671468,2.05882620508329,-1.44630883462121
88,"gaussian","GAM",0.0435592066555523,2.0316462153374,-1.4471480745503
88,"gaussian","cf_dglm",0.0158145851133732,2.01998218977695,-1.48995438920053
88,"gaussian","sdmTMB",0.01808546059983,2.01251712672169,-1.4776955316394
88,"gaussian","KFAS",0.056317242671468,2.05882620508329,-1.44630883462121
89,"gaussian","GLM",0.0659608262692669,1.91885830893591,-1.54601833521009
89,"gaussian","GAM",0.0222975875883032,1.99465827832434,-1.53107781900417
89,"gaussian","cf_dglm",0.0327871280003449,1.96462333553087,-1.52997470827315
89,"gaussian","sdmTMB",0.0115032676804545,1.98427762436529,-1.50417818609657
89,"gaussian","KFAS",0.0659608262692669,1.91885830893591,-1.54601833521009
90,"gaussian","GLM",0.0737513784313452,2.05931710898039,-1.58579051359711
90,"gaussian","GAM",0.0571798606117217,2.07107863586837,-1.53856034805656
90,"gaussian","cf_dglm",0.0292691811022265,2.0165956938692,-1.53792034901988
90,"gaussian","sdmTMB",0.020880721395239,2.02010251327247,-1.52163095032821
90,"gaussian","KFAS",0.0737513784313452,2.05931710898039,-1.58579051359711
91,"gaussian","GLM",0.0650373434267225,2.08742915556005,-1.47143682724089
91,"gaussian","GAM",0.0436796683103451,2.0617591715141,-1.50127733366642
91,"gaussian","cf_dglm",0.00766796270296627,2.01061859687686,-1.49779983991607
91,"gaussian","sdmTMB",0.0044612966989708,1.99721927414227,-1.50566338239717
91,"gaussian","KFAS",0.0650373434267225,2.08742915556005,-1.47143682724089
92,"gaussian","GLM",0.0167926211991941,2.00034379732545,-1.47625413600481
92,"gaussian","GAM",0.0372775543501515,2.03048829414448,-1.45699190731018
92,"gaussian","cf_dglm",0.0173505380046077,1.98154271049496,-1.51616820343222
92,"gaussian","sdmTMB",0.00660773995596226,1.99740746373887,-1.50897792907
92,"gaussian","KFAS",0.0167926211991941,2.00034379732545,-1.47625413600481
93,"gaussian","GLM",0.0790388865527686,2.00244849596338,-1.38824895507191
93,"gaussian","GAM",0.0275819638825895,2.00236029569698,-1.46106468868156
93,"gaussian","cf_dglm",0.0282242662252299,2.00965106117901,-1.46126919280438
93,"gaussian","sdmTMB",0.0176425952591771,2.01735989749517,-1.48207916592579
93,"gaussian","KFAS",0.0790388865527686,2.00244849596338,-1.38824895507191
94,"gaussian","GLM",0.0668213965905975,1.91538513287141,-1.54207757532756
94,"gaussian","GAM",0.00211479907080541,2.0017258899606,-1.49755744927102
94,"gaussian","cf_dglm",0.0160056571138158,2.01108039033934,-1.48026203989218
94,"gaussian","sdmTMB",0.0107808994528425,2.015089392042,-1.50218307897871
94,"gaussian","KFAS",0.0668213965905974,1.91538513287141,-1.54207757532756
95,"gaussian","GLM",0.00295581671033241,2.00259249628986,-1.49672087392173
95,"gaussian","GAM",0.0225162315407986,2.02400278985534,-1.47907567337384
95,"gaussian","cf_dglm",0.0145788365042222,1.98510965256416,-1.48573947753854
95,"gaussian","sdmTMB",0.0153317857553353,1.98157361728192,-1.48857215117259
95,"gaussian","KFAS",0.00295581671033241,2.00259249628986,-1.49672087392173
96,"gaussian","GLM",0.0177902160175075,1.98191419851913,-1.48251036430643
96,"gaussian","GAM",0.0204797775868635,1.99834525277936,-1.52891546976362
96,"gaussian","cf_dglm",0.0206616398147312,1.97313113943714,-1.51148351216836
96,"gaussian","sdmTMB",0.0140198338328569,1.98519691753611,-1.5131901565938
96,"gaussian","KFAS",0.0177902160175075,1.98191419851913,-1.48251036430643
97,"gaussian","GLM",0.033157497851304,2.04676801653334,-1.4965953036764
97,"gaussian","GAM",0.0256311755313625,2.02866791144922,-1.4778174579595
97,"gaussian","cf_dglm",0.0149428217441349,2.0210424676273,-1.49805310516252
97,"gaussian","sdmTMB",0.00585130602370211,2.00730057484971,-1.5038957889098
97,"gaussian","KFAS",0.033157497851304,2.04676801653334,-1.4965953036764
98,"gaussian","GLM",0.0596420188111828,1.93218532532396,-1.44984513269552
98,"gaussian","GAM",0.04388381689762,1.96074613020881,-1.45193012921357
98,"gaussian","cf_dglm",0.0149238296497467,1.97893849735305,-1.50136179627038
98,"gaussian","sdmTMB",0.0090683840945591,1.9871916380604,-1.49935421009831
98,"gaussian","KFAS",0.0596420188111828,1.93218532532396,-1.44984513269552
99,"gaussian","GLM",0.0278704134755554,1.96398801086539,-1.5160205035241
99,"gaussian","GAM",0.0158167584776093,2.01448928921579,-1.51704113245941
99,"gaussian","cf_dglm",0.0218373532214251,2.01455438810027,-1.52723802082497
99,"gaussian","sdmTMB",0.020564166481438,2.00489796347385,-1.52866670263496
99,"gaussian","KFAS",0.0278704134755554,1.96398801086539,-1.5160205035241
100,"gaussian","GLM",0.0129079706971248,1.99876736292422,-1.51821296299
100,"gaussian","GAM",0.0159654160927561,1.97934475916917,-1.50911866482825
100,"gaussian","cf_dglm",0.0222395573397664,1.97504338968302,-1.51914062232071
100,"gaussian","sdmTMB",0.0136156951487595,1.9972610155419,-1.51905970285461
100,"gaussian","KFAS",0.0129079706971248,1.99876736292422,-1.51821296299
1,"poisson","GLM",0.0274369652969414,0.315706215563581,-0.235480824709714
1,"poisson","GAM",0.0232315344196519,0.323276153743156,-0.223186829233595
1,"poisson","cf_dglm",0.01344433709599,0.316925865753197,-0.208661147060637
1,"poisson","sdmTMB",0.011357563909241,0.314824376301828,-0.206182748835816
1,"poisson","KFAS",0.0405570013735983,0.246504740263578,-0.179311889729391
2,"poisson","GLM",0.0245677519471649,0.266706418362055,-0.20993409750266
2,"poisson","GAM",0.0208502778284247,0.275003637777927,-0.215641292999874
2,"poisson","cf_dglm",0.0158285924788712,0.293535186181241,-0.22143116567089
2,"poisson","sdmTMB",0.0136052833619554,0.285856965564531,-0.21304538415208
2,"poisson","KFAS",0.0795251608068057,0.194221199108175,-0.161798590541914
3,"poisson","GLM",0.019199986837925,0.275583779173009,-0.188120305152042
3,"poisson","GAM",0.0182326359469564,0.281741823794763,-0.181792940138314
3,"poisson","cf_dglm",0.00733162357442283,0.293029981381511,-0.192323786810414
3,"poisson","sdmTMB",0.00915525463351022,0.290877573499316,-0.190812034526162
3,"poisson","KFAS",0.0678098733271279,0.217220908657702,-0.151585334062645
4,"poisson","GLM",0.0405579942631344,0.243212820133511,-0.191930427513929
4,"poisson","GAM",0.0313399463510657,0.257650971596211,-0.186925434315803
4,"poisson","cf_dglm",0.0195776093230175,0.272623380647544,-0.195866443850614
4,"poisson","sdmTMB",0.0154330262021237,0.28291457523952,-0.186418952313432
4,"poisson","KFAS",0.0740754623407488,0.206793709915781,-0.152178083155023
5,"poisson","GLM",0.0289649204194219,0.259211037681643,-0.203767463708989
5,"poisson","GAM",0.0216148675069982,0.271362869835509,-0.210692042397603
5,"poisson","cf_dglm",0.0134923834406106,0.308231086253649,-0.217214471844989
5,"poisson","sdmTMB",0.00990393421446818,0.300098765537025,-0.214005929859089
5,"poisson","KFAS",0.0674779572677425,0.212886253926736,-0.161041757237557
6,"poisson","GLM",0.0207711467248919,0.328200977260597,-0.19177893230284
6,"poisson","GAM",0.0110311940524346,0.314254854215747,-0.193661734012149
6,"poisson","cf_dglm",0.0121355717870349,0.310019564915712,-0.186066137502602
6,"poisson","sdmTMB",0.0069837110616574,0.298726228052907,-0.190206025045354
6,"poisson","KFAS",0.0429869265294751,0.262748790491629,-0.151957320067835
7,"poisson","GLM",0.00673671597801516,0.293984345033266,-0.192612268300886
7,"poisson","GAM",0.00563768574509043,0.296998911468263,-0.192613494145033
7,"poisson","cf_dglm",0.00456043471860459,0.303494402282364,-0.205420727103841
7,"poisson","sdmTMB",0.00728931620937331,0.307700892064449,-0.206853066686686
7,"poisson","KFAS",0.0403175201253372,0.252936385894515,-0.16781271857637
8,"poisson","GLM",0.0273641182021528,0.262185800450479,-0.191773442859143
8,"poisson","GAM",0.0168170724222377,0.277731397652202,-0.208350880144344
8,"poisson","cf_dglm",0.0225734282431033,0.269862370756007,-0.189471817400678
8,"poisson","sdmTMB",0.014452283169934,0.280077340200923,-0.19543660168535
8,"poisson","KFAS",0.0707086787722854,0.21194771314959,-0.152605598559981
9,"poisson","GLM",0.019924620831196,0.28385186913085,-0.223091533079609
9,"poisson","GAM",0.022236967899799,0.283378735590696,-0.226696423958826
9,"poisson","cf_dglm",0.00364206992839198,0.297200486605119,-0.204323432834968
9,"poisson","sdmTMB",0.00681026120866549,0.297098855007647,-0.209183826718414
9,"poisson","KFAS",0.0489307842962948,0.232987374378594,-0.182744528084508
10,"poisson","GLM",0.0187297169589203,0.317298346114425,-0.220059207771696
10,"poisson","GAM",0.0164841970687152,0.31812757232421,-0.214657715634812
10,"poisson","cf_dglm",0.00540035060296329,0.306126995842246,-0.195440669433025
10,"poisson","sdmTMB",0.0119480303174567,0.314564688716484,-0.191433746470851
10,"poisson","KFAS",0.0441306816674584,0.253700494638838,-0.158150389103591
11,"poisson","GLM",0.0299290197854618,0.338300521724284,-0.218015617843548
11,"poisson","GAM",0.0190100010778894,0.302150199310924,-0.226798076887829
11,"poisson","cf_dglm",0.0130286879496584,0.282089201753449,-0.204323971039508
11,"poisson","sdmTMB",0.00423376306022944,0.294287127582584,-0.201792369393472
11,"poisson","KFAS",0.0312975887782095,0.269321493743844,-0.168095339203326
12,"poisson","GLM",0.0383191586239471,0.316529059020772,-0.148390833729053
12,"poisson","GAM",0.0142099834542018,0.281425274961447,-0.207669866314319
12,"poisson","cf_dglm",0.0173702608435567,0.282563370721391,-0.21730363785297
12,"poisson","sdmTMB",0.0145215328192717,0.287365130844496,-0.216189808901456
12,"poisson","KFAS",0.0670930541651351,0.248215414679699,-0.12049331752855
13,"poisson","GLM",0.0355849372065687,0.293020162842872,-0.249838312423785
13,"poisson","GAM",0.0258909680131835,0.284924247237671,-0.233367740828059
13,"poisson","cf_dglm",0.0147706607247562,0.314612687381639,-0.21492696231583
13,"poisson","sdmTMB",0.0111378935747382,0.307876535079629,-0.213640584360787
13,"poisson","KFAS",0.057484957614834,0.219935312546576,-0.185904379157197
14,"poisson","GLM",0.0164699476486442,0.278250349378447,-0.191665070549875
14,"poisson","GAM",0.0108532340147155,0.288172598156364,-0.190217467465656
14,"poisson","cf_dglm",0.0103853912185491,0.285656877996828,-0.19683969103935
14,"poisson","sdmTMB",0.00988276015907208,0.28888897997161,-0.191521608014948
14,"poisson","KFAS",0.0669137934408539,0.219185855172097,-0.150766012745002
15,"poisson","GLM",0.031958727635017,0.341941882606706,-0.216840398674131
15,"poisson","GAM",0.0148664967298583,0.320930221740944,-0.201987779643898
15,"poisson","cf_dglm",0.00838180828317976,0.294187352515355,-0.210330660647374
15,"poisson","sdmTMB",0.0044499668511061,0.30261277657656,-0.194274809303362
15,"poisson","KFAS",0.0307762630090836,0.269168515666795,-0.16927905757598
16,"poisson","GLM",0.0171213905666045,0.292528594319944,-0.223031763437315
16,"poisson","GAM",0.0294113895747049,0.302051138782403,-0.241543380978508
16,"poisson","cf_dglm",0.0180261547467881,0.297351787263411,-0.225354910357011
16,"poisson","sdmTMB",0.018495335441804,0.301183882325823,-0.226129548194493
16,"poisson","KFAS",0.0561981445332531,0.228638036692992,-0.165015244878233
17,"poisson","GLM",0.0315970690673152,0.301192843248382,-0.244669079599586
17,"poisson","GAM",0.0118767280392275,0.307218175890908,-0.215166122597535
17,"poisson","cf_dglm",0.0037301314392682,0.300774946113946,-0.194782029165575
17,"poisson","sdmTMB",0.00528421731672381,0.305322413465348,-0.194754256944473
17,"poisson","KFAS",0.0327676594251795,0.254536485381396,-0.191027383495709
18,"poisson","GLM",0.0277585674161553,0.317331084864417,-0.235223708314385
18,"poisson","GAM",0.00732707356987396,0.309413336946675,-0.195668591253985
18,"poisson","cf_dglm",0.00533627708471631,0.305048872671419,-0.205608974148411
18,"poisson","sdmTMB",0.00487005728697089,0.305907885878173,-0.196459971694006
18,"poisson","KFAS",0.0465395357438954,0.240458141070639,-0.171953185390303
19,"poisson","GLM",0.0335174154482498,0.292496834962084,-0.246803170737408
19,"poisson","GAM",0.00693760013282255,0.296914165620277,-0.209313335459802
19,"poisson","cf_dglm",0.0101583784384805,0.286228624574498,-0.204090785241081
19,"poisson","sdmTMB",0.00842296092003424,0.28808851782561,-0.19990442944991
19,"poisson","KFAS",0.0496896456670864,0.230506301680269,-0.189571785057477
20,"poisson","GLM",0.0210738634543508,0.273810212164366,-0.185776412024045
20,"poisson","GAM",0.00803903702392169,0.289364004779444,-0.195984052015739
20,"poisson","cf_dglm",0.0124247119836152,0.28333615962962,-0.19442654865796
20,"poisson","sdmTMB",0.010145359361771,0.285710950843979,-0.198703964747483
20,"poisson","KFAS",0.0611346435621882,0.228473342506124,-0.151432247790274
21,"poisson","GLM",0.0141583116884044,0.28162182340958,-0.192052786340903
21,"poisson","GAM",0.00620892579615001,0.291286543475567,-0.201084985935861
21,"poisson","cf_dglm",0.00557154291236539,0.301039557497363,-0.207810473804984
21,"poisson","sdmTMB",0.00233401212108218,0.298984401765315,-0.203140666392411
21,"poisson","KFAS",0.0561610357232905,0.230591521373156,-0.161391879588196
22,"poisson","GLM",0.00678519257126118,0.309033948548226,-0.203235034789024
22,"poisson","GAM",0.0093081023696492,0.292116176980911,-0.189458326790712
22,"poisson","cf_dglm",0.00496543439378841,0.305878562994825,-0.203841038213024
22,"poisson","sdmTMB",0.00569918593815608,0.306693430502549,-0.195510074741947
22,"poisson","KFAS",0.0508718350764787,0.24296519400429,-0.156148909784036
23,"poisson","GLM",0.00915959396372063,0.296398248045164,-0.187557182553124
23,"poisson","GAM",0.0101611560770666,0.299305579082887,-0.214353256258943
23,"poisson","cf_dglm",0.0133266863467075,0.281200884657612,-0.198660447720082
23,"poisson","sdmTMB",0.00302695103117924,0.295997332527092,-0.201517734559019
23,"poisson","KFAS",0.0550100866785227,0.238561102422239,-0.152277037631906
24,"poisson","GLM",0.0378372498685832,0.313928106336848,-0.251665489537066
24,"poisson","GAM",0.00215414561152173,0.297031508484107,-0.200684649363798
24,"poisson","cf_dglm",0.0119546892375593,0.300917790670288,-0.216881553536886
24,"poisson","sdmTMB",0.00979228086447883,0.300172923570397,-0.213847296721616
24,"poisson","KFAS",0.03382069398621,0.252184265295072,-0.201155074909101
25,"poisson","GLM",0.0314329048044403,0.255932525635857,-0.194159391122872
25,"poisson","GAM",0.0220561199889004,0.269212379792292,-0.205006725464357
25,"poisson","cf_dglm",0.0147309820047484,0.297035970189786,-0.179379180692014
25,"poisson","sdmTMB",0.00801043758398678,0.29759558455383,-0.188929633839113
25,"poisson","KFAS",0.0697071934301222,0.210094036016429,-0.159563589773649
26,"poisson","GLM",0.00766091308162043,0.308812670654154,-0.206302064299077
26,"poisson","GAM",0.0130313486851103,0.296536760443226,-0.21810077536677
26,"poisson","cf_dglm",0.0108586938663755,0.310130580729987,-0.211540961790099
26,"poisson","sdmTMB",0.00993206746881915,0.303900733644249,-0.213493561629421
26,"poisson","KFAS",0.0515834117166715,0.242513143592844,-0.155089443678726
27,"poisson","GLM",0.0280348945971934,0.263568913422238,-0.215642460193816
27,"poisson","GAM",0.0310602281293163,0.256968640887424,-0.191180834743873
27,"poisson","cf_dglm",0.0116400166820352,0.283543600072321,-0.200408507204846
27,"poisson","sdmTMB",0.0136799373621397,0.280912144828197,-0.203152008471497
27,"poisson","KFAS",0.0645993441998412,0.212397120710212,-0.174079234536033
28,"poisson","GLM",0.0148377157119727,0.279720361539422,-0.194610020500328
28,"poisson","GAM",0.0115388840881505,0.289663697480815,-0.187372548070516
28,"poisson","cf_dglm",0.0178608434474122,0.286232154187415,-0.221177012985471
28,"poisson","sdmTMB",0.00938176959684096,0.295118200499687,-0.212337067527381
28,"poisson","KFAS",0.0607291843519133,0.225751049878439,-0.156835650474689
29,"poisson","GLM",0.0377019300045483,0.347147378248227,-0.224899714384996
29,"poisson","GAM",0.021807065794002,0.329949360102862,-0.20735744972915
29,"poisson","cf_dglm",0.00965514241659862,0.309763193087542,-0.209545868787332
29,"poisson","sdmTMB",0.00884835981275804,0.310034506368036,-0.207476337653016
29,"poisson","KFAS",0.0449345747688184,0.257647728235023,-0.152623665236169
30,"poisson","GLM",0.0268896237848337,0.328310613995152,-0.174610772563993
30,"poisson","GAM",0.0220544191592579,0.296657711765043,-0.168989938435099
30,"poisson","cf_dglm",0.0113368933123189,0.300640375768292,-0.183980005654646
30,"poisson","sdmTMB",0.0162356257275771,0.298760267566754,-0.177072851266983
30,"poisson","KFAS",0.0516559399472929,0.266300088410564,-0.135184969161923
31,"poisson","GLM",0.0107195917556317,0.2848721355459,-0.199016632381457
31,"poisson","GAM",0.00894064568018907,0.295758386661213,-0.188088702562626
31,"poisson","cf_dglm",0.011121024276936,0.285755622313402,-0.193332761721826
31,"poisson","sdmTMB",0.00898876002413633,0.287623461167813,-0.197098810575232
31,"poisson","KFAS",0.0642858088107614,0.216150203319848,-0.164863949772282
32,"poisson","GLM",0.0222405992037649,0.274198728794337,-0.217988410437192
32,"poisson","GAM",0.0221894490941912,0.284018003483199,-0.227005908419165
32,"poisson","cf_dglm",0.0188869382237312,0.277459080482325,-0.214329683116935
32,"poisson","sdmTMB",0.0147801516613923,0.28321858952969,-0.212461541995054
32,"poisson","KFAS",0.0539356343192412,0.224668898807015,-0.188027928671692
33,"poisson","GLM",0.0169015658677766,0.276165263276209,-0.198202450870452
33,"poisson","GAM",0.0184652329218559,0.280699288917234,-0.217590116697065
33,"poisson","cf_dglm",0.005483807675307,0.29365487309294,-0.204459109526891
33,"poisson","sdmTMB",0.0111943882115789,0.290131438632104,-0.212379020615184
33,"poisson","KFAS",0.0684623808744771,0.214624180214369,-0.1543363975804
34,"poisson","GLM",0.0126950447902577,0.282049234916309,-0.199686380224752
34,"poisson","GAM",0.0132598768486118,0.286830481201433,-0.186650376683408
34,"poisson","cf_dglm",0.00856143548008306,0.289319605477016,-0.205703115621541
34,"poisson","sdmTMB",0.00800878300641304,0.290464696479267,-0.193887782950915
34,"poisson","KFAS",0.0589308993920664,0.22747846991611,-0.158935057766909
35,"poisson","GLM",0.0491752297261924,0.276827408080106,-0.265570095477753
35,"poisson","GAM",0.0358207579974635,0.267156317238388,-0.238568716723276
35,"poisson","cf_dglm",0.0218564797525577,0.26972527669071,-0.206233180800673
35,"poisson","sdmTMB",0.0122035217674826,0.285355932003824,-0.20913253303209
35,"poisson","KFAS",0.0562863315060028,0.220400568943924,-0.200482498037534
36,"poisson","GLM",0.0125662257988303,0.288157778680469,-0.213250730390195
36,"poisson","GAM",0.0133484350639472,0.282686677782003,-0.192476017604443
36,"poisson","cf_dglm",0.0100269375099527,0.301545816817445,-0.185904277172706
36,"poisson","sdmTMB",0.00599464670308256,0.298352851092949,-0.19168384231345
36,"poisson","KFAS",0.0575364696138726,0.227080687843323,-0.163893704346011
37,"poisson","GLM",0.0117374103819381,0.302169829291536,-0.183543224927294
37,"poisson","GAM",0.00491988658260013,0.304632957501826,-0.205190979941935
37,"poisson","cf_dglm",0.00819390640068609,0.303574203877464,-0.188977057069515
37,"poisson","sdmTMB",0.00388053746663071,0.305320712462974,-0.198655693135403
37,"poisson","KFAS",0.0553835269922281,0.238518088101963,-0.151475319335829
38,"poisson","GLM",0.00177390185375361,0.301383323177245,-0.202092814507021
38,"poisson","GAM",0.0153441541167616,0.295905588219262,-0.178689863367692
38,"poisson","cf_dglm",0.00455437622345628,0.300434744572363,-0.19357382829934
38,"poisson","sdmTMB",0.00115951475111702,0.300038150043494,-0.201639357645634
38,"poisson","KFAS",0.0504236400047808,0.238509299332382,-0.163889327421539
39,"poisson","GLM",0.0281287500411202,0.328692728725414,-0.17244677013413
39,"poisson","GAM",0.0213388566828651,0.303828541654328,-0.170066141614139
39,"poisson","cf_dglm",0.00760840945514927,0.298985276882352,-0.189288038187665
39,"poisson","sdmTMB",0.0069432766142897,0.299924000520992,-0.190181018160508
39,"poisson","KFAS",0.0549811629512427,0.257368153323835,-0.134973988220696
40,"poisson","GLM",0.013484686015319,0.287730468677384,-0.185400954997438
40,"poisson","GAM",0.0119713056436267,0.283319601470575,-0.202896311883381
40,"poisson","cf_dglm",0.00602827179084908,0.307888612777934,-0.196767367944149
40,"poisson","sdmTMB",0.00446317460487366,0.293702275130221,-0.199577487785089
40,"poisson","KFAS",0.0540375478664389,0.232877922849583,-0.163465907458254
41,"poisson","GLM",0.0104681488194168,0.304423376355601,-0.185872083627526
41,"poisson","GAM",0.0207663013054584,0.309923779722172,-0.172359501888642
41,"poisson","cf_dglm",0.00953797353590593,0.305030496270259,-0.187484410296826
41,"poisson","sdmTMB",0.0152327244881604,0.315765110078589,-0.185318954571477
41,"poisson","KFAS",0.0561697851147399,0.240218250756811,-0.147690995258019
42,"poisson","GLM",0.0172556747590748,0.302033222539615,-0.175681640086422
42,"poisson","GAM",0.0232146940112127,0.278973707414942,-0.174786133652373
42,"poisson","cf_dglm",0.0110798466695839,0.294000928893823,-0.185524601894731
42,"poisson","sdmTMB",0.0117310090163587,0.288511634434007,-0.188031265659817
42,"poisson","KFAS",0.0618308328589897,0.231190927003573,-0.14604246801933
43,"poisson","GLM",0.0217307851389832,0.271953581477934,-0.187436065361583
43,"poisson","GAM",0.0109303112233268,0.285267114984355,-0.204678194736578
43,"poisson","cf_dglm",0.00702319523219382,0.297132356887126,-0.209509319929217
43,"poisson","sdmTMB",0.00822529263184554,0.295367857946743,-0.210670245440356
43,"poisson","KFAS",0.0754552673965889,0.209519829902168,-0.143428509168939
44,"poisson","GLM",0.0267740393555581,0.333056862960153,-0.218464619629432
44,"poisson","GAM",0.0220465163085304,0.331017292243994,-0.196833717552829
44,"poisson","cf_dglm",0.0153032455295375,0.320217323098259,-0.207722596339006
44,"poisson","sdmTMB",0.0119730773658054,0.316380892109614,-0.195713330324329
44,"poisson","KFAS",0.037179870263324,0.260266115614097,-0.165563044019499
45,"poisson","GLM",0.00331223699823137,0.301653285366864,-0.204382747467128
45,"poisson","GAM",0.0131953581531524,0.289069663084977,-0.184875097074559
45,"poisson","cf_dglm",0.00588408401583212,0.296172861090512,-0.192610961011185
45,"poisson","sdmTMB",0.000759793424553892,0.300039389035269,-0.198926212032154
45,"poisson","KFAS",0.0470339715188698,0.247693301188207,-0.158909876939974
46,"poisson","GLM",0.0246641280609228,0.271283642280667,-0.180200777152967
46,"poisson","GAM",0.0132366764734158,0.283769237469401,-0.190673609712271
46,"poisson","cf_dglm",0.00559749301774862,0.292779288989851,-0.19675574528198
46,"poisson","sdmTMB",0.010906254601518,0.286307648393866,-0.192899838990539
46,"poisson","KFAS",0.0761946543396865,0.221559381232554,-0.126119555853603
47,"poisson","GLM",0.0150571777254529,0.286800115651345,-0.216709286498647
47,"poisson","GAM",0.00768676977391164,0.290493215971147,-0.205271993602327
47,"poisson","cf_dglm",0.0118460695638982,0.290227468501139,-0.186392782932238
47,"poisson","sdmTMB",0.0103250981169555,0.291439838259347,-0.188170421257569
47,"poisson","KFAS",0.0556093960237664,0.227488306045511,-0.169555557286974
48,"poisson","GLM",0.0139674084050386,0.312721513682589,-0.215110926005046
48,"poisson","GAM",0.00522641175322006,0.293984925592895,-0.195704695644616
48,"poisson","cf_dglm",0.0196257771737036,0.301793624438563,-0.172302975417617
48,"poisson","sdmTMB",0.00913547496336654,0.302204063233001,-0.187269881741416
48,"poisson","KFAS",0.059624031400319,0.228466815257835,-0.155356369754514
49,"poisson","GLM",0.0234579943125255,0.304045389595509,-0.167072962214109
49,"poisson","GAM",0.0154415770243554,0.307227116249022,-0.179392880047874
49,"poisson","cf_dglm",0.0100392119100792,0.301476907038687,-0.185879437080979
49,"poisson","sdmTMB",0.0114300809266246,0.303456904854737,-0.184209391753208
49,"poisson","KFAS",0.0641858244158386,0.238314428175481,-0.133407730624615
50,"poisson","GLM",0.0216075186656616,0.322150224934071,-0.178949174335815
50,"poisson","GAM",0.0154638513463779,0.318501901674657,-0.211659375255436
50,"poisson","cf_dglm",0.00986710626847687,0.313306836737378,-0.195799087209714
50,"poisson","sdmTMB",0.0106663288468328,0.313975358874849,-0.205677190014147
50,"poisson","KFAS",0.0547151407464735,0.249538675809224,-0.141338700877613
51,"poisson","GLM",0.0171656746034117,0.286825416396161,-0.179610024128364
51,"poisson","GAM",0.0162354642943431,0.290220299054765,-0.179226506044299
51,"poisson","cf_dglm",0.0103150552984732,0.314587494410582,-0.200075752507171
51,"poisson","sdmTMB",0.00783092235643352,0.310401993606159,-0.203800686638282
51,"poisson","KFAS",0.0606464656922285,0.239207865159936,-0.139499554187554
52,"poisson","GLM",0.0359793005680242,0.256991615364406,-0.172809946859829
52,"poisson","GAM",0.0245632768338071,0.286607946683842,-0.167947511085632
52,"poisson","cf_dglm",0.00547049751027178,0.306243152161853,-0.195431002615044
52,"poisson","sdmTMB",0.00734940729527447,0.307496178504312,-0.192800355354939
52,"poisson","KFAS",0.0761639631974783,0.210199834496421,-0.140520349232502
53,"poisson","GLM",0.031728235932997,0.266072467226668,-0.170635320012737
53,"poisson","GAM",0.024766152116807,0.266295167583982,-0.190475880452566
53,"poisson","cf_dglm",0.00663571650683165,0.291821098015348,-0.195398801303625
53,"poisson","sdmTMB",0.00505250575800633,0.293025445119356,-0.198447191870751
53,"poisson","KFAS",0.0683855779819369,0.221166675348507,-0.143977848343361
54,"poisson","GLM",0.0132568454321296,0.304033956000526,-0.181691119624385
54,"poisson","GAM",0.0261536795149167,0.284960950352287,-0.166208626988067
54,"poisson","cf_dglm",0.00375375812676829,0.304820713573268,-0.197776911879149
54,"poisson","sdmTMB",0.00740164199614561,0.296357741279277,-0.190186613230412
54,"poisson","KFAS",0.0641945939926713,0.232100836268677,-0.139737280509798
55,"poisson","GLM",0.0172366451139724,0.310576025026959,-0.221962503595883
55,"poisson","GAM",0.0246823741489039,0.26602627119488,-0.208014046314384
55,"poisson","cf_dglm",0.0157056873541745,0.282155879541288,-0.213225906229409
55,"poisson","sdmTMB",0.0140598544575707,0.280178437900892,-0.201569933338509
55,"poisson","KFAS",0.0433178792906255,0.246900024245958,-0.169450533435189
56,"poisson","GLM",0.0229591400058975,0.31956823564217,-0.22591000527737
56,"poisson","GAM",0.0152396597182112,0.292401237912602,-0.22016812513331
56,"poisson","cf_dglm",0.0125805126777812,0.307687035787271,-0.21604518866442
56,"poisson","sdmTMB",0.00767244777711607,0.298340395195246,-0.210722808478994
56,"poisson","KFAS",0.0400116294557181,0.249561489369328,-0.174352044355096
57,"poisson","GLM",0.00736208983819414,0.29401327282934,-0.208518205876555
57,"poisson","GAM",0.00682172429792383,0.294374006190261,-0.192162906249984
57,"poisson","cf_dglm",0.00555368950372052,0.307243810026048,-0.203035481924506
57,"poisson","sdmTMB",0.00602141180905694,0.302174853743529,-0.191766846804367
57,"poisson","KFAS",0.0564838489161847,0.228918364407677,-0.163554815705048
58,"poisson","GLM",0.0103432673279814,0.288977424012593,-0.190383910532965
58,"poisson","GAM",0.00854840409588102,0.310768502942542,-0.205494521776224
58,"poisson","cf_dglm",0.017367138316298,0.323976337922379,-0.194673631027918
58,"poisson","sdmTMB",0.00976643945974357,0.313546286331583,-0.197304669581586
58,"poisson","KFAS",0.0577533814626939,0.235138775179805,-0.150362034131373
59,"poisson","GLM",0.0136160818413146,0.299725109028194,-0.180745914605664
59,"poisson","GAM",0.00849234045280997,0.301996480224612,-0.211842878005181
59,"poisson","cf_dglm",0.0144448251914305,0.308166983003539,-0.218724484992701
59,"poisson","sdmTMB",0.0138892705012834,0.313797761861726,-0.213980180174903
59,"poisson","KFAS",0.0448737358688903,0.256084618996829,-0.154187952970772
60,"poisson","GLM",0.00999845586599915,0.294122650583606,-0.212860598868104
60,"poisson","GAM",0.00617669508797895,0.293260112373658,-0.194443288814055
60,"poisson","cf_dglm",0.00920573596867586,0.301440096469716,-0.21293898263419
60,"poisson","sdmTMB",0.0069695511094873,0.305869562912904,-0.207918176339725
60,"poisson","KFAS",0.0437817445163663,0.240050326803283,-0.184517138849695
61,"poisson","GLM",0.0253555515713715,0.323024279732443,-0.227489826004891
61,"poisson","GAM",0.0392936236623164,0.342950848937206,-0.235259073961249
61,"poisson","cf_dglm",0.00451583628146891,0.305317510850728,-0.203536895954712
61,"poisson","sdmTMB",0.0170710638742232,0.314224524491894,-0.219506546249276
61,"poisson","KFAS",0.0400452299204001,0.246596896001676,-0.18114928749093
62,"poisson","GLM",0.00478052201596681,0.297209542597908,-0.206157932199805
62,"poisson","GAM",0.00963486268372514,0.300652726773474,-0.186389889580622
62,"poisson","cf_dglm",0.00885374974451097,0.312452338504472,-0.201310356763217
62,"poisson","sdmTMB",0.00625158085082972,0.292790849182788,-0.194882122435656
62,"poisson","KFAS",0.0462674120346134,0.240010639961173,-0.173872935203254
63,"poisson","GLM",0.024887173758752,0.307045188096734,-0.165516552375404
63,"poisson","GAM",0.0161148628919659,0.291464675421038,-0.178868841811546
63,"poisson","cf_dglm",0.0133224496178711,0.292884574632383,-0.182554483398899
63,"poisson","sdmTMB",0.0110957495108174,0.295030166973269,-0.185116046422404
63,"poisson","KFAS",0.0656231931746044,0.238058879119738,-0.130890633710331
64,"poisson","GLM",0.0150957440381184,0.310387735787751,-0.218650949609407
64,"poisson","GAM",0.0175875818630429,0.318960483585193,-0.216098016455269
64,"poisson","cf_dglm",0.00964171839334367,0.305729145370321,-0.187626546137848
64,"poisson","sdmTMB",0.00909469915310893,0.293676283575232,-0.188800101966971
64,"poisson","KFAS",0.0548892640577988,0.230420190914844,-0.165586154163087
65,"poisson","GLM",0.0215332306426185,0.321587273221649,-0.221479052089659
65,"poisson","GAM",0.0108704177669478,0.315316979285251,-0.201312292052536
65,"poisson","cf_dglm",0.0140451842739728,0.292206396478735,-0.218270034119646
65,"poisson","sdmTMB",0.00562911734109414,0.30728746929908,-0.203204171545749
65,"poisson","KFAS",0.0372567957542596,0.255119516730005,-0.172397828324551
66,"poisson","GLM",0.022857778556619,0.268401103717764,-0.193183414723533
66,"poisson","GAM",0.0113048961707237,0.288920262913135,-0.188474342493913
66,"poisson","cf_dglm",0.0216361591464476,0.28086548959285,-0.176122871263498
66,"poisson","sdmTMB",0.0146827023701462,0.298137983313569,-0.179319178168166
66,"poisson","KFAS",0.0711032432608243,0.214019628577569,-0.14785867153134
67,"poisson","GLM",0.0222113135977691,0.316634257033141,-0.226645569921326
67,"poisson","GAM",0.00279315498183006,0.297594059995911,-0.203132871239258
67,"poisson","cf_dglm",0.011537621668434,0.313483628884154,-0.209188317563202
67,"poisson","sdmTMB",0.0130613689865787,0.317918621679205,-0.195514276343258
67,"poisson","KFAS",0.0346762057080514,0.253727879909104,-0.183759021368528
68,"poisson","GLM",0.0259536327843437,0.27716504800885,-0.171264184769333
68,"poisson","GAM",0.0173467335985528,0.275682103650819,-0.203233921803139
68,"poisson","cf_dglm",0.0103700269478,0.28595544918706,-0.195777973204854
68,"poisson","sdmTMB",0.0166080346884883,0.27678868605928,-0.203590060942857
68,"poisson","KFAS",0.077314296376501,0.212970985813594,-0.133811243113886
69,"poisson","GLM",0.0254532023624583,0.333807882597693,-0.212359534589504
69,"poisson","GAM",0.00562897460051725,0.29311738175498,-0.195999965475167
69,"poisson","cf_dglm",0.00388708970585773,0.30434621842675,-0.196634094750331
69,"poisson","sdmTMB",0.014371408688936,0.28105043325515,-0.192652299979495
69,"poisson","KFAS",0.0381258317552318,0.267346377930013,-0.157094300381337
70,"poisson","GLM",0.0155008547164749,0.295602131026279,-0.221475840900242
70,"poisson","GAM",0.0273533728333704,0.320190194801448,-0.232996515643357
70,"poisson","cf_dglm",0.00757616478500219,0.304554686651315,-0.209698008826937
70,"poisson","sdmTMB",0.00591424218159862,0.307033981224957,-0.204525442441591
70,"poisson","KFAS",0.0673554927226445,0.218145584248245,-0.151282657895168
71,"poisson","GLM",0.0464041999495828,0.351621143836422,-0.240521069271937
71,"poisson","GAM",0.0229235566873741,0.302279962097392,-0.232338532360529
71,"poisson","cf_dglm",0.0180065142986635,0.319064109520376,-0.216882797237752
71,"poisson","sdmTMB",0.00816323201926062,0.301493247774576,-0.211447572890543
71,"poisson","KFAS",0.0196755643858515,0.281740682480542,-0.179003500493483
72,"poisson","GLM",0.0445037354164846,0.354482540816599,-0.168490990523208
72,"poisson","GAM",0.00902103239451615,0.306621016747261,-0.189094946668709
72,"poisson","cf_dglm",0.00325968643034698,0.302735236575568,-0.203710740104622
72,"poisson","sdmTMB",0.00589566054505025,0.307534264512841,-0.203571062135481
72,"poisson","KFAS",0.0488702165026336,0.277159383159672,-0.134770387519303
73,"poisson","GLM",0.0224579313335071,0.272520626054371,-0.215924866313955
73,"poisson","GAM",0.00792281822160261,0.291467030356679,-0.207261578768511
73,"poisson","cf_dglm",0.0224538078858556,0.278046909482502,-0.222943600281568
73,"poisson","sdmTMB",0.0187404252679791,0.279934834946704,-0.217314624738452
73,"poisson","KFAS",0.068695045427327,0.208397307498171,-0.167643157463368
74,"poisson","GLM",0.0279722437988022,0.335158703132549,-0.18186830288372
74,"poisson","GAM",0.0124889032174815,0.315401621586249,-0.191355032697272
74,"poisson","cf_dglm",0.018797729310142,0.301052808033184,-0.173436851660995
74,"poisson","sdmTMB",0.00840395954230594,0.309374089534543,-0.192693871245605
74,"poisson","KFAS",0.0423909383874296,0.275976207460861,-0.14507422547865
75,"poisson","GLM",0.00878484391908536,0.300376797341651,-0.212417930146716
75,"poisson","GAM",0.00687962956517539,0.309717304593382,-0.199517716527848
75,"poisson","cf_dglm",0.0143378456418412,0.319853062857646,-0.20412353373563
75,"poisson","sdmTMB",0.0125090706603026,0.316320163945979,-0.193173145208426
75,"poisson","KFAS",0.0532806555333391,0.236371037733188,-0.159638983301045
76,"poisson","GLM",0.0266343134844251,0.311761359927468,-0.164216711690654
76,"poisson","GAM",0.000424874429338215,0.299406841431596,-0.200095913889192
76,"poisson","cf_dglm",0.0145842857398699,0.306910805054968,-0.180566946853966
76,"poisson","sdmTMB",0.00822909768452547,0.30306389911341,-0.188772862358296
76,"poisson","KFAS",0.0627305760806735,0.243378654828524,-0.131704512434576
77,"poisson","GLM",0.0146873797366616,0.290991601411459,-0.181284044188774
77,"poisson","GAM",0.016605995985691,0.285620774994455,-0.18143239127961
77,"poisson","cf_dglm",0.013457361827331,0.292797165545846,-0.182384088143685
77,"poisson","sdmTMB",0.0126549533370663,0.288831656236608,-0.186015587766754
77,"poisson","KFAS",0.0706371118048139,0.221556068931738,-0.138147329832825
78,"poisson","GLM",0.0224267858816064,0.298718930995276,-0.168309617986462
78,"poisson","GAM",0.0174229558173422,0.299215926344617,-0.175372697928335
78,"poisson","cf_dglm",0.00669379057745877,0.308069219168057,-0.204949885514597
78,"poisson","sdmTMB",0.0057408204400119,0.307224022280762,-0.203705069599342
78,"poisson","KFAS",0.0690294314999037,0.230853089249435,-0.131088248026529
79,"poisson","GLM",0.0278799458932477,0.297668282526333,-0.160640809718138
79,"poisson","GAM",0.0241985721368163,0.312778981210995,-0.168253513168692
79,"poisson","cf_dglm",0.00792730868433284,0.289198272301841,-0.196998812786874
79,"poisson","sdmTMB",0.00632225627102684,0.30382879873254,-0.191920263062527
79,"poisson","KFAS",0.0624262966731065,0.238621813856728,-0.136542901906885
80,"poisson","GLM",0.0276680228773053,0.338310795322196,-0.192042491491742
80,"poisson","GAM",0.00810600045334685,0.305154004313286,-0.210239664361587
80,"poisson","cf_dglm",0.0136021097669327,0.313160430242794,-0.214029891519464
80,"poisson","sdmTMB",0.0113943335320277,0.313310450519197,-0.209082597660041
80,"poisson","KFAS",0.0421464577712642,0.269784252664748,-0.148622413268993
81,"poisson","GLM",0.0320164463876905,0.259934604393912,-0.221091935746143
81,"poisson","GAM",0.0172563246280553,0.277239209444657,-0.208803856690875
81,"poisson","cf_dglm",0.0142062461728393,0.285126331926583,-0.21350588237356
81,"poisson","sdmTMB",0.0122984258993181,0.284058726932908,-0.206955456290025
81,"poisson","KFAS",0.0639923996079359,0.212405242163337,-0.177257686689786
82,"poisson","GLM",0.0086125990285292,0.293003191703647,-0.209969874508565
82,"poisson","GAM",0.0311075717598261,0.310523334893487,-0.242715588071628
82,"poisson","cf_dglm",0.00949684586031431,0.307088601310973,-0.211407536721099
82,"poisson","sdmTMB",0.0108085867651103,0.30507794642289,-0.214417543335953
82,"poisson","KFAS",0.0523420118898528,0.234813772127901,-0.164926817749714
83,"poisson","GLM",0.0143934486990694,0.297266427016751,-0.179828973510237
83,"poisson","GAM",0.00690802637327213,0.306763897205174,-0.207049209270939
83,"poisson","cf_dglm",0.0111734960888512,0.313837058758191,-0.207630847568752
83,"poisson","sdmTMB",0.00457381519524778,0.301631753618002,-0.193740850616042
83,"poisson","KFAS",0.0601393266067228,0.236956577082238,-0.142912312744057
84,"poisson","GLM",0.0158738243064083,0.284709190231882,-0.183563828521926
84,"poisson","GAM",0.0106369214713434,0.285491563139135,-0.203974098215864
84,"poisson","cf_dglm",0.0145759172475749,0.314050103788587,-0.184916588225928
84,"poisson","sdmTMB",0.00672214643819676,0.308642764320468,-0.19604056438694
84,"poisson","KFAS",0.0529704048593955,0.237488861039029,-0.158719434503163
85,"poisson","GLM",0.00493218010373281,0.300840282641358,-0.206924357460007
85,"poisson","GAM",0.00621812621353467,0.297411423636386,-0.208404133484461
85,"poisson","cf_dglm",0.00986928555895284,0.307658145514921,-0.211668693249915
85,"poisson","sdmTMB",0.0146620218653294,0.31682612956694,-0.212117389741827
85,"poisson","KFAS",0.0469370401443647,0.24946523706274,-0.15696037628066
86,"poisson","GLM",0.00936835044417018,0.289072942398771,-0.192507911354703
86,"poisson","GAM",0.0133831444616171,0.311198411031342,-0.215258201130348
86,"poisson","cf_dglm",0.0191098638550253,0.273235607994627,-0.196252852591913
86,"poisson","sdmTMB",0.0146363823317704,0.279358866979736,-0.198453713104469
86,"poisson","KFAS",0.0580611719209627,0.230825845758758,-0.15576047293788
87,"poisson","GLM",0.0183224689639141,0.2776186979935,-0.213057681967372
87,"poisson","GAM",0.00703269753409025,0.290056704454163,-0.199779675466344
87,"poisson","cf_dglm",0.00488254705030985,0.293170512220949,-0.198981850662834
87,"poisson","sdmTMB",0.0052245305105796,0.293108357336436,-0.202663963120935
87,"poisson","KFAS",0.0624923019591882,0.215912308713954,-0.172800077527697
88,"poisson","GLM",0.066169560170842,0.380769978945072,-0.152745033196308
88,"poisson","GAM",0.0272895928143433,0.317701094505566,-0.165705466831427
88,"poisson","cf_dglm",0.0194998023489786,0.327353268096333,-0.203504755019773
88,"poisson","sdmTMB",0.0125467874822764,0.31425877262944,-0.189439168813359
88,"poisson","KFAS",0.0508012654220324,0.260889699539353,-0.139734574299708
89,"poisson","GLM",0.040352259943273,0.251062144237931,-0.229354659569988
89,"poisson","GAM",0.0164308831290986,0.286390548265763,-0.21883429489781
89,"poisson","cf_dglm",0.0181344340959781,0.279887278504534,-0.215912065673839
89,"poisson","sdmTMB",0.00344410057010771,0.296442236165242,-0.203326555872088
89,"poisson","KFAS",0.0716162006345359,0.20240586827158,-0.172923334052584
90,"poisson","GLM",0.0235636616267439,0.310439325549231,-0.231646686723835
90,"poisson","GAM",0.0306272624602904,0.336668150901785,-0.223054394831939
90,"poisson","cf_dglm",0.00911730667302009,0.302021744404088,-0.212734328074317
90,"poisson","sdmTMB",0.0109133446627329,0.312750653588678,-0.208696149522445
90,"poisson","KFAS",0.0302188341859821,0.257271772279002,-0.199191028466316
91,"poisson","GLM",0.0349391654676894,0.340480264782551,-0.171665591054484
91,"poisson","GAM",0.0213569896944426,0.32913036210159,-0.192021026291101
91,"poisson","cf_dglm",0.0041993660739727,0.304834252711617,-0.196550456324861
91,"poisson","sdmTMB",0.00352144802600107,0.301993546420611,-0.1954363430159
91,"poisson","KFAS",0.0500287487890183,0.26817189543495,-0.136812001372209
92,"poisson","GLM",0.00660581496920799,0.291390526872762,-0.203626369435978
92,"poisson","GAM",0.0156512613392088,0.308188619880756,-0.1794361854836
92,"poisson","cf_dglm",0.0121659127684281,0.28715930450502,-0.211451436861076
92,"poisson","sdmTMB",0.00431946156155785,0.298141354898433,-0.20581901492952
92,"poisson","KFAS",0.0585796553681382,0.229758818803283,-0.156075877809686
93,"poisson","GLM",0.0533319676200492,0.319772541656214,-0.127215083039786
93,"poisson","GAM",0.0221730036745899,0.301314903958511,-0.168670218457725
93,"poisson","cf_dglm",0.0242993660441907,0.316649616935789,-0.169938252941809
93,"poisson","sdmTMB",0.0188119893066276,0.318951863464073,-0.181328932687592
93,"poisson","KFAS",0.0693597236897168,0.248608372813838,-0.11645095335202
94,"poisson","GLM",0.0432335895045561,0.252951832635646,-0.23904813017998
94,"poisson","GAM",0.00639487188082017,0.30309792349818,-0.208496566526758
94,"poisson","cf_dglm",0.00126745429001496,0.29861850445132,-0.201142081784957
94,"poisson","sdmTMB",0.00628776268303396,0.303726492494077,-0.208073733511078
94,"poisson","KFAS",0.0657201986206415,0.207940136534965,-0.187222263413568
95,"poisson","GLM",0.0121968015111186,0.282751293758334,-0.199922107818413
95,"poisson","GAM",0.0081738622571796,0.292547695959063,-0.191163303055999
95,"poisson","cf_dglm",0.0117478050801662,0.283465048483396,-0.201617784518012
95,"poisson","sdmTMB",0.0130531987749868,0.281639359601201,-0.201912820081611
95,"poisson","KFAS",0.0566165547679166,0.232414979919112,-0.15706826804981
96,"poisson","GLM",0.00790126839586898,0.302274073849365,-0.18905976816266
96,"poisson","GAM",0.0111948170248495,0.297084160229043,-0.215561032577237
96,"poisson","cf_dglm",0.0156203158243993,0.287644959919872,-0.218312332389032
96,"poisson","sdmTMB",0.00722593146600145,0.29502228749393,-0.208924715643068
96,"poisson","KFAS",0.0574288282473106,0.232504353500728,-0.154828345930622
97,"poisson","GLM",0.0253879967312396,0.327774317268258,-0.17724724068749
97,"poisson","GAM",0.0310746552598947,0.320722509519362,-0.161246342130548
97,"poisson","cf_dglm",0.014172587969986,0.305359680171316,-0.180686835370785
97,"poisson","sdmTMB",0.0153677236247409,0.307101727366033,-0.179459811898832
97,"poisson","KFAS",0.0544964398022991,0.252852526112207,-0.139034111109153
98,"poisson","GLM",0.0374182848125576,0.272535932452307,-0.154767477736001
98,"poisson","GAM",0.0238353593330358,0.286507788225091,-0.169109727574997
98,"poisson","cf_dglm",0.0203770131850096,0.275488901704914,-0.184845746700918
98,"poisson","sdmTMB",0.0185045705779867,0.278377045760413,-0.185259371977283
98,"poisson","KFAS",0.0780340241145652,0.212677839237419,-0.132520684067049
99,"poisson","GLM",0.0053074653139635,0.294022461088708,-0.204539537937042
99,"poisson","GAM",0.00473179466262841,0.306495060556168,-0.201610574378993
99,"poisson","cf_dglm",0.0122105023442863,0.314794847136513,-0.208905348573013
99,"poisson","sdmTMB",0.0113667242048745,0.314656110162512,-0.206603277459238
99,"poisson","KFAS",0.04756258091262,0.241856962384852,-0.166180103740216
100,"poisson","GLM",0.00668699373115533,0.305362379524274,-0.20778952220349
100,"poisson","GAM",0.00903167432647326,0.294217138758261,-0.211388625823064
100,"poisson","cf_dglm",0.00961611684498216,0.29082052076637,-0.210033771342424
100,"poisson","sdmTMB",0.0067807092010829,0.301684149451369,-0.20944032177231
100,"poisson","KFAS",0.0535285250963265,0.236390998622283,-0.158957327795261
1,"binary","GLM",0.0878573472128067,0.386011316560204,-0.350559055771504
1,"binary","GAM",0.0633645424803326,0.410453246612812,-0.396607442661075
1,"binary","cf_dglm",0.0295621398534288,0.461452910014454,-0.383814757367478
1,"binary","sdmTMB",0.0187807592164713,0.477978435658391,-0.414848721744397
1,"binary","KFAS",0.263459842833431,0.198821759103096,-0.180651316890483
2,"binary","GLM",0.141946321306932,0.30811250922672,-0.341036391308913
2,"binary","GAM",0.0862094904004725,0.379337707449075,-0.382542519466622
2,"binary","cf_dglm",0.0576691588391984,0.418530288241267,-0.403761625764264
2,"binary","sdmTMB",0.0432850139984166,0.442431342756331,-0.420809482858715
2,"binary","KFAS",0.288610378140363,0.158979853542524,-0.175729715631409
3,"binary","GLM",0.118050405426244,0.373844504357307,-0.29065381871438
3,"binary","GAM",0.0934442920200434,0.406699512228243,-0.306412124696591
3,"binary","cf_dglm",0.0721897521845111,0.422012122828665,-0.334116681510181
3,"binary","sdmTMB",0.0530511548721592,0.443592956502401,-0.350531873793325
3,"binary","KFAS",0.278233516744316,0.195013186663564,-0.151382174068903
4,"binary","GLM",0.117977306439573,0.363226958081613,-0.304446744305258
4,"binary","GAM",0.078668037150616,0.41125025317071,-0.332911978893409
4,"binary","cf_dglm",0.0299632964423448,0.465012432293534,-0.376094595310492
4,"binary","sdmTMB",0.0155058001294249,0.490268715722639,-0.380349000493091
4,"binary","KFAS",0.279464717022687,0.188011286663219,-0.157380753295208
5,"binary","GLM",0.12265234076881,0.353881864338051,-0.306529770392853
5,"binary","GAM",0.0700902317850253,0.408385840308983,-0.362156547099057
5,"binary","cf_dglm",0.0311879759128767,0.457541570944169,-0.411944098341663
5,"binary","sdmTMB",0.0214976305624689,0.486624924495274,-0.427302080412373
5,"binary","KFAS",0.280323027369509,0.184311900845621,-0.160202119693463
6,"binary","GLM",0.0900054891751665,0.414396205757259,-0.305798266605288
6,"binary","GAM",0.0584588985949357,0.428616573583152,-0.358295179141298
6,"binary","cf_dglm",0.0405641983319422,0.44433329052549,-0.413860946176463
6,"binary","sdmTMB",0.0305125027339424,0.47164707503915,-0.432529022308426
6,"binary","KFAS",0.265199906833471,0.213488060839486,-0.15798163316094
7,"binary","GLM",0.0724275415150641,0.429476923547418,-0.3257168038686
7,"binary","GAM",0.0419974603762878,0.455831740372544,-0.360291837141497
7,"binary","cf_dglm",0.016505986532323,0.515115363533372,-0.382211774454306
7,"binary","sdmTMB",0.0224979157681808,0.531082644989906,-0.393204294866919
7,"binary","KFAS",0.256669716881012,0.221103267908591,-0.16767415133849
8,"binary","GLM",0.13255498147747,0.342819466621034,-0.297843619114181
8,"binary","GAM",0.0730032260231637,0.40102498557845,-0.37062503549224
8,"binary","cf_dglm",0.0492779797088402,0.430543856335323,-0.39430064252731
8,"binary","sdmTMB",0.0260247396924525,0.46524547683411,-0.412111864911376
8,"binary","KFAS",0.285472609162653,0.178922375183979,-0.15525854456842
9,"binary","GLM",0.0841518615565263,0.386874635443058,-0.363044303541719
9,"binary","GAM",0.0438870867614615,0.439215113344767,-0.412543935711192
9,"binary","cf_dglm",0.0145577398960356,0.483329223915407,-0.412080596280756
9,"binary","sdmTMB",0.0202948123288622,0.4994958485023,-0.428696770657948
9,"binary","KFAS",0.260286473517974,0.199765662437336,-0.187027139895351
10,"binary","GLM",0.0919905026898219,0.399109399760998,-0.317868447271063
10,"binary","GAM",0.0641366879782117,0.414604327648967,-0.3694286304961
10,"binary","cf_dglm",0.0274023291314562,0.461425401854188,-0.40371155783283
10,"binary","sdmTMB",0.0177573369110288,0.479053751187785,-0.413852822421455
10,"binary","KFAS",0.266612217611118,0.205873875289318,-0.16408905934291
11,"binary","GLM",0.0723638097262171,0.455292352071379,-0.307944211844802
11,"binary","GAM",0.0529812716183144,0.449956445583977,-0.344235558408626
11,"binary","cf_dglm",0.0175816003828905,0.507389610776175,-0.376259338749227
11,"binary","sdmTMB",0.0218554516173472,0.527173929207659,-0.385272505229552
11,"binary","KFAS",0.25494212246709,0.233104237344412,-0.157600281574955
12,"binary","GLM",0.115377503107775,0.409669318662273,-0.264116577700474
12,"binary","GAM",0.0846799249556984,0.385933543962156,-0.363527777858046
12,"binary","cf_dglm",0.0441023812674715,0.43764284164367,-0.398725296643747
12,"binary","sdmTMB",0.0345701318066814,0.455609696863569,-0.420486312838538
12,"binary","KFAS",0.274489157248073,0.213693146410588,-0.137860761271332
13,"binary","GLM",0.0808601764098532,0.386268073071092,-0.388092647015279
13,"binary","GAM",0.0491373136835681,0.43119987586478,-0.40977210883346
13,"binary","cf_dglm",0.0329945233123861,0.454247497603689,-0.409164369138064
13,"binary","sdmTMB",0.0272274443307845,0.476150757888693,-0.430230466425251
13,"binary","KFAS",0.257309346859016,0.197040063098529,-0.198427490478778
14,"binary","GLM",0.088683405017016,0.39266218693183,-0.335130234033359
14,"binary","GAM",0.0398596651528872,0.453014421158381,-0.368856121097098
14,"binary","cf_dglm",0.0190988987716518,0.481369439377064,-0.380443975878142
14,"binary","sdmTMB",0.011286612345218,0.513212844006434,-0.40895522136656
14,"binary","KFAS",0.264262510968863,0.202890036473025,-0.173295304459444
15,"binary","GLM",0.0565225082078849,0.447442741198373,-0.339772743583328
15,"binary","GAM",0.0326094626988184,0.466477830006382,-0.368329536884816
15,"binary","cf_dglm",0.0171427864361605,0.478702003950611,-0.388417875070963
15,"binary","sdmTMB",0.00442501094349611,0.503032497226182,-0.405474066520725
15,"binary","KFAS",0.24958776296596,0.22874239570301,-0.174151787795958
16,"binary","GLM",0.10661328951819,0.365340402583213,-0.332179797793521
16,"binary","GAM",0.0654591446047009,0.407448477382209,-0.397996281984231
16,"binary","cf_dglm",0.0453171133660983,0.452208119550309,-0.442699153279123
16,"binary","sdmTMB",0.0421267326531272,0.477767641948261,-0.455272465690571
16,"binary","KFAS",0.27201492384693,0.189861616921839,-0.172407335503609
17,"binary","GLM",0.0447436560073168,0.44763106442674,-0.364482622665434
17,"binary","GAM",0.0295683242392644,0.478758816585827,-0.363980786740935
17,"binary","cf_dglm",0.021788175045891,0.520465126280094,-0.376964641309488
17,"binary","sdmTMB",0.0370690536239725,0.552389510667207,-0.401889085811845
17,"binary","KFAS",0.246376820566096,0.226364095313245,-0.18430005310437
18,"binary","GLM",0.0677528270415445,0.427402237997201,-0.337466360281623
18,"binary","GAM",0.0523434298635155,0.475383790121981,-0.330188027452343
18,"binary","cf_dglm",0.0251647805549644,0.516907570617296,-0.368684406175514
18,"binary","sdmTMB",0.0300278524390855,0.536742035767884,-0.378707591685332
18,"binary","KFAS",0.255298261642878,0.219122628788616,-0.173146948142342
19,"binary","GLM",0.0851975759674092,0.384006342401786,-0.367400532236965
19,"binary","GAM",0.047128370291774,0.436559264198472,-0.379568660991557
19,"binary","cf_dglm",0.0387642578676476,0.445829580667758,-0.391579724147745
19,"binary","sdmTMB",0.0185577082763566,0.475338106913653,-0.408975973615061
19,"binary","KFAS",0.260437595258038,0.197975052486486,-0.189200538124409
20,"binary","GLM",0.115104270967397,0.375149213892706,-0.29554777360792
20,"binary","GAM",0.0771344714156096,0.415130101248716,-0.331468593717349
20,"binary","cf_dglm",0.0667978341896735,0.414175037970731,-0.360528780136195
20,"binary","sdmTMB",0.0459465369997871,0.43875503598614,-0.378292330675852
20,"binary","KFAS",0.27649018678971,0.195872750428909,-0.154235350690259
21,"binary","GLM",0.107733268179174,0.368826935005564,-0.32249812153827
21,"binary","GAM",0.0681289430308444,0.411582606546321,-0.361718538535509
21,"binary","cf_dglm",0.0214963936159759,0.472557732913021,-0.413080972980357
21,"binary","sdmTMB",0.0115154197442052,0.485543238068096,-0.407497454115546
21,"binary","KFAS",0.273195508147759,0.191435473859018,-0.167493001069611
22,"binary","GLM",0.094480665550788,0.397225044904728,-0.314615569738947
22,"binary","GAM",0.0806303452012501,0.41769652059693,-0.321078251332767
22,"binary","cf_dglm",0.0271781536384626,0.465316283189506,-0.383436671270509
22,"binary","sdmTMB",0.0221964625577664,0.480432894969712,-0.375454240673992
22,"binary","KFAS",0.267039825294861,0.205779147422646,-0.16324141727136
23,"binary","GLM",0.123217618711014,0.37512412539254,-0.278463260440937
23,"binary","GAM",0.0498592868891067,0.443460167688702,-0.357867538163659
23,"binary","cf_dglm",0.0554627752094412,0.444260239235885,-0.34481560059378
23,"binary","sdmTMB",0.0214177608036296,0.48149775207408,-0.376018595175203
23,"binary","KFAS",0.281303551324122,0.194889773269167,-0.144713640161905
24,"binary","GLM",0.0713894141398816,0.399664864108502,-0.388785838947752
24,"binary","GAM",0.0645876071563,0.420505956090969,-0.355013168823064
24,"binary","cf_dglm",0.0355980535207873,0.457593738052705,-0.372867882931937
24,"binary","sdmTMB",0.0135437540871279,0.481421000108136,-0.395343036121754
24,"binary","KFAS",0.251859613746213,0.20546846311975,-0.199705956514576
25,"binary","GLM",0.12101729730985,0.361531830974892,-0.2994170060935
25,"binary","GAM",0.0726794645230843,0.40989944995086,-0.350537893215444
25,"binary","cf_dglm",0.0498379982895246,0.47335353070803,-0.334749576083481
25,"binary","sdmTMB",0.0352411454134685,0.482802690310598,-0.353222556722783
25,"binary","KFAS",0.279638548279612,0.188585412745645,-0.156245225250749
26,"binary","GLM",0.0894251885035809,0.408000486481637,-0.313225474993023
26,"binary","GAM",0.0553774371144078,0.442953565234723,-0.346343449949784
26,"binary","cf_dglm",0.044946879127304,0.44823161086813,-0.363115345016386
26,"binary","sdmTMB",0.0121576321868119,0.485138052478105,-0.39135485357926
26,"binary","KFAS",0.265494339983762,0.210082395397134,-0.161416111884807
27,"binary","GLM",0.109409978354419,0.374398623341417,-0.309637502754197
27,"binary","GAM",0.113723936481747,0.377587846649803,-0.295685417270755
27,"binary","cf_dglm",0.0704743017148307,0.451662285438848,-0.312840836652761
27,"binary","sdmTMB",0.0513912360322329,0.46578250357566,-0.335880726608206
27,"binary","KFAS",0.274094938787427,0.19497341847538,-0.160803730168777
28,"binary","GLM",0.123628304969842,0.36729467508546,-0.286170248534229
28,"binary","GAM",0.0593886208943292,0.438864408246712,-0.342411320518386
28,"binary","cf_dglm",0.0474285654476189,0.452893512527763,-0.35225152904159
28,"binary","sdmTMB",0.027938907168002,0.473796577704476,-0.370427280688329
28,"binary","KFAS",0.281058537725522,0.191648356174274,-0.14918718731534
29,"binary","GLM",0.0767777053489153,0.4199049561343,-0.32668959128854
29,"binary","GAM",0.0434973056644527,0.446837545830217,-0.369051903664693
29,"binary","cf_dglm",0.0374003488946545,0.448461312348878,-0.388111523643298
29,"binary","sdmTMB",0.0209499369869842,0.471817531229025,-0.409140468997279
29,"binary","KFAS",0.259268818597433,0.216253393662104,-0.167774885110279
30,"binary","GLM",0.117699468242462,0.42325688107155,-0.252294809345608
30,"binary","GAM",0.109962760931213,0.425042640706494,-0.263746516114359
30,"binary","cf_dglm",0.0687600448202101,0.438576778934157,-0.324613824601249
30,"binary","sdmTMB",0.050929511903749,0.466447287353581,-0.336267387943259
30,"binary","KFAS",0.27579629837585,0.218553377834001,-0.129972232414903
31,"binary","GLM",0.119868222273702,0.355495062717874,-0.311370972457078
31,"binary","GAM",0.0692418798482936,0.434446383965701,-0.327256620406537
31,"binary","cf_dglm",0.0614353695068249,0.44329570908514,-0.334172705928899
31,"binary","sdmTMB",0.03035767923245,0.477751577809705,-0.363282360004992
31,"binary","KFAS",0.278902488912197,0.185129014905349,-0.162451143155012
32,"binary","GLM",0.113361893925804,0.342917089626162,-0.367956322661483
32,"binary","GAM",0.0825673731168946,0.383670905772323,-0.410113557386859
32,"binary","cf_dglm",0.0682297625728026,0.406688260384242,-0.424566649168395
32,"binary","sdmTMB",0.0539944236353488,0.433776411280202,-0.438016205287982
32,"binary","KFAS",0.273000568695936,0.176442588900062,-0.189359968811922
33,"binary","GLM",0.143654713249418,0.341000290682007,-0.273538758054735
33,"binary","GAM",0.0943319889998423,0.389934742458948,-0.324616398469199
33,"binary","cf_dglm",0.0429049703429952,0.453729855653022,-0.36074765354305
33,"binary","sdmTMB",0.0208794633963912,0.475630475837152,-0.383325760121707
33,"binary","KFAS",0.290362982239562,0.179174463673204,-0.143694911968709
34,"binary","GLM",0.103317132289485,0.398961477930396,-0.294453438203624
34,"binary","GAM",0.0816642022749341,0.445332904463143,-0.298267052868961
34,"binary","cf_dglm",0.0389177863326663,0.477602333650299,-0.349725426623813
34,"binary","sdmTMB",0.0308301470932057,0.511599260824251,-0.357970806718325
34,"binary","KFAS",0.27055224504862,0.207783726118068,-0.153004688546004
35,"binary","GLM",0.108790180038189,0.352107898559301,-0.35759088686453
35,"binary","GAM",0.077583735104621,0.393768037894631,-0.372554742981502
35,"binary","cf_dglm",0.0724676028694387,0.41618426590293,-0.341025177837872
35,"binary","sdmTMB",0.0437273251022465,0.442947629156159,-0.376142403677403
35,"binary","KFAS",0.270223834117748,0.183409292167197,-0.185962235190803
36,"binary","GLM",0.0853504491031783,0.389064062112029,-0.352433036578475
36,"binary","GAM",0.0790794964415153,0.399333055439136,-0.351283475209462
36,"binary","cf_dglm",0.0436173700146682,0.444918663355714,-0.37223318009797
36,"binary","sdmTMB",0.0200626235972129,0.47173425575811,-0.402462810114272
36,"binary","KFAS",0.262989579307666,0.199427334782961,-0.180949525056046
37,"binary","GLM",0.120239478092723,0.368125526640122,-0.292649231674498
37,"binary","GAM",0.0702677909853807,0.419906985173957,-0.341176247348494
37,"binary","cf_dglm",0.0597113924835588,0.462261044593413,-0.324457481975573
37,"binary","sdmTMB",0.0330301533074039,0.488927486340875,-0.354619591272338
37,"binary","KFAS",0.279193088532742,0.192306866818784,-0.152568196947059
38,"binary","GLM",0.101837224721459,0.383679390362944,-0.31508147168255
38,"binary","GAM",0.0995217187387002,0.392585186252065,-0.309053846761359
38,"binary","cf_dglm",0.0525866408597765,0.441671795111487,-0.353864004201558
38,"binary","sdmTMB",0.0226472758777686,0.479079066414717,-0.375748963995579
38,"binary","KFAS",0.270535919512922,0.199226707168134,-0.163536908138964
39,"binary","GLM",0.083423231224719,0.432537902752749,-0.3032129324189
39,"binary","GAM",0.0289969451005768,0.471221126087505,-0.37078661151697
39,"binary","cf_dglm",0.010366753331401,0.48618369471766,-0.395096036540368
39,"binary","sdmTMB",0.02427820077036,0.527749777608583,-0.420219097605136
39,"binary","KFAS",0.260660177525773,0.223510585012007,-0.156194627427671
40,"binary","GLM",0.101701275812478,0.362958802236269,-0.356342135654003
40,"binary","GAM",0.0765094513971702,0.391805400250925,-0.401149300365181
40,"binary","cf_dglm",0.0326296811960175,0.462295543161686,-0.426603874237321
40,"binary","sdmTMB",0.0406652720840889,0.467396165899159,-0.447374240988862
40,"binary","KFAS",0.26886582054422,0.187624134970947,-0.183207523513421
41,"binary","GLM",0.113358364244034,0.391195938051514,-0.282263371919881
41,"binary","GAM",0.0672095944546841,0.443760153028941,-0.323375338263728
41,"binary","cf_dglm",0.0453100191543211,0.460733596561106,-0.349362610330864
41,"binary","sdmTMB",0.0215526775188122,0.500340241495178,-0.369521810221327
41,"binary","KFAS",0.275103382491662,0.204411702390602,-0.147034981799687
42,"binary","GLM",0.0964370579155666,0.425272291126938,-0.285912394163943
42,"binary","GAM",0.0882890620730751,0.428061340629319,-0.297947335892512
42,"binary","cf_dglm",0.0579500594428767,0.477070962135364,-0.321319138277037
42,"binary","sdmTMB",0.0363988149982382,0.495023578780861,-0.348765415016791
42,"binary","KFAS",0.265926316472563,0.22041069586226,-0.148477769179131
43,"binary","GLM",0.124439373391322,0.359602220523958,-0.293892607146125
43,"binary","GAM",0.0563230009460611,0.432582279906145,-0.35758052465569
43,"binary","cf_dglm",0.0323366179581657,0.47000993312498,-0.365475956048334
43,"binary","sdmTMB",0.0062393362358063,0.491871979953826,-0.396565771781625
43,"binary","KFAS",0.28323705659802,0.185757220749694,-0.151609307441557
44,"binary","GLM",0.0842700245090719,0.436889249423178,-0.298906443216448
44,"binary","GAM",0.0749866370399643,0.47410590826785,-0.297162810800306
44,"binary","cf_dglm",0.04032880158693,0.498411508802066,-0.342988587365423
44,"binary","sdmTMB",0.039579627916644,0.521367568863067,-0.348264896898507
44,"binary","KFAS",0.260315210862188,0.22582246406625,-0.15432807079003
45,"binary","GLM",0.0984423636339086,0.403398010861306,-0.299751041850256
45,"binary","GAM",0.0856959473536906,0.424665465975155,-0.305066872120674
45,"binary","cf_dglm",0.0418608460500052,0.444307655327527,-0.379924552086518
45,"binary","sdmTMB",0.017623746276434,0.476135201765069,-0.392812213773471
45,"binary","KFAS",0.269783856380799,0.207966350056155,-0.154474022498907
46,"binary","GLM",0.141665428478474,0.364287302762083,-0.252622080824879
46,"binary","GAM",0.0860936327921011,0.420327999319774,-0.30793154979966
46,"binary","cf_dglm",0.0374532012684193,0.467813973475766,-0.357934048601193
46,"binary","sdmTMB",0.0220010846050345,0.489353532346505,-0.370763923414746
46,"binary","KFAS",0.289643505932674,0.190582640676488,-0.131583124958198
47,"binary","GLM",0.0941422358828536,0.382146760782768,-0.338063458604377
47,"binary","GAM",0.0647188267457888,0.41781766509236,-0.35971207501209
47,"binary","cf_dglm",0.0442799991119147,0.438911272441957,-0.386230322878093
47,"binary","sdmTMB",0.0151718134667256,0.483114627892118,-0.413238279968205
47,"binary","KFAS",0.266923730784518,0.197240520578439,-0.174537688887394
48,"binary","GLM",0.0974521461020132,0.37433503367079,-0.34341238830579
48,"binary","GAM",0.0776286582999472,0.400290706954064,-0.35406010384013
48,"binary","cf_dglm",0.0401368468626632,0.450534131538811,-0.3721600860358
48,"binary","sdmTMB",0.0208269888369966,0.471436450115051,-0.392813168570033
48,"binary","KFAS",0.26756178946733,0.193777002231486,-0.177725174606784
49,"binary","GLM",0.139649576171728,0.357329878677029,-0.26343776242469
49,"binary","GAM",0.0715148801644711,0.420593907418795,-0.337362721715719
49,"binary","cf_dglm",0.0580882451564622,0.422849036373925,-0.371782677974645
49,"binary","sdmTMB",0.03044652989032,0.458902643698775,-0.387155169531114
49,"binary","KFAS",0.288537229070241,0.187117256698556,-0.138061354391474
50,"binary","GLM",0.138774335855735,0.38054749688831,-0.244283166983295
50,"binary","GAM",0.0843764075599773,0.428227121234824,-0.304672091288992
50,"binary","cf_dglm",0.057240507529618,0.439337886294506,-0.346399073093105
50,"binary","sdmTMB",0.0362508737610541,0.468955430770064,-0.359201882173224
50,"binary","KFAS",0.286877135402011,0.199229822811997,-0.127723886197808
51,"binary","GLM",0.114670149020595,0.374757853528761,-0.296981113866982
51,"binary","GAM",0.0883900727897858,0.397591619447995,-0.328319224834806
51,"binary","cf_dglm",0.0389284263930001,0.445736113936028,-0.390711543071816
51,"binary","sdmTMB",0.0169799344690492,0.477305800550702,-0.40784918215497
51,"binary","KFAS",0.277524794573298,0.193980468574011,-0.15425202016757
52,"binary","GLM",0.119161497595468,0.372734403577512,-0.289535557822357
52,"binary","GAM",0.0592901380115632,0.463753340714164,-0.324390340422159
52,"binary","cf_dglm",0.0198974342321361,0.502948956986716,-0.372015728868972
52,"binary","sdmTMB",0.023672854585905,0.521123488272432,-0.374026815141473
52,"binary","KFAS",0.279955983398959,0.193263961333379,-0.149672798392052
53,"binary","GLM",0.136012330585736,0.341703023316231,-0.290726145325127
53,"binary","GAM",0.102548301627564,0.370459248130302,-0.334796457623615
53,"binary","cf_dglm",0.0556004440421224,0.445918542511093,-0.342920978361241
53,"binary","sdmTMB",0.0251551568041185,0.470403780790125,-0.380261012281259
53,"binary","KFAS",0.288346089830638,0.177267166201859,-0.150740189701873
54,"binary","GLM",0.105688254066465,0.410339895114628,-0.28041287825531
54,"binary","GAM",0.0757277859191868,0.443992189834497,-0.30871736024353
54,"binary","cf_dglm",0.037285509490113,0.492111665213003,-0.347863711196875
54,"binary","sdmTMB",0.0352536009716317,0.505947383004453,-0.350499884865463
54,"binary","KFAS",0.270919838008417,0.213525177482588,-0.145584408267435
55,"binary","GLM",0.0780230295092764,0.436001535792559,-0.310114612718754
55,"binary","GAM",0.049028423810403,0.449355642603194,-0.352642616768559
55,"binary","cf_dglm",0.0110108075232831,0.495700063901792,-0.385033827671014
55,"binary","sdmTMB",0.00920676685508908,0.51299716969458,-0.400776332260197
55,"binary","KFAS",0.258813092247157,0.223989712236076,-0.159611243013433
56,"binary","GLM",0.0822448768472961,0.402686349673908,-0.336293697364665
56,"binary","GAM",0.0546059918541491,0.423727849855073,-0.387909185096923
56,"binary","cf_dglm",0.0241640805669883,0.469944994542894,-0.41626352441106
56,"binary","sdmTMB",0.0291510236808841,0.485634674483251,-0.438641969231456
56,"binary","KFAS",0.262955586279586,0.206246722410191,-0.171964273376899
57,"binary","GLM",0.0889427476263818,0.415702984698853,-0.306642419043879
57,"binary","GAM",0.061762773659249,0.452715274306609,-0.32655998954066
57,"binary","cf_dglm",0.041469947169388,0.486294673143239,-0.342976521921115
57,"binary","sdmTMB",0.0316530124757598,0.499442254257873,-0.35523935526304
57,"binary","KFAS",0.263768459508883,0.215488856297296,-0.158751145966747
58,"binary","GLM",0.10444137617536,0.393980966632891,-0.297160480948665
58,"binary","GAM",0.0587868147654241,0.449077070920039,-0.334283681825243
58,"binary","cf_dglm",0.038941444726322,0.472601278497494,-0.352227808352824
58,"binary","sdmTMB",0.0274111135340683,0.494637910609447,-0.361607470938698
58,"binary","KFAS",0.272011486534389,0.204426338693341,-0.15379539331062
59,"binary","GLM",0.0923842417734804,0.421811593121589,-0.295327800797261
59,"binary","GAM",0.0338818550192286,0.461438468364264,-0.371557628843675
59,"binary","cf_dglm",0.017427922116791,0.475702927814622,-0.404137296440476
59,"binary","sdmTMB",0.0225931716450998,0.514436237392077,-0.428504348088134
59,"binary","KFAS",0.265571034277704,0.217426637687593,-0.152597002026814
60,"binary","GLM",0.0843855699401026,0.396114804228137,-0.341265726124574
60,"binary","GAM",0.0636349931177408,0.435283809643367,-0.337464894627786
60,"binary","cf_dglm",0.0178960236660969,0.4800810441269,-0.384386847754522
60,"binary","sdmTMB",0.0118215988409902,0.496466077766142,-0.38365950453751
60,"binary","KFAS",0.261847986555737,0.204828608863025,-0.176387419895818
61,"binary","GLM",0.0804226489742112,0.399459043590806,-0.346829321798731
61,"binary","GAM",0.0375659297907634,0.446894266310644,-0.398523784770329
61,"binary","cf_dglm",0.0196747927595886,0.472198406302599,-0.401125312467779
61,"binary","sdmTMB",0.0325455667665542,0.516567277787149,-0.44294127547053
61,"binary","KFAS",0.259770105936856,0.206407883917282,-0.179172725301056
62,"binary","GLM",0.0584612588365149,0.433901778026063,-0.350336506150049
62,"binary","GAM",0.0399824252881627,0.483808170954119,-0.345824236636703
62,"binary","cf_dglm",0.0303465479878972,0.516235347297592,-0.360272938093913
62,"binary","sdmTMB",0.0243917991592395,0.528401103840007,-0.380422026838345
62,"binary","KFAS",0.251470470963005,0.221470693971462,-0.178875100416141
63,"binary","GLM",0.111564689735668,0.407747809177913,-0.272004323197395
63,"binary","GAM",0.0575366519896841,0.441418752357446,-0.343527262603927
63,"binary","cf_dglm",0.0249915735077266,0.471362098448721,-0.379287006794684
63,"binary","sdmTMB",0.0121164907502285,0.495992692470451,-0.383339862468624
63,"binary","KFAS",0.274190172171122,0.211409671190717,-0.14100941494292
64,"binary","GLM",0.118130117914977,0.365476145390673,-0.300940512527767
64,"binary","GAM",0.0712500420609404,0.424409546328499,-0.333372525928802
64,"binary","cf_dglm",0.0708322013788564,0.421366217567599,-0.337942528534241
64,"binary","sdmTMB",0.0371515856047607,0.457982053135009,-0.368456811081526
64,"binary","KFAS",0.277960982729241,0.190876707161344,-0.157167947617706
65,"binary","GLM",0.0563538133958904,0.435174091096365,-0.353641547660267
65,"binary","GAM",0.0165738574589403,0.485025189992239,-0.381968345406758
65,"binary","cf_dglm",0.00783775881354185,0.48961829083462,-0.403883431632456
65,"binary","sdmTMB",0.0295417012758833,0.53792613273274,-0.417522348144175
65,"binary","KFAS",0.249098084497067,0.223686214677606,-0.181481343036744
66,"binary","GLM",0.139316463399287,0.335918791230155,-0.290933456656974
66,"binary","GAM",0.107169484624401,0.380025740887843,-0.307389125801512
66,"binary","cf_dglm",0.0641724498186283,0.421423692604109,-0.354591074143126
66,"binary","sdmTMB",0.0529856050594613,0.43857841259892,-0.357077543311619
66,"binary","KFAS",0.287756505109849,0.176644987615742,-0.152918741236724
67,"binary","GLM",0.107319265743952,0.373621395479447,-0.315956571232012
67,"binary","GAM",0.08373133994226,0.408775324762083,-0.324502098010679
67,"binary","cf_dglm",0.056521627375602,0.450737927879316,-0.337050520472769
67,"binary","sdmTMB",0.0338084895823298,0.473882243757011,-0.359951395223943
67,"binary","KFAS",0.274268391159434,0.193064508722009,-0.162856783836631
68,"binary","GLM",0.152085201668656,0.351818448524159,-0.244108868323422
68,"binary","GAM",0.079880907952353,0.406871026675534,-0.336055389295771
68,"binary","cf_dglm",0.0584152700775797,0.460801503057408,-0.327280226939884
68,"binary","sdmTMB",0.0341434687789732,0.472009709699335,-0.360654141648631
68,"binary","KFAS",0.294729534089819,0.184220520586393,-0.127944276092423
69,"binary","GLM",0.037087412057727,0.468249581335066,-0.358252387123565
69,"binary","GAM",0.0239909141261947,0.47674454143456,-0.375295515222292
69,"binary","cf_dglm",0.0197572457723411,0.526633049260366,-0.391551437512081
69,"binary","sdmTMB",0.0182358039336011,0.525616304695584,-0.402982285022006
69,"binary","KFAS",0.238890461512702,0.240637429344323,-0.183508979062911
70,"binary","GLM",0.133039800229399,0.33641254237155,-0.307057433880827
70,"binary","GAM",0.0756972143521514,0.399572154387789,-0.362927309956774
70,"binary","cf_dglm",0.0380877549097627,0.446187524151683,-0.3976395781719
70,"binary","sdmTMB",0.0220941293868529,0.472682107246561,-0.415166866592596
70,"binary","KFAS",0.286057260710694,0.174562237970147,-0.159692330843119
71,"binary","GLM",0.0635170151277518,0.45062292753745,-0.32496182880356
71,"binary","GAM",0.0418249265778707,0.466482456472959,-0.351263737911064
71,"binary","cf_dglm",0.0177456902314066,0.502832061289511,-0.37506411276031
71,"binary","sdmTMB",0.00831831659886046,0.509354296112638,-0.392866562798003
71,"binary","KFAS",0.25340573999943,0.229224584930917,-0.165245633217436
72,"binary","GLM",0.0714135375380108,0.465741922849949,-0.304993837897919
72,"binary","GAM",0.0404845941342366,0.455993769771071,-0.363374101711136
72,"binary","cf_dglm",0.0166332496678448,0.476546312395797,-0.401804030706552
72,"binary","sdmTMB",0.0162313807684029,0.50526773512771,-0.422342032358809
72,"binary","KFAS",0.251833678333219,0.239505207992913,-0.157136115441462
73,"binary","GLM",0.106247947575135,0.360992894942171,-0.342953725175969
73,"binary","GAM",0.0728325024545474,0.400969411668591,-0.37167881707417
73,"binary","cf_dglm",0.0372763958859184,0.449712149447816,-0.384182558129437
73,"binary","sdmTMB",0.0175590227022185,0.476822853307668,-0.408913945687304
73,"binary","KFAS",0.272778017903995,0.185524865514279,-0.176569733712167
74,"binary","GLM",0.0975345182221881,0.449756477328052,-0.271541629625851
74,"binary","GAM",0.0637908479092629,0.47051409353297,-0.314740831145366
74,"binary","cf_dglm",0.0589807193862798,0.484213386910157,-0.318096194436414
74,"binary","sdmTMB",0.0371946630142393,0.513503179791196,-0.349161529832102
74,"binary","KFAS",0.263471779695589,0.23266906785567,-0.140444745553543
75,"binary","GLM",0.0859763141466893,0.406763914732995,-0.321955874067396
75,"binary","GAM",0.0543536311179078,0.446454032669815,-0.344850532059884
75,"binary","cf_dglm",0.010226769182026,0.485573392545871,-0.401023041137659
75,"binary","sdmTMB",0.0131477946357434,0.504375265136714,-0.41807169229903
75,"binary","KFAS",0.263257233507516,0.210413544311879,-0.16601618288853
76,"binary","GLM",0.0896778781874255,0.428457169338354,-0.295281964049565
76,"binary","GAM",0.0380196941834567,0.452230282183138,-0.37532109501407
76,"binary","cf_dglm",0.0114626300663245,0.484380218994277,-0.39566338641241
76,"binary","sdmTMB",0.0153732711528578,0.506976285167968,-0.420591415131888
76,"binary","KFAS",0.263829825908927,0.220997167878685,-0.152270765256593
77,"binary","GLM",0.111527220368715,0.37095915838616,-0.309307646618164
77,"binary","GAM",0.0821456943737707,0.397030143840334,-0.346213022665746
77,"binary","cf_dglm",0.0404166774671274,0.450200612327437,-0.37194582700557
77,"binary","sdmTMB",0.0129909379356351,0.482046880588211,-0.396099430774736
77,"binary","KFAS",0.275603272964627,0.192376620489988,-0.160663031446314
78,"binary","GLM",0.126066922445641,0.393121499851964,-0.257301982929206
78,"binary","GAM",0.0853763451673319,0.442126880182548,-0.294033294706037
78,"binary","cf_dglm",0.025546714606644,0.490654748167034,-0.365101067028273
78,"binary","sdmTMB",0.0253400471507862,0.518653149011858,-0.369401045587315
78,"binary","KFAS",0.280750796683205,0.204923268519177,-0.134346574998359
79,"binary","GLM",0.104303153870494,0.405405785012239,-0.28681771205037
79,"binary","GAM",0.0748299615975302,0.454774277691248,-0.304325132103424
79,"binary","cf_dglm",0.0354326100566378,0.472867319818514,-0.357872130637538
79,"binary","sdmTMB",0.0168287881698325,0.518269182992644,-0.384747027328698
79,"binary","KFAS",0.271439349961121,0.210329291321942,-0.14810811456384
80,"binary","GLM",0.0814168971614675,0.444199603423378,-0.299283874038495
80,"binary","GAM",0.034060304705992,0.454833130712879,-0.383261940610388
80,"binary","cf_dglm",0.0119516546550573,0.484507198912645,-0.406757012095236
80,"binary","sdmTMB",0.0191576579105821,0.514022363955452,-0.423181997807321
80,"binary","KFAS",0.258613294789288,0.229397440069175,-0.153959501214889
81,"binary","GLM",0.131995884123918,0.344258113736469,-0.297090856993236
81,"binary","GAM",0.0774907294266289,0.41494887334231,-0.330891880734608
81,"binary","cf_dglm",0.0496410487519258,0.4491198077233,-0.351629828651655
81,"binary","sdmTMB",0.0312100606792467,0.483347262518989,-0.359124309062805
81,"binary","KFAS",0.284651198192411,0.180138250376635,-0.155580135028614
82,"binary","GLM",0.0874236777619866,0.40293739869185,-0.323418995213184
82,"binary","GAM",0.0244148668404554,0.465780927108353,-0.395392777831441
82,"binary","cf_dglm",0.033972694716742,0.455519512092141,-0.381840314757333
82,"binary","sdmTMB",0.0133443807348896,0.485174313085657,-0.41167664343522
82,"binary","KFAS",0.264689783156872,0.207518291295243,-0.166385332891084
83,"binary","GLM",0.113017533044246,0.372657405460769,-0.303409166238037
83,"binary","GAM",0.060137046398685,0.426302264195701,-0.357555065833071
83,"binary","cf_dglm",0.0300606983446494,0.45749846001811,-0.399045919760279
83,"binary","sdmTMB",0.0157536214843934,0.484347464740681,-0.415854063192218
83,"binary","KFAS",0.276649938305479,0.193257324981368,-0.157143441407764
84,"binary","GLM",0.09221016032065,0.41025096339045,-0.305392718248659
84,"binary","GAM",0.0356139634384454,0.46655722234537,-0.362339816698098
84,"binary","cf_dglm",0.0343934094362142,0.515744789978391,-0.353979191512638
84,"binary","sdmTMB",0.0273626079202773,0.531904532317603,-0.378101930633212
84,"binary","KFAS",0.265716721667654,0.212457719446895,-0.1580698670237
85,"binary","GLM",0.0751030383398475,0.429522846154153,-0.32053992498404
85,"binary","GAM",0.0444984123777138,0.463734160927445,-0.348570375029195
85,"binary","cf_dglm",0.0217109392129906,0.479119294139842,-0.377489427244028
85,"binary","sdmTMB",0.00967144533560116,0.513150094603441,-0.396238521343995
85,"binary","KFAS",0.257997598780937,0.221068298715761,-0.164792372631884
86,"binary","GLM",0.0991475494432111,0.40067098662894,-0.30103424721693
86,"binary","GAM",0.0524650879021241,0.464663397054407,-0.334758177605
86,"binary","cf_dglm",0.0249172684134684,0.472330811594317,-0.378178988489337
86,"binary","sdmTMB",0.00819485096030931,0.503668399396496,-0.389006637894113
86,"binary","KFAS",0.268391241258726,0.208493586710807,-0.156912098655509
87,"binary","GLM",0.125441149548424,0.328693067675123,-0.353903373903289
87,"binary","GAM",0.091434822502486,0.374369306581373,-0.369380032604899
87,"binary","cf_dglm",0.0523923792709727,0.427701184456745,-0.383788766783822
87,"binary","sdmTMB",0.0334727696806136,0.454723711951073,-0.4138170315442
87,"binary","KFAS",0.278199188718089,0.171164262189134,-0.18399853068743
88,"binary","GLM",0.0988554959968982,0.416838314978994,-0.287621388502738
88,"binary","GAM",0.076995185195404,0.439474133058249,-0.309484053794381
88,"binary","cf_dglm",0.0472856963886619,0.44594159464924,-0.360635511220716
88,"binary","sdmTMB",0.021719372350913,0.479499553507834,-0.377126566408669
88,"binary","KFAS",0.267610599167527,0.216500649540525,-0.149283060279802
89,"binary","GLM",0.12977432265166,0.32882657545081,-0.333800238916616
89,"binary","GAM",0.0624152206641047,0.419675095119113,-0.363404519446055
89,"binary","cf_dglm",0.0418215472518026,0.440919346849825,-0.402749554949116
89,"binary","sdmTMB",0.0260886443429805,0.465387615660268,-0.412775663490704
89,"binary","KFAS",0.281843801024849,0.171904236338514,-0.17367053612122
90,"binary","GLM",0.0446942190208642,0.439103944036162,-0.383064333617506
90,"binary","GAM",0.00169072233056077,0.497670889833964,-0.399459324651402
90,"binary","cf_dglm",0.0238007891684333,0.488715301700965,-0.431711365697178
90,"binary","sdmTMB",0.0366823506470509,0.53248811597489,-0.44044393673208
90,"binary","KFAS",0.244494142496417,0.223085851119141,-0.192941250897949
91,"binary","GLM",0.0654910852757968,0.4465774844767,-0.324341561367115
91,"binary","GAM",0.0254640618343489,0.469276864876199,-0.381213678955906
91,"binary","cf_dglm",0.00764581807611963,0.491892950756367,-0.407154915839305
91,"binary","sdmTMB",0.0135769833684165,0.507491612385165,-0.417678933753
91,"binary","KFAS",0.255545987571848,0.226290754503094,-0.164011117936337
92,"binary","GLM",0.105777325053841,0.390055497569034,-0.298560898188622
92,"binary","GAM",0.0775024780696729,0.441429495448639,-0.307356790802136
92,"binary","cf_dglm",0.037790516534237,0.472300577569259,-0.354294548718427
92,"binary","sdmTMB",0.0179772505542568,0.498205128744182,-0.374639765139966
92,"binary","KFAS",0.272684916621776,0.202280242094949,-0.154893751081275
93,"binary","GLM",0.124408168453022,0.402669249491033,-0.25343428176742
93,"binary","GAM",0.0577283686925248,0.44643121348535,-0.338392255234038
93,"binary","cf_dglm",0.0160996935441444,0.521933888946978,-0.393892236080826
93,"binary","sdmTMB",0.0270277873035797,0.538026130390358,-0.403875045882387
93,"binary","KFAS",0.279330405317503,0.209827753096656,-0.131949598402192
94,"binary","GLM",0.138889293140137,0.313709964330001,-0.337738502202371
94,"binary","GAM",0.0824582448647314,0.399307678758703,-0.341180099155274
94,"binary","cf_dglm",0.0770345284935947,0.420659810496649,-0.32534230454914
94,"binary","sdmTMB",0.0441427103286296,0.444397833776598,-0.371617666382418
94,"binary","KFAS",0.285578353863316,0.163831582965396,-0.176167947382393
95,"binary","GLM",0.0919407042588481,0.381846555817067,-0.345723395215467
95,"binary","GAM",0.0415399781467232,0.443881760223541,-0.382625227102138
95,"binary","cf_dglm",0.0460443791901596,0.435542699311285,-0.409242623974773
95,"binary","sdmTMB",0.0290352116363699,0.472591144261115,-0.430575180402126
95,"binary","KFAS",0.26499067909747,0.197313911641584,-0.179044683405541
96,"binary","GLM",0.108560290028989,0.373425777326049,-0.313111339653316
96,"binary","GAM",0.0578017059930941,0.423384612246013,-0.37150163529726
96,"binary","cf_dglm",0.0486900775051594,0.443083024540066,-0.361245578324402
96,"binary","sdmTMB",0.0203274593621876,0.473505122574776,-0.388845060355828
96,"binary","KFAS",0.274466972168286,0.193374618558419,-0.161997661611786
97,"binary","GLM",0.10199341730257,0.391690914911084,-0.304740058611637
97,"binary","GAM",0.0865587185741014,0.413224682502456,-0.313658423713824
97,"binary","cf_dglm",0.0417215796896414,0.461150791750875,-0.35559144854857
97,"binary","sdmTMB",0.0307865038460823,0.469986758320616,-0.368459185774229
97,"binary","KFAS",0.270980025375767,0.202772407020264,-0.158098974213057
98,"binary","GLM",0.133456622344771,0.356046065969831,-0.277940158231352
98,"binary","GAM",0.0891299564194492,0.4089202435131,-0.312863462193218
98,"binary","cf_dglm",0.0531234729131708,0.443575030424686,-0.350397282764573
98,"binary","sdmTMB",0.0447609992063717,0.456726528796897,-0.353799342104903
98,"binary","KFAS",0.285280128107795,0.186654743051331,-0.145865679346192
99,"binary","GLM",0.0854934566029555,0.396287216088018,-0.337855646297758
99,"binary","GAM",0.00765159624757333,0.49655371291269,-0.389742468348399
99,"binary","cf_dglm",0.0208028783273087,0.524028271703318,-0.416975324808472
99,"binary","sdmTMB",0.0565984435014936,0.564295604261498,-0.44767434201153
99,"binary","KFAS",0.264798031053148,0.202545812461977,-0.172498349862375
100,"binary","GLM",0.0733415464342801,0.411728070832703,-0.345538716616049
100,"binary","GAM",0.0458654073204644,0.435730126833933,-0.391244739834713
100,"binary","cf_dglm",0.0157955085172074,0.482673111261504,-0.414098762544213
100,"binary","sdmTMB",0.0215692279765303,0.500275811932313,-0.430502247766109
100,"binary","KFAS",0.259294021434933,0.209889264902555,-0.17571772142004
