"seed","family","method","rmse","crps","time"
1,"gaussian","cf_dglm",0.656433523365546,0.39657767203247,0.399000000000001
1,"gaussian","GAM",1.04639916691194,0.590436983547402,38.408
1,"gaussian","GLM",1.15510245894875,0.651892126655852,0.0100000000000002
1,"gaussian","KFAS_K120",0.668024878293824,0.380946780458423,31.742
1,"gaussian","KFAS_K240",0.672129430306029,0.384618791490892,251.293
1,"gaussian","sdmTMB",0.65963737371885,0.379390820362938,112.944
2,"gaussian","cf_dglm",0.663417096879346,0.405940585713502,0.434000000000005
2,"gaussian","GAM",1.06377736550771,0.599392328556544,38.256
2,"gaussian","GLM",1.15557145492025,0.651194817714161,0.012
2,"gaussian","KFAS_K120",0.682773754591906,0.388488988728949,31.665
2,"gaussian","KFAS_K240",0.686496122900667,0.392694652988681,253.169
2,"gaussian","sdmTMB",0.67312382944337,0.386081693531008,137.021
3,"gaussian","cf_dglm",0.658947722308198,0.397929367941622,0.485999999999997
3,"gaussian","GAM",1.01459045158152,0.572318436211267,38.031
3,"gaussian","GLM",1.10103184621973,0.622951069999724,0.0089999999999999
3,"gaussian","KFAS_K120",0.673689363793184,0.384100877823883,31.722
3,"gaussian","KFAS_K240",0.675220611480069,0.386682561314912,249.072
3,"gaussian","sdmTMB",0.667818750649521,0.38522103675262,117.98
4,"gaussian","cf_dglm",0.665017931289476,0.406822524346667,0.376999999999995
4,"gaussian","GAM",1.01993366484064,0.575845129002402,44.475
4,"gaussian","GLM",1.11911735602298,0.630731216079194,0.0089999999999999
4,"gaussian","KFAS_K120",0.679840444600814,0.389931393679104,30.973
4,"gaussian","KFAS_K240",0.684003303268557,0.394680183748848,252.293
4,"gaussian","sdmTMB",0.665845326296825,0.386109430426032,139.426
5,"gaussian","cf_dglm",0.671170495583732,0.41013610133468,0.588999999999999
5,"gaussian","GAM",1.04751491015863,0.591763953749422,37.5
5,"gaussian","GLM",1.13920073567899,0.643803102482483,0.0100000000000002
5,"gaussian","KFAS_K120",0.680248475427108,0.388735059733223,31.65
5,"gaussian","KFAS_K240",0.683823016195353,0.393112460193975,251.63
5,"gaussian","sdmTMB",0.676820764539148,0.391355491169337,132.753
6,"gaussian","cf_dglm",0.662141524164191,0.399869951189699,0.578000000000003
6,"gaussian","GAM",1.03759207659325,0.58544495030756,37.51
6,"gaussian","GLM",1.13064670234445,0.637955329666679,0.0089999999999999
6,"gaussian","KFAS_K120",0.682256746582227,0.388521269335068,31.886
6,"gaussian","KFAS_K240",0.685871118600318,0.392564968158934,249.818
6,"gaussian","sdmTMB",0.669522955613758,0.385253733760016,172.672
7,"gaussian","cf_dglm",0.66670722123603,0.406035182221611,0.403000000000006
7,"gaussian","GAM",1.03115947377465,0.581640614951292,38.696
7,"gaussian","GLM",1.13763268975649,0.641294325706967,0.00800000000000001
7,"gaussian","KFAS_K120",0.68375856137298,0.38990237858935,31.823
7,"gaussian","KFAS_K240",0.691591220453923,0.396099643296237,249.008
7,"gaussian","sdmTMB",0.671347166731272,0.387177433935225,128.438
8,"gaussian","cf_dglm",0.65845760857123,0.398056713970112,0.390999999999998
8,"gaussian","GAM",1.04875351078325,0.590710614101237,39.14
8,"gaussian","GLM",1.15998699127191,0.655879281195643,0.0139999999999998
8,"gaussian","KFAS_K120",0.67689607106811,0.386389143465344,31.631
8,"gaussian","KFAS_K240",0.679141490790598,0.38929012785494,248.159
8,"gaussian","sdmTMB",0.661682206324323,0.38072654226621,127.311
9,"gaussian","cf_dglm",0.66816619960655,0.399408070591094,0.405999999999999
9,"gaussian","GAM",1.03644025057244,0.584209429887488,38.444
9,"gaussian","GLM",1.13849338182283,0.642191088247873,0.0129999999999999
9,"gaussian","KFAS_K120",0.678252708933551,0.387052063945839,29.303
9,"gaussian","KFAS_K240",0.685205106948986,0.393046225197775,225.087
9,"gaussian","sdmTMB",0.671509878202461,0.387620548128771,100.474
10,"gaussian","cf_dglm",0.66900564444632,0.405198915894897,0.372999999999998
10,"gaussian","GAM",1.0324541801154,0.582986253426598,45.249
10,"gaussian","GLM",1.13137842640058,0.637303244584524,0.00800000000000001
10,"gaussian","KFAS_K120",0.681815883891548,0.389813014062913,30.773
10,"gaussian","KFAS_K240",0.68734206705294,0.395411616046701,253.262
10,"gaussian","sdmTMB",0.67347100551447,0.389983183862247,148.75
11,"gaussian","cf_dglm",0.663645732230183,0.400995072873593,0.381999999999998
11,"gaussian","GAM",1.06614014399345,0.602253418088956,45.63
11,"gaussian","GLM",1.17250192158261,0.662458270881363,0.00999999999999979
11,"gaussian","KFAS_K120",0.681190683498389,0.38953749018828,30.655
11,"gaussian","KFAS_K240",0.685803920430628,0.394396498360661,249.827
11,"gaussian","sdmTMB",0.670218312708584,0.386872887118648,140.915
12,"gaussian","cf_dglm",0.656102444208506,0.39606189586196,0.369
12,"gaussian","GAM",1.01318899144155,0.570677312198941,45.135
12,"gaussian","GLM",1.10608663882451,0.62367169969434,0.00900000000000034
12,"gaussian","KFAS_K120",0.678165730519877,0.385401248775355,30.845
12,"gaussian","KFAS_K240",0.683033120450367,0.389982353402669,249.13
12,"gaussian","sdmTMB",0.663796777499497,0.381477166358298,135.221
13,"gaussian","cf_dglm",0.660393117409048,0.398287860118897,0.397000000000006
13,"gaussian","GAM",1.01664190986592,0.573518194181667,38.815
13,"gaussian","GLM",1.09984740350277,0.620047414082117,0.0089999999999999
13,"gaussian","KFAS_K120",0.683507356878042,0.389959660670874,31.856
13,"gaussian","KFAS_K240",0.687697324530656,0.394475545938386,255.756
13,"gaussian","sdmTMB",0.670206126425606,0.387021790350869,148.126
14,"gaussian","cf_dglm",0.658172950184235,0.402114974875801,0.375
14,"gaussian","GAM",1.04405513221086,0.590043179519311,45.929
14,"gaussian","GLM",1.16078515792173,0.655907092222113,0.00900000000000034
14,"gaussian","KFAS_K120",0.668544533912196,0.382151060189072,30.719
14,"gaussian","KFAS_K240",0.674611511521046,0.387715436049539,248.958
14,"gaussian","sdmTMB",0.663112494087244,0.382648214333812,143.754
15,"gaussian","cf_dglm",0.659264094121158,0.40176751157937,0.408000000000001
15,"gaussian","GAM",1.03413458044305,0.583748455447365,39.657
15,"gaussian","GLM",1.13369328378191,0.639928075676141,0.0110000000000001
15,"gaussian","KFAS_K120",0.675417201704426,0.383970057700812,31.628
15,"gaussian","KFAS_K240",0.682293910800059,0.389529184042295,248.081
15,"gaussian","sdmTMB",0.666453195384349,0.383612934234284,116.761
16,"gaussian","cf_dglm",0.665642244868911,0.402717100056083,0.374000000000002
16,"gaussian","GAM",1.05296383419424,0.595409101816305,39.606
16,"gaussian","GLM",1.1542442437127,0.651307138114169,0.0110000000000001
16,"gaussian","KFAS_K120",0.683622061313664,0.390431274364238,31.661
16,"gaussian","KFAS_K240",0.68659999991789,0.393778904843363,249.115
16,"gaussian","sdmTMB",0.671555810579376,0.388458944526924,149.547
17,"gaussian","cf_dglm",0.68608081859843,0.421505845100405,0.388999999999996
17,"gaussian","GAM",1.02746218973083,0.580751366032019,39.552
17,"gaussian","GLM",1.10194712557981,0.623176995319113,0.00999999999999979
17,"gaussian","KFAS_K120",0.695627523268143,0.399495109798995,31.649
17,"gaussian","KFAS_K240",0.700997089252981,0.405214983529276,250.719
17,"gaussian","sdmTMB",0.689055859334111,0.400282870044644,136.271
18,"gaussian","cf_dglm",0.66628966936289,0.402691898343976,0.376000000000005
18,"gaussian","GAM",1.03123325546703,0.582240713927136,46.009
18,"gaussian","GLM",1.12337207322709,0.63442471386299,0.0110000000000001
18,"gaussian","KFAS_K120",0.683726666261536,0.390180698098862,30.705
18,"gaussian","KFAS_K240",0.688613784007155,0.39481191804585,249.15
18,"gaussian","sdmTMB",0.670395758952136,0.387661526425313,147.544
19,"gaussian","cf_dglm",0.652561955827741,0.392781373688024,0.382000000000005
19,"gaussian","GAM",0.993972884572164,0.558425701520234,45.758
19,"gaussian","GLM",1.11429532783123,0.630010306003385,0.00999999999999979
19,"gaussian","KFAS_K120",0.666014946297705,0.379615480040522,30.725
19,"gaussian","KFAS_K240",0.666219077858585,0.38183366979911,249.845
19,"gaussian","sdmTMB",0.662529517050118,0.381390732517838,113.855
20,"gaussian","cf_dglm",0.652802018266731,0.395755424617146,0.370999999999995
20,"gaussian","GAM",1.03361752802102,0.582810890532224,39.616
20,"gaussian","GLM",1.14379466753321,0.643317058887139,0.0129999999999999
20,"gaussian","KFAS_K120",0.670893675428535,0.381366431811405,31.685
20,"gaussian","KFAS_K240",0.67502267962764,0.385274384759834,249.016
20,"gaussian","sdmTMB",0.654006461501166,0.376402870495545,142.309
21,"gaussian","cf_dglm",0.651372659308254,0.397249966273102,0.399999999999999
21,"gaussian","GAM",1.01321143370665,0.570576042886131,39.49
21,"gaussian","GLM",1.12183665241176,0.632086745863507,0.012
21,"gaussian","KFAS_K120",0.662780094902115,0.37767114075469,31.562
21,"gaussian","KFAS_K240",0.668800307358734,0.382794639675308,256.419
21,"gaussian","sdmTMB",0.654360025123522,0.375865997204145,110.365
22,"gaussian","cf_dglm",0.659904483333875,0.403936706560844,0.401999999999994
22,"gaussian","GAM",1.02881631327678,0.581445529679942,39.679
22,"gaussian","GLM",1.12600655056473,0.63566493964051,0.0149999999999997
22,"gaussian","KFAS_K120",0.675233805010708,0.384594206884557,31.582
22,"gaussian","KFAS_K240",0.677479938205157,0.387569879642907,249.978
22,"gaussian","sdmTMB",0.666733992068343,0.384091930184407,133.644
23,"gaussian","cf_dglm",0.659794072667023,0.394567988973203,0.390000000000001
23,"gaussian","GAM",1.03500424216191,0.58490302601313,39.033
23,"gaussian","GLM",1.15036718308313,0.648401128429398,0.0140000000000002
23,"gaussian","KFAS_K120",0.674430297217257,0.385066212577076,31.86
23,"gaussian","KFAS_K240",0.679124849339452,0.389642827583988,250.617
23,"gaussian","sdmTMB",0.663646171640376,0.38247631753815,123.371
24,"gaussian","cf_dglm",0.664116348193393,0.400142554692577,0.402999999999999
24,"gaussian","GAM",1.01098594631221,0.570195397529727,39.632
24,"gaussian","GLM",1.11999882789189,0.632973426587448,0.0190000000000001
24,"gaussian","KFAS_K120",0.680263079835176,0.386703663717808,31.374
24,"gaussian","KFAS_K240",0.688899940007314,0.392899057265915,248.192
24,"gaussian","sdmTMB",0.673428816295694,0.387815507613866,138.88
25,"gaussian","cf_dglm",0.666372119780588,0.399287008756345,0.388000000000005
25,"gaussian","GAM",1.01638889995122,0.572760221192103,39.552
25,"gaussian","GLM",1.10099215034713,0.620333013684013,0.0270000000000001
25,"gaussian","KFAS_K120",0.684696241080646,0.388284741139452,31.512
25,"gaussian","KFAS_K240",0.689123846182373,0.392274398899629,248.895
25,"gaussian","sdmTMB",0.673146130792195,0.38687660459478,120.513
26,"gaussian","cf_dglm",0.654214146002328,0.398729290332112,0.367000000000004
26,"gaussian","GAM",1.05195388451646,0.59543288350463,45.949
26,"gaussian","GLM",1.14724042517967,0.647692547984507,0.0179999999999998
26,"gaussian","KFAS_K120",0.665421927531509,0.379753601512386,30.638
26,"gaussian","KFAS_K240",0.67172832709911,0.385107548666898,248.822
26,"gaussian","sdmTMB",0.661109235839774,0.380842794605912,117.431
27,"gaussian","cf_dglm",0.639716883837938,0.386037686427091,0.384999999999998
27,"gaussian","GAM",1.02154829500722,0.578164961470216,39.627
27,"gaussian","GLM",1.09827746097613,0.621648365650527,0.0190000000000001
27,"gaussian","KFAS_K120",0.657883412377205,0.373819128500401,31.563
27,"gaussian","KFAS_K240",0.659621592055117,0.376347246937652,249.085
27,"gaussian","sdmTMB",0.646503673350756,0.370927188366291,125.733
28,"gaussian","cf_dglm",0.660993940275842,0.40674557973611,0.378
28,"gaussian","GAM",1.03446963623396,0.583460641244362,39.62
28,"gaussian","GLM",1.16279583341522,0.65469266424832,0.0179999999999998
28,"gaussian","KFAS_K120",0.676827851170124,0.387019270284097,31.583
28,"gaussian","KFAS_K240",0.678737871402648,0.389941758311609,249.933
28,"gaussian","sdmTMB",0.669687272416658,0.385837342407929,119.564
29,"gaussian","cf_dglm",0.667416638008859,0.406760840705076,0.439
29,"gaussian","GAM",1.00243795803467,0.566510511984346,45.887
29,"gaussian","GLM",1.11232979054487,0.628921920858134,0.02
29,"gaussian","KFAS_K120",0.680633856466116,0.390352984737064,30.875
29,"gaussian","KFAS_K240",0.685138750116475,0.395096088313699,248.314
29,"gaussian","sdmTMB",0.670200481503631,0.388743051191033,140.632
30,"gaussian","cf_dglm",0.661291480803872,0.401218998213157,0.375999999999998
30,"gaussian","GAM",1.04159405827178,0.586543422319758,45.885
30,"gaussian","GLM",1.14268745727341,0.643907742905747,0.0169999999999999
30,"gaussian","KFAS_K120",0.673543774261302,0.385386789573028,30.866
30,"gaussian","KFAS_K240",0.676565785488501,0.38908507221194,252.387
30,"gaussian","sdmTMB",0.667277509888527,0.384874265837275,152.359
31,"gaussian","cf_dglm",0.666681698302289,0.4060006182004,0.396000000000015
31,"gaussian","GAM",1.00284221398753,0.565749359528355,41.154
31,"gaussian","GLM",1.13122888021123,0.63831175646811,0.0099999999999909
31,"gaussian","KFAS_K120",0.693676395715156,0.39692938321701,31.545
31,"gaussian","KFAS_K240",0.698108931593007,0.401820677642468,253.75
31,"gaussian","sdmTMB",0.674591529341276,0.390598489913021,142.614
32,"gaussian","cf_dglm",0.662787746292442,0.399122823507732,0.557999999999993
32,"gaussian","GAM",1.02475504051907,0.576604446377265,41.199
32,"gaussian","GLM",1.12789668898687,0.635538584879397,0.00799999999998136
32,"gaussian","KFAS_K120",0.676302754511781,0.385539650266018,32.616
32,"gaussian","KFAS_K240",0.682021185297012,0.391096997981191,250.21
32,"gaussian","sdmTMB",0.664724297537544,0.384716133633462,162.383
33,"gaussian","cf_dglm",0.670531823105277,0.401904417508478,0.411999999999978
33,"gaussian","GAM",0.98384645047027,0.556456623095147,34.598
33,"gaussian","GLM",1.06676972480684,0.604750623212416,0.0129999999999768
33,"gaussian","KFAS_K120",0.679094865412782,0.387647981967393,33.207
33,"gaussian","KFAS_K240",0.68104698644589,0.390733136501835,248.787
33,"gaussian","sdmTMB",0.671787892127912,0.387004578724097,139.9
34,"gaussian","cf_dglm",0.656425310924103,0.398960278152515,0.437999999999988
34,"gaussian","GAM",1.04929629413346,0.591245703752443,35.551
34,"gaussian","GLM",1.12139602621378,0.633704569678663,0.00799999999998136
34,"gaussian","KFAS_K120",0.667278646039397,0.380366419084042,35.284
34,"gaussian","KFAS_K240",0.669428386731925,0.383402567206365,255.842
34,"gaussian","sdmTMB",0.664094657656979,0.382875034438259,113.757
35,"gaussian","cf_dglm",0.649148205536786,0.39469963426054,0.456000000000017
35,"gaussian","GAM",1.016624929916,0.573463318444619,40.947
35,"gaussian","GLM",1.12978551955526,0.637793109090139,0.0120000000000005
35,"gaussian","KFAS_K120",0.663263443787791,0.378648423223993,31.98
35,"gaussian","KFAS_K240",0.669041939099249,0.383486377232975,250.069
35,"gaussian","sdmTMB",0.657863055440249,0.379004620523341,122.858
36,"gaussian","cf_dglm",0.670547648870118,0.399352707860382,0.355999999999995
36,"gaussian","GAM",1.05348007640448,0.592868172261263,35.859
36,"gaussian","GLM",1.15446960916822,0.65108643937111,0.007000000000005
36,"gaussian","KFAS_K120",0.683133660895183,0.389328541588451,32.603
36,"gaussian","KFAS_K240",0.68433212385585,0.391665362384698,251.686
36,"gaussian","sdmTMB",0.676584009580272,0.390694237083317,149.692
37,"gaussian","cf_dglm",0.67583501656311,0.411057372196202,0.388000000000034
37,"gaussian","GAM",1.0481788525381,0.591911776673979,35.044
37,"gaussian","GLM",1.1328323144136,0.639457462805434,0.0129999999999768
37,"gaussian","KFAS_K120",0.695330028164044,0.39796285077406,32.864
37,"gaussian","KFAS_K240",0.696223747052037,0.400386048372978,249.473
37,"gaussian","sdmTMB",0.687166076766049,0.397967756387385,121.124
38,"gaussian","cf_dglm",0.679713676835267,0.419280757280606,0.375
38,"gaussian","GAM",1.06142810433641,0.599788342346202,40.895
38,"gaussian","GLM",1.14934214675888,0.64987298048169,0.01400000000001
38,"gaussian","KFAS_K120",0.691744806707029,0.395036412422197,32.074
38,"gaussian","KFAS_K240",0.695794638269472,0.399161806747131,249.928
38,"gaussian","sdmTMB",0.680600496077931,0.395616952082531,137.619
39,"gaussian","cf_dglm",0.688511928865401,0.42727816056935,0.472999999999956
39,"gaussian","GAM",1.05101562553596,0.592401747303378,36.266
39,"gaussian","GLM",1.1473311988112,0.646698168566,0.00799999999998136
39,"gaussian","KFAS_K120",0.701754893544132,0.401617943999921,34.503
39,"gaussian","KFAS_K240",0.705047351474004,0.405632979341803,250.951
39,"gaussian","sdmTMB",0.692452334324693,0.40027143710899,148.744
40,"gaussian","cf_dglm",0.660802192583611,0.399889615725926,0.447999999999979
40,"gaussian","GAM",1.04668138524025,0.591481831694963,36.633
40,"gaussian","GLM",1.15305565037195,0.650474840729351,0.00899999999995771
40,"gaussian","KFAS_K120",0.6767670691104,0.386985858408495,34.323
40,"gaussian","KFAS_K240",0.680881813396487,0.391430441575166,251.468
40,"gaussian","sdmTMB",0.667021325063089,0.384825277735458,128.604
41,"gaussian","cf_dglm",0.680847882436172,0.413203746138475,0.365999999999985
41,"gaussian","GAM",1.02189867731002,0.57716956251257,34.133
41,"gaussian","GLM",1.10515252088711,0.623592548682614,0.0109999999999673
41,"gaussian","KFAS_K120",0.695606468783559,0.398811260450635,32.247
41,"gaussian","KFAS_K240",0.699835608307696,0.403078822414583,250.014
41,"gaussian","sdmTMB",0.685899992151443,0.397758046951692,124.757
42,"gaussian","cf_dglm",0.670472833192036,0.401071795777784,0.346000000000004
42,"gaussian","GAM",1.01640307902787,0.573936581337724,41.613
42,"gaussian","GLM",1.11623772427956,0.629156343740043,0.0120000000000005
42,"gaussian","KFAS_K120",0.682432302362343,0.390292448242071,31.484
42,"gaussian","KFAS_K240",0.684373008626298,0.393520632416873,249.179
42,"gaussian","sdmTMB",0.676628940377389,0.390916411099413,123.673
43,"gaussian","cf_dglm",0.660048451052245,0.400505632746677,0.367000000000019
43,"gaussian","GAM",1.0224857384464,0.575382648220399,34.788
43,"gaussian","GLM",1.12237723577141,0.630761793438225,0.00900000000001455
43,"gaussian","KFAS_K120",0.670783395381784,0.381818735505435,32.088
43,"gaussian","KFAS_K240",0.672455478103014,0.38460510476532,249.187
43,"gaussian","sdmTMB",0.666860356372189,0.383601776664878,141.44
44,"gaussian","cf_dglm",0.661138584447777,0.403942823632789,0.418000000000006
44,"gaussian","GAM",1.05882245828895,0.597854006012862,44.548
44,"gaussian","GLM",1.16796265404652,0.661305109480654,0.0129999999999768
44,"gaussian","KFAS_K120",0.678426855732,0.386650031343345,32.534
44,"gaussian","KFAS_K240",0.677605418157589,0.387806852560312,248.972
44,"gaussian","sdmTMB",0.669841890109091,0.385035854293229,126.214
45,"gaussian","cf_dglm",0.668940407664983,0.403396307578578,0.365000000000009
45,"gaussian","GAM",1.02377183686278,0.576797303625093,35.279
45,"gaussian","GLM",1.10820044167393,0.625468919495526,0.00799999999998136
45,"gaussian","KFAS_K120",0.685619065512019,0.392245636610439,31.319
45,"gaussian","KFAS_K240",0.687577211986322,0.395394646007285,247.401
45,"gaussian","sdmTMB",0.669948231807574,0.387081611932197,129.33
46,"gaussian","cf_dglm",0.665900291172258,0.404179978854892,0.435999999999979
46,"gaussian","GAM",1.01728981019549,0.573343364541705,44.858
46,"gaussian","GLM",1.10632228717659,0.624724673753297,0.0099999999999909
46,"gaussian","KFAS_K120",0.681125084432316,0.390166580764798,32.006
46,"gaussian","KFAS_K240",0.684144781230595,0.394052894743503,249.199
46,"gaussian","sdmTMB",0.670878710529732,0.387645535637943,135.159
47,"gaussian","cf_dglm",0.689943449441635,0.428906923096124,0.331999999999994
47,"gaussian","GAM",1.07767552404092,0.607253409647083,40.067
47,"gaussian","GLM",1.16297533223417,0.655415652321167,0.00900000000001455
47,"gaussian","KFAS_K120",0.704083618122096,0.403720388918654,30.62
47,"gaussian","KFAS_K240",0.705769012102548,0.407457181724123,255.416
47,"gaussian","sdmTMB",0.705243482971144,0.407489306555218,93.462
48,"gaussian","cf_dglm",0.669646162824118,0.406050929914728,0.331999999999994
48,"gaussian","GAM",1.06378407864661,0.599746980918739,37.248
48,"gaussian","GLM",1.16937071046354,0.658706328909537,0.00900000000001455
48,"gaussian","KFAS_K120",0.692138297408684,0.392400395301323,30.7859999999999
48,"gaussian","KFAS_K240",0.698045388300028,0.397644859940693,248.434
48,"gaussian","sdmTMB",0.680479879355522,0.390042248884285,117.597
49,"gaussian","cf_dglm",0.66362899071542,0.394194764493377,0.325999999999965
49,"gaussian","GAM",1.06526455785705,0.602430441914986,40.228
49,"gaussian","GLM",1.17061692588374,0.663302228709232,0.0100000000000477
49,"gaussian","KFAS_K120",0.673846931206062,0.385385113844129,30.511
49,"gaussian","KFAS_K240",0.680029676009947,0.390745671945434,249.818
49,"gaussian","sdmTMB",0.661547117837432,0.382750438011849,138.435
50,"gaussian","cf_dglm",0.650225536950244,0.393882418119896,0.34699999999998
50,"gaussian","GAM",1.01438027095207,0.572802239601817,34.195
50,"gaussian","GLM",1.11835883780963,0.631542572577004,0.0130000000000337
50,"gaussian","KFAS_K120",0.668159563881088,0.37998349521982,30.742
50,"gaussian","KFAS_K240",0.671574260728005,0.383686987178394,249.891
50,"gaussian","sdmTMB",0.659178704118881,0.379538782011154,130.588
51,"gaussian","cf_dglm",0.697005174022302,0.423124920387971,0.327999999999975
51,"gaussian","GAM",1.08308475251051,0.610435807581762,33.503
51,"gaussian","GLM",1.15367884625811,0.650531486656037,0.0110000000000241
51,"gaussian","KFAS_K120",0.710272350019969,0.407454836487535,30.266
51,"gaussian","KFAS_K240",0.713889818082338,0.411254572881137,248.16
51,"gaussian","sdmTMB",0.699054316053693,0.404923039631659,117.287
52,"gaussian","cf_dglm",0.667596502963484,0.411948947254567,0.338999999999999
52,"gaussian","GAM",1.04201404996833,0.586487377321308,34.144
52,"gaussian","GLM",1.15383514911245,0.64896320547774,0.00900000000001455
52,"gaussian","KFAS_K120",0.675308187252159,0.385705667706094,30.278
52,"gaussian","KFAS_K240",0.681895130059845,0.391530356154622,247.297
52,"gaussian","sdmTMB",0.669527566431816,0.386381425293922,124.701
53,"gaussian","cf_dglm",0.65576209025852,0.39573503455681,0.334000000000003
53,"gaussian","GAM",1.06367861930708,0.600721157086677,33.387
53,"gaussian","GLM",1.15480330280222,0.651409009399716,0.01400000000001
53,"gaussian","KFAS_K120",0.673347704157192,0.383934752413936,30.286
53,"gaussian","KFAS_K240",0.679807865768958,0.389597152367572,249.84
53,"gaussian","sdmTMB",0.659460484944972,0.380121947858292,130.283
54,"gaussian","cf_dglm",0.671004378214848,0.405352023468311,0.323999999999955
54,"gaussian","GAM",1.02342674434154,0.578838136806722,40.422
54,"gaussian","GLM",1.13311781955646,0.640231218312637,0.00900000000001455
54,"gaussian","KFAS_K120",0.680572284958266,0.388454721036915,30.149
54,"gaussian","KFAS_K240",0.688879334450396,0.395403434304041,248.158
54,"gaussian","sdmTMB",0.670816230528062,0.387331426248686,135.407
55,"gaussian","cf_dglm",0.678508587990834,0.408698582094046,0.322000000000003
55,"gaussian","GAM",1.05898358054125,0.596234323462624,39.525
55,"gaussian","GLM",1.17245794669883,0.660742018773694,0.0099999999999909
55,"gaussian","KFAS_K120",0.69111775511704,0.395401902769317,30.187
55,"gaussian","KFAS_K240",0.696577465564916,0.400360967728725,248.335
55,"gaussian","sdmTMB",0.681035052190036,0.392447090444293,141.874
56,"gaussian","cf_dglm",0.658040158514947,0.403031540223643,0.336000000000013
56,"gaussian","GAM",1.00831067352196,0.568771041363354,34.199
56,"gaussian","GLM",1.09694901130136,0.619231217920175,0.0099999999999909
56,"gaussian","KFAS_K120",0.667481164294646,0.380764811967835,30.4
56,"gaussian","KFAS_K240",0.667571933081687,0.382465201082729,248.205
56,"gaussian","sdmTMB",0.658034483324913,0.378511523550681,123.055
57,"gaussian","cf_dglm",0.658176101810038,0.39479441971994,0.32099999999997
57,"gaussian","GAM",1.06304713440834,0.600082015198249,34.259
57,"gaussian","GLM",1.173029390258,0.660961020745942,0.0100000000000477
57,"gaussian","KFAS_K120",0.673949874408935,0.384571166604831,30.225
57,"gaussian","KFAS_K240",0.675851837014645,0.387320124918148,249.168
57,"gaussian","sdmTMB",0.666265050608878,0.382945536926683,137.412
58,"gaussian","cf_dglm",0.65373839709673,0.394355373464349,0.383999999999901
58,"gaussian","GAM",0.998657390066428,0.562645566235051,44.051
58,"gaussian","GLM",1.10697387882479,0.623445646222028,0.00799999999998136
58,"gaussian","KFAS_K120",0.667303242835529,0.379923690681337,31.338
58,"gaussian","KFAS_K240",0.670355657831681,0.383081536189982,250.654
58,"gaussian","sdmTMB",0.654435033988337,0.377625691772068,140.377
59,"gaussian","cf_dglm",0.663802213854044,0.408466597905218,0.327999999999975
59,"gaussian","GAM",1.03385489399002,0.584465074572474,34.141
59,"gaussian","GLM",1.12212517301409,0.636340522152973,0.0080000000000382
59,"gaussian","KFAS_K120",0.68148800793026,0.38974779913969,30.0840000000001
59,"gaussian","KFAS_K240",0.686299483956986,0.394651898649502,249.98
59,"gaussian","sdmTMB",0.670988528640584,0.387982532981593,145.752
60,"gaussian","cf_dglm",0.665776272896701,0.403618508701107,0.381000000000085
60,"gaussian","GAM",1.0456488253926,0.592138593647978,42.318
60,"gaussian","GLM",1.14132249331795,0.645334166732144,0.00799999999998136
60,"gaussian","KFAS_K120",0.68548362754974,0.391981299463911,31.2089999999999
60,"gaussian","KFAS_K240",0.688822120804255,0.396067141674242,249.999
60,"gaussian","sdmTMB",0.678482383681258,0.39196823648374,114.55
61,"gaussian","cf_dglm",0.674131761871044,0.410631495380265,0.45799999999997
61,"gaussian","GAM",1.02742072865012,0.578943067274865,34.967
61,"gaussian","GLM",1.10399175492768,0.623029835800867,0.0099999999999909
61,"gaussian","KFAS_K120",0.685350489032469,0.390866741021243,31.7280000000001
61,"gaussian","KFAS_K240",0.690602452066563,0.39595885501611,251.768
61,"gaussian","sdmTMB",0.678597823258059,0.391379537456199,113.514
62,"gaussian","cf_dglm",0.660146911999162,0.400883545519948,0.424999999999955
62,"gaussian","GAM",1.04142975364706,0.587982998979115,35.064
62,"gaussian","GLM",1.12899685173778,0.636962448162872,0.0080000000000382
62,"gaussian","KFAS_K120",0.674744636601619,0.385117892763294,32.143
62,"gaussian","KFAS_K240",0.677462610932901,0.388349252556008,250.207
62,"gaussian","sdmTMB",0.662109890877447,0.382132975328251,125.949
63,"gaussian","cf_dglm",0.662783869195162,0.401185165273526,0.43100000000004
63,"gaussian","GAM",1.02871510344414,0.580923950323417,41.369
63,"gaussian","GLM",1.1472957929929,0.649120362550162,0.00799999999992451
63,"gaussian","KFAS_K120",0.678835694026572,0.389268196579357,32.4
63,"gaussian","KFAS_K240",0.681135757858807,0.392260036436452,248.458
63,"gaussian","sdmTMB",0.67085274474779,0.388405649404982,100.969
64,"gaussian","cf_dglm",0.657783557196183,0.41043770816896,0.427000000000021
64,"gaussian","GAM",1.0265002844835,0.580076645394981,35.0980000000001
64,"gaussian","GLM",1.12724574587106,0.637541412894146,0.0080000000000382
64,"gaussian","KFAS_K120",0.674114974903525,0.386672089208095,32.106
64,"gaussian","KFAS_K240",0.67957146064342,0.391613950751796,247.693
64,"gaussian","sdmTMB",0.672701196392044,0.389651702294668,137.625
65,"gaussian","cf_dglm",0.665679443900991,0.402139933990475,0.446000000000026
65,"gaussian","GAM",1.03517135872908,0.583805576308542,35.2139999999999
65,"gaussian","GLM",1.1286631496728,0.63579802393172,0.0109999999999673
65,"gaussian","KFAS_K120",0.676895716451736,0.385438709071413,32.399
65,"gaussian","KFAS_K240",0.678584014110967,0.388350582054784,251.533
65,"gaussian","sdmTMB",0.669046777606216,0.385852567275452,153.71
66,"gaussian","cf_dglm",0.660037949843371,0.398971250404003,0.362999999999943
66,"gaussian","GAM",1.02419457995635,0.576133650761622,35.162
66,"gaussian","GLM",1.12463089410904,0.633110931190474,0.0080000000000382
66,"gaussian","KFAS_K120",0.665290666171677,0.378485210779008,30.6859999999999
66,"gaussian","KFAS_K240",0.667821239338578,0.381884430797728,249.19
66,"gaussian","sdmTMB",0.657673875885648,0.377619196819847,156.37
67,"gaussian","cf_dglm",0.664671223581855,0.399771473200099,0.411999999999921
67,"gaussian","GAM",1.04248152518431,0.587886845609806,35.5179999999999
67,"gaussian","GLM",1.1229414514359,0.632809914901076,0.00799999999992451
67,"gaussian","KFAS_K120",0.67936148351385,0.385899905284593,32.1930000000001
67,"gaussian","KFAS_K240",0.685875039182615,0.391134246549875,248.273
67,"gaussian","sdmTMB",0.670103272095003,0.384255735149426,110.322
68,"gaussian","cf_dglm",0.655994634497243,0.40094669015806,0.343999999999937
68,"gaussian","GAM",1.04297305798262,0.589223088701233,34.1890000000001
68,"gaussian","GLM",1.12691690211369,0.637696782271494,0.00900000000001455
68,"gaussian","KFAS_K120",0.669909396449253,0.384417022845136,30.5210000000001
68,"gaussian","KFAS_K240",0.675212373719122,0.389832148730346,249.814
68,"gaussian","sdmTMB",0.66194282344537,0.382429166191886,118.585
69,"gaussian","cf_dglm",0.682206863728043,0.41505285993269,0.341999999999985
69,"gaussian","GAM",1.04411949115603,0.589124717721982,40.458
69,"gaussian","GLM",1.13852142195434,0.643559710370859,0.00799999999992451
69,"gaussian","KFAS_K120",0.692865446760107,0.396237060962218,30.327
69,"gaussian","KFAS_K240",0.698572441548972,0.401484086889362,248.993
69,"gaussian","sdmTMB",0.685177839399297,0.395294955509172,110.152
70,"gaussian","cf_dglm",0.685097194304127,0.416906541828565,0.41599999999994
70,"gaussian","GAM",1.06257468583681,0.599517711854561,35.567
70,"gaussian","GLM",1.15561833672156,0.650936438296663,0.00900000000001455
70,"gaussian","KFAS_K120",0.705505063400984,0.403570520950739,32.054
70,"gaussian","KFAS_K240",0.707803552585872,0.407028819724623,248.375
70,"gaussian","sdmTMB",0.696529336442647,0.403497516295186,122.144
71,"gaussian","cf_dglm",0.659080230227166,0.401993032459339,0.36099999999999
71,"gaussian","GAM",1.04837367403587,0.5910546132927,34.481
71,"gaussian","GLM",1.15055854598239,0.649014158591146,0.0170000000000528
71,"gaussian","KFAS_K120",0.672161132904996,0.384667489190695,30.405
71,"gaussian","KFAS_K240",0.677226479667861,0.38966614893345,249.187
71,"gaussian","sdmTMB",0.662294712582414,0.381977878552015,121.171
72,"gaussian","cf_dglm",0.663142919482697,0.400502742681223,0.347999999999956
72,"gaussian","GAM",1.01483014088618,0.571104468905296,40.73
72,"gaussian","GLM",1.11572756327675,0.628990071354132,0.0160000000000764
72,"gaussian","KFAS_K120",0.676265634225086,0.385866363469178,30.251
72,"gaussian","KFAS_K240",0.680628739704756,0.390283280254834,247.508
72,"gaussian","sdmTMB",0.671488076876181,0.386561002520184,113.978
73,"gaussian","cf_dglm",0.666558430557475,0.405432360728288,0.406999999999925
73,"gaussian","GAM",1.0440967532236,0.588073615614286,35.7280000000001
73,"gaussian","GLM",1.1234459005513,0.633149193534306,0.00900000000001455
73,"gaussian","KFAS_K120",0.680718771512235,0.389641484603851,31.7470000000001
73,"gaussian","KFAS_K240",0.68677820253095,0.395113353417109,249.11
73,"gaussian","sdmTMB",0.67589637271045,0.390458535242327,137.336
74,"gaussian","cf_dglm",0.659290233433917,0.398681713837134,0.426999999999907
74,"gaussian","GAM",0.996080463788879,0.561867315889985,39.8150000000001
74,"gaussian","GLM",1.09644763454758,0.618779394484562,0.0109999999999673
74,"gaussian","KFAS_K120",0.680710510850684,0.387806040494041,30.3720000000001
74,"gaussian","KFAS_K240",0.68311923085436,0.390912128127793,249.771
74,"gaussian","sdmTMB",0.661839582650316,0.382289711385784,178.61
75,"gaussian","cf_dglm",0.671808318498534,0.406532307033191,0.474000000000046
75,"gaussian","GAM",1.02241636251576,0.578116947323641,42.216
75,"gaussian","GLM",1.11826294211626,0.631492884245956,0.0130000000000337
75,"gaussian","KFAS_K120",0.684177670891334,0.39099681520502,31.3099999999999
75,"gaussian","KFAS_K240",0.687621933990259,0.395177705644906,249.017
75,"gaussian","sdmTMB",0.676828995833468,0.390462813230741,109.125
76,"gaussian","cf_dglm",0.655874619704265,0.394932939748637,0.45799999999997
76,"gaussian","GAM",1.06995680247182,0.60309379630838,42.1270000000001
76,"gaussian","GLM",1.18285696860173,0.66613479329275,0.0130000000000337
76,"gaussian","KFAS_K120",0.671417268219333,0.381562445188754,31.323
76,"gaussian","KFAS_K240",0.674461017882613,0.385245148696366,249.066
76,"gaussian","sdmTMB",0.660897414100377,0.38025247154298,135.334
77,"gaussian","cf_dglm",0.687803046423989,0.409922921989421,0.471000000000004
77,"gaussian","GAM",1.03287490212391,0.584996131955732,36.003
77,"gaussian","GLM",1.11449825294808,0.63157969327537,0.0109999999999673
77,"gaussian","KFAS_K120",0.69822464336593,0.398349521726044,31.414
77,"gaussian","KFAS_K240",0.7025249831844,0.402880831521028,253.291
77,"gaussian","sdmTMB",0.690494082371818,0.398644343724315,139.555
78,"gaussian","cf_dglm",0.657839819787209,0.398787156775319,0.460000000000036
78,"gaussian","GAM",1.04520646767801,0.590396264992666,42.3059999999999
78,"gaussian","GLM",1.14606830940859,0.646863953663961,0.00899999999990087
78,"gaussian","KFAS_K120",0.680518705600218,0.386844264636638,31.413
78,"gaussian","KFAS_K240",0.683875786008222,0.39048010759735,249.104
78,"gaussian","sdmTMB",0.663661306020963,0.382168971137185,143.08
79,"gaussian","cf_dglm",0.664334936508046,0.402713153390748,0.447999999999979
79,"gaussian","GAM",1.05887463060425,0.597658503015438,42.267
79,"gaussian","GLM",1.15648508542838,0.653884558741175,0.0130000000000337
79,"gaussian","KFAS_K120",0.686464667576776,0.390079867054532,31.242
79,"gaussian","KFAS_K240",0.690356586159126,0.394139020575938,253.991
79,"gaussian","sdmTMB",0.675070880813042,0.388173032794943,119.699
80,"gaussian","cf_dglm",0.655996564932357,0.397862441014938,0.475000000000023
80,"gaussian","GAM",1.03569554026531,0.582244321001921,35.971
80,"gaussian","GLM",1.11751201378349,0.628335087122092,0.0110000000000809
80,"gaussian","KFAS_K120",0.668720464242291,0.381214239718702,31.664
80,"gaussian","KFAS_K240",0.673353630924481,0.385771883537369,248.168
80,"gaussian","sdmTMB",0.660365327810659,0.379267738905791,110.8
81,"gaussian","cf_dglm",0.665101035430789,0.405923515542911,0.448000000000093
81,"gaussian","GAM",1.03648556497942,0.58544465200306,42.149
81,"gaussian","GLM",1.12620456294323,0.63661602224485,0.00900000000001455
81,"gaussian","KFAS_K120",0.678208313198294,0.388888016105211,31.408
81,"gaussian","KFAS_K240",0.681444947102868,0.393567438292808,249.08
81,"gaussian","sdmTMB",0.673074977786983,0.389660184046463,127.714
82,"gaussian","cf_dglm",0.658994270344543,0.399983165702282,0.397000000000048
82,"gaussian","GAM",1.03282784210386,0.582044153250946,32.76
82,"gaussian","GLM",1.14152295544977,0.644438102780978,0.00900000000001455
82,"gaussian","KFAS_K120",0.669935095224241,0.38139038685668,30.055
82,"gaussian","KFAS_K240",0.675119418399215,0.386384278190361,248.265
82,"gaussian","sdmTMB",0.664507431061508,0.381543547745591,112.866
83,"gaussian","cf_dglm",0.672799770873898,0.40354588411013,0.410000000000082
83,"gaussian","GAM",1.02654098237825,0.579041677213257,32.8349999999999
83,"gaussian","GLM",1.10413105454902,0.623595680577107,0.0109999999999673
83,"gaussian","KFAS_K120",0.684825490925656,0.390587932186283,30.0219999999999
83,"gaussian","KFAS_K240",0.689302044780267,0.395040600511923,247.443
83,"gaussian","sdmTMB",0.676158306365571,0.389959425759288,152.072
84,"gaussian","cf_dglm",0.673255013815805,0.414100874060228,0.442999999999984
84,"gaussian","GAM",1.05361748831497,0.594407603711904,42.1369999999999
84,"gaussian","GLM",1.16124905903624,0.656173745158088,0.0099999999999909
84,"gaussian","KFAS_K120",0.687835447202397,0.391960085013365,31.106
84,"gaussian","KFAS_K240",0.691860740551419,0.396307582134383,248.387
84,"gaussian","sdmTMB",0.680892336545307,0.390734394391533,119.892
85,"gaussian","cf_dglm",0.67748875846683,0.402512663118377,0.435000000000059
85,"gaussian","GAM",0.995209657670465,0.561808872965834,35.921
85,"gaussian","GLM",1.11270458804474,0.630024462437041,0.00900000000001455
85,"gaussian","KFAS_K120",0.682088783863684,0.389416827804906,31.1199999999999
85,"gaussian","KFAS_K240",0.685577822598313,0.393310690449981,249.25
85,"gaussian","sdmTMB",0.671783124623524,0.387050235366943,127.15
86,"gaussian","cf_dglm",0.67943606215789,0.406168595555378,0.432999999999993
86,"gaussian","GAM",1.05926231272688,0.596389086135861,41.833
86,"gaussian","GLM",1.17274093295575,0.660983236025406,0.00900000000001455
86,"gaussian","KFAS_K120",0.690758437599407,0.394866088175251,31.101
86,"gaussian","KFAS_K240",0.696134596010393,0.400536831292084,250.254
86,"gaussian","sdmTMB",0.68012061157232,0.391789036803076,139.839
87,"gaussian","cf_dglm",0.677044066871032,0.403019151752196,0.449000000000069
87,"gaussian","GAM",1.01071271179742,0.570814218963784,35.4929999999999
87,"gaussian","GLM",1.09944462532402,0.620868994631992,0.0080000000000382
87,"gaussian","KFAS_K120",0.687149704409724,0.392121871608422,31.2589999999999
87,"gaussian","KFAS_K240",0.693087196575924,0.397305919953046,252.386
87,"gaussian","sdmTMB",0.668786697673274,0.386275951773074,141.896
88,"gaussian","cf_dglm",0.670055555928708,0.401553043720678,0.449000000000069
88,"gaussian","GAM",1.04131818663874,0.586705009003255,35.5599999999999
88,"gaussian","GLM",1.10754613462072,0.622462312656171,0.00899999999990087
88,"gaussian","KFAS_K120",0.682715952155703,0.389742441092044,31.0559999999999
88,"gaussian","KFAS_K240",0.688199991747917,0.395137140399915,248.422
88,"gaussian","sdmTMB",0.67239382601352,0.387552864910545,147.192
89,"gaussian","cf_dglm",0.673462161425608,0.408338475648718,0.419999999999959
89,"gaussian","GAM",1.05694259683625,0.595765967023947,41.3689999999999
89,"gaussian","GLM",1.16346066332105,0.65585445294691,0.00799999999992451
89,"gaussian","KFAS_K120",0.684743883798251,0.390945771078667,32.355
89,"gaussian","KFAS_K240",0.688868769907672,0.395129675317687,249.17
89,"gaussian","sdmTMB",0.675700577003358,0.389307655469739,115.987
90,"gaussian","cf_dglm",0.681710500139722,0.419079174390266,0.42999999999995
90,"gaussian","GAM",1.05990032195451,0.59792229007973,41.241
90,"gaussian","GLM",1.16754281275406,0.660526749970914,0.0099999999999909
90,"gaussian","KFAS_K120",0.690638700333708,0.394302930977305,31.323
90,"gaussian","KFAS_K240",0.695577809775343,0.398966970297818,250.125
90,"gaussian","sdmTMB",0.684429227336337,0.39669436565882,148.875
91,"gaussian","cf_dglm",0.663512549810411,0.397988099523111,0.478999999999814
91,"gaussian","GAM",1.06378601903368,0.601382364959484,35.0210000000002
91,"gaussian","GLM",1.15899927406124,0.655613299108435,0.0119999999999436
91,"gaussian","KFAS_K120",0.676620799127435,0.385420813596396,31.2930000000001
91,"gaussian","KFAS_K240",0.681805357576904,0.390071415822291,248.651
91,"gaussian","sdmTMB",0.670635812028472,0.385939482817471,131.358
92,"gaussian","cf_dglm",0.666516485101452,0.401201667313187,0.453999999999951
92,"gaussian","GAM",1.03532183955043,0.58527866091907,35.0149999999999
92,"gaussian","GLM",1.14243973981734,0.646120254401527,0.00900000000001455
92,"gaussian","KFAS_K120",0.679279989078276,0.38840542370923,31.2729999999999
92,"gaussian","KFAS_K240",0.683317388834053,0.392645623126654,249.295
92,"gaussian","sdmTMB",0.673301280740675,0.389685653025471,146.393
93,"gaussian","cf_dglm",0.657096679761939,0.398050430116346,0.470000000000027
93,"gaussian","GAM",1.02095586723945,0.574637302811865,41.365
93,"gaussian","GLM",1.12424577474566,0.634341554651653,0.0080000000000382
93,"gaussian","KFAS_K120",0.671879789008985,0.381663581419545,31.386
93,"gaussian","KFAS_K240",0.676998776766921,0.386170767245597,249.915
93,"gaussian","sdmTMB",0.663377545552455,0.379565052750005,123.435
94,"gaussian","cf_dglm",0.671682064044888,0.41545033237705,0.48700000000008
94,"gaussian","GAM",1.0453104553957,0.590077753819887,35.0720000000001
94,"gaussian","GLM",1.14360815788989,0.646900523686495,0.0119999999999436
94,"gaussian","KFAS_K120",0.688837153606405,0.394516495554107,31.4399999999998
94,"gaussian","KFAS_K240",0.692695668286444,0.39871716914036,251.611
94,"gaussian","sdmTMB",0.679341826453776,0.392711376836636,136.592
95,"gaussian","cf_dglm",0.6663748390989,0.403675251833759,0.571999999999889
95,"gaussian","GAM",1.02751751569357,0.580089993683449,41.2070000000001
95,"gaussian","GLM",1.15049831803436,0.648833106230121,0.0080000000000382
95,"gaussian","KFAS_K120",0.687222179963208,0.391997515630368,31.847
95,"gaussian","KFAS_K240",0.688060637586129,0.394381178065282,251.15
95,"gaussian","sdmTMB",0.675673326763924,0.388487632923459,139.837
96,"gaussian","cf_dglm",0.655416514850822,0.398869361443335,0.409999999999854
96,"gaussian","GAM",1.04065882750368,0.587344696266826,35.1280000000002
96,"gaussian","GLM",1.1382405216979,0.641499130929303,0.0080000000000382
96,"gaussian","KFAS_K120",0.670840938520982,0.381133220324398,31.327
96,"gaussian","KFAS_K240",0.67141426708158,0.38331188316138,250.191
96,"gaussian","sdmTMB",0.660068654741212,0.377858853250582,101.704
97,"gaussian","cf_dglm",0.655256767174313,0.395155476814107,0.385999999999967
97,"gaussian","GAM",1.03397675056035,0.580937344125772,41.3590000000002
97,"gaussian","GLM",1.11242714779344,0.625722806744193,0.0080000000000382
97,"gaussian","KFAS_K120",0.671470682148894,0.382325667671611,31.3399999999999
97,"gaussian","KFAS_K240",0.671613582330335,0.384148265970857,249.192
97,"gaussian","sdmTMB",0.658375032074562,0.378623593958121,143.041
98,"gaussian","cf_dglm",0.675705267539308,0.412235113506785,0.407000000000153
98,"gaussian","GAM",1.03459692764754,0.582183357534208,35.1309999999999
98,"gaussian","GLM",1.12647401105615,0.634770639598516,0.00900000000001455
98,"gaussian","KFAS_K120",0.688693729981195,0.393522242934734,31.6569999999999
98,"gaussian","KFAS_K240",0.690805180004896,0.396642585840693,249.933
98,"gaussian","sdmTMB",0.675730832110664,0.390915775579569,125.992
99,"gaussian","cf_dglm",0.656492281703589,0.398196133761774,0.384999999999991
99,"gaussian","GAM",1.05188665947628,0.593897582245385,35.1310000000001
99,"gaussian","GLM",1.15054818536731,0.650546000050604,0.00900000000001455
99,"gaussian","KFAS_K120",0.667911843566703,0.381679136432033,31.355
99,"gaussian","KFAS_K240",0.671781892123074,0.385908019007017,249.11
99,"gaussian","sdmTMB",0.664174396048049,0.383764775428176,129.021
100,"gaussian","cf_dglm",0.673653094298182,0.404054428631675,0.401000000000067
100,"gaussian","GAM",1.00925287231416,0.569955980675254,35.0609999999999
100,"gaussian","GLM",1.11539446274933,0.630507670909859,0.00900000000001455
100,"gaussian","KFAS_K120",0.685934560595559,0.39311615707634,31.2830000000001
100,"gaussian","KFAS_K240",0.687322493733253,0.397013818274674,248.427
100,"gaussian","sdmTMB",0.678961704842143,0.393660165828706,104.806
1,"poisson","cf_dglm",1.80305314817342,0.873696053959298,0.58400000000006
1,"poisson","GAM",2.29687780564534,1.1024607220517,54.556
1,"poisson","GLM",2.51666929327431,1.18938438434144,0.0610000000001492
1,"poisson","KFAS_K120",1.9232396888222,0.908094376677377,30.7910000000002
1,"poisson","KFAS_K240",1.92282576331631,0.90698637623455,254.715
1,"poisson","sdmTMB",1.79963902617688,0.867422199490896,132.596
2,"poisson","cf_dglm",1.81278676861526,0.870153428103696,0.519999999999982
2,"poisson","GAM",2.20986583087005,1.06412868697196,47.1399999999999
2,"poisson","GLM",2.38906036354901,1.13126877042249,0.0599999999999454
2,"poisson","KFAS_K120",1.95313242723901,0.904862631598827,30.8989999999999
2,"poisson","KFAS_K240",1.96063956433348,0.906151964049602,246.672
2,"poisson","sdmTMB",1.81773783105676,0.867304492397972,126.379
3,"poisson","cf_dglm",1.77915620882,0.878992429243536,0.44600000000014
3,"poisson","GAM",2.16512113273719,1.07292182718934,44.172
3,"poisson","GLM",2.30492823278356,1.13876931170877,0.0590000000001965
3,"poisson","KFAS_K120",1.87641921667692,0.911626567765135,29.8229999999999
3,"poisson","KFAS_K240",1.87121266717096,0.907984967518281,245.859
3,"poisson","sdmTMB",1.78304917981795,0.878058896512256,133.275
4,"poisson","cf_dglm",1.66740739339594,0.836469000629473,0.528999999999996
4,"poisson","GAM",1.99005783461304,1.00310393401519,55.761
4,"poisson","GLM",2.0977979130577,1.06418156395148,0.0630000000001019
4,"poisson","KFAS_K120",1.75886600767242,0.872840914155228,30.8969999999999
4,"poisson","KFAS_K240",1.75519907703918,0.870808772384682,245.773
4,"poisson","sdmTMB",1.65861662910174,0.829140392400569,169.387
5,"poisson","cf_dglm",1.76864216090169,0.885892705976611,0.521999999999935
5,"poisson","GAM",2.26525874703894,1.12157702232315,46.0400000000002
5,"poisson","GLM",2.40441418961281,1.19115561249601,0.0609999999999218
5,"poisson","KFAS_K120",1.90817145726282,0.934189500522692,30.8799999999999
5,"poisson","KFAS_K240",1.89879321359237,0.92961008350479,247.394
5,"poisson","sdmTMB",1.76611587722611,0.88389068039827,150.115
6,"poisson","cf_dglm",1.86252246207132,0.922762078608396,0.528999999999996
6,"poisson","GAM",2.3026428204208,1.15603501650793,45.9869999999999
6,"poisson","GLM",2.47214589172382,1.23711081554641,0.06899999999996
6,"poisson","KFAS_K120",1.96557855565403,0.964945584718344,30.7660000000001
6,"poisson","KFAS_K240",1.96900526067078,0.965312843311266,249.305
6,"poisson","sdmTMB",1.85263217500072,0.916766032840529,165.377
7,"poisson","cf_dglm",1.83500079545304,0.89775506682163,0.519000000000005
7,"poisson","GAM",2.29897538104201,1.12600399816425,46.0319999999999
7,"poisson","GLM",2.45887622785345,1.2140226257471,0.0599999999999454
7,"poisson","KFAS_K120",1.95049723069987,0.938246167351069,30.6870000000001
7,"poisson","KFAS_K240",1.95620328333951,0.938776235004247,246.547
7,"poisson","sdmTMB",1.83431336186924,0.895872344410474,144.555
8,"poisson","cf_dglm",1.83492303709875,0.910330476313376,0.570999999999913
8,"poisson","GAM",2.32169371774334,1.15354530426202,54.4869999999999
8,"poisson","GLM",2.50768113901878,1.24098544780551,0.0629999999998745
8,"poisson","KFAS_K120",1.95722186615671,0.948462300590273,30.905
8,"poisson","KFAS_K240",1.95558991220039,0.946665982661924,246.722
8,"poisson","sdmTMB",1.81335794524661,0.898650163806534,145.043
9,"poisson","cf_dglm",1.86704408990076,0.905167011962772,0.577999999999975
9,"poisson","GAM",2.33413818744203,1.133223385408,54.5319999999999
9,"poisson","GLM",2.49752515894125,1.21514666160447,0.0600000000001728
9,"poisson","KFAS_K120",2.01870684546924,0.951513047917764,30.848
9,"poisson","KFAS_K240",2.01690731389399,0.950761056369181,247.391
9,"poisson","sdmTMB",1.86836736906966,0.897215819799365,145.441
10,"poisson","cf_dglm",1.87112203806412,0.909189615184932,0.505000000000109
10,"poisson","GAM",2.31107248773628,1.13019711316542,53.404
10,"poisson","GLM",2.48963939386911,1.19832206810229,0.0610000000001492
10,"poisson","KFAS_K120",1.98675070989863,0.945925499401068,30.684
10,"poisson","KFAS_K240",1.993056664604,0.94572527437241,253.962
10,"poisson","sdmTMB",1.87101985373352,0.90939159459841,167.632
11,"poisson","cf_dglm",1.83798808287483,0.905394303980949,0.509000000000015
11,"poisson","GAM",2.24373142444809,1.11920418819389,53.375
11,"poisson","GLM",2.47015450466522,1.21559883863444,0.0549999999998363
11,"poisson","KFAS_K120",1.95662139713133,0.944197071358058,30.7260000000001
11,"poisson","KFAS_K240",1.95845625304244,0.944541127641241,246.775
11,"poisson","sdmTMB",1.84833065598548,0.906501693889635,148.167
12,"poisson","cf_dglm",1.75840475821513,0.873553148419402,0.538000000000011
12,"poisson","GAM",2.16317215136551,1.08714598088641,47.0800000000002
12,"poisson","GLM",2.3014451090257,1.15011581162467,0.0679999999999836
12,"poisson","KFAS_K120",1.84994256480414,0.908700871443485,30.8780000000002
12,"poisson","KFAS_K240",1.84711563109424,0.906785704865544,248.255
12,"poisson","sdmTMB",1.75314817344113,0.869825614713618,138.012
13,"poisson","cf_dglm",1.68783816673386,0.821976865138103,0.664999999999964
13,"poisson","GAM",2.0677789641974,1.02775199379985,38.3320000000001
13,"poisson","GLM",2.19941293799649,1.08493556043914,0.0579999999999927
13,"poisson","KFAS_K120",1.82551565061691,0.878416664006728,30.8399999999999
13,"poisson","KFAS_K240",1.82210482835592,0.877001645046374,245.916
13,"poisson","sdmTMB",1.68642115729089,0.820152091423915,145.617
14,"poisson","cf_dglm",1.75142606576167,0.867804853427725,0.516000000000076
14,"poisson","GAM",2.19627425043804,1.09432868621012,45.7730000000001
14,"poisson","GLM",2.34710646337386,1.17064940083271,0.05600000000004
14,"poisson","KFAS_K120",1.86446784470216,0.90816765043152,30.719
14,"poisson","KFAS_K240",1.86246383751758,0.907844429633809,246.604
14,"poisson","sdmTMB",1.75140725401472,0.862843630966253,146.577
15,"poisson","cf_dglm",1.85559869825108,0.908772049520676,0.509000000000015
15,"poisson","GAM",2.27420136310473,1.12700267585976,45.8480000000002
15,"poisson","GLM",2.44460182818463,1.21409045821856,0.0619999999998981
15,"poisson","KFAS_K120",1.96247485353251,0.94699841378419,31.0700000000002
15,"poisson","KFAS_K240",1.96601652974469,0.948037126218855,247.349
15,"poisson","sdmTMB",1.85324351550743,0.905086292547844,135.21
16,"poisson","cf_dglm",1.78514290938983,0.879284980038831,0.490999999999985
16,"poisson","GAM",2.19044752022381,1.06396233255764,45.7349999999999
16,"poisson","GLM",2.39808237390522,1.15254244339516,0.0599999999999454
16,"poisson","KFAS_K120",1.91677411039333,0.914249397926693,30.8770000000002
16,"poisson","KFAS_K240",1.91564389593292,0.91315806355161,249.133
16,"poisson","sdmTMB",1.79212229008379,0.874615499686344,179.027
17,"poisson","cf_dglm",1.88815574515305,0.935062182891085,0.508000000000038
17,"poisson","GAM",2.33902141160546,1.18118409564348,46.8689999999999
17,"poisson","GLM",2.49129578413465,1.24870569581183,0.0599999999999454
17,"poisson","KFAS_K120",1.99038508104948,0.97172366443759,30.7359999999999
17,"poisson","KFAS_K240",1.99617649220108,0.973702366338575,255.05
17,"poisson","sdmTMB",1.88108871604622,0.928348839679204,139.527
18,"poisson","cf_dglm",1.76911496301076,0.87777376666215,0.509999999999991
18,"poisson","GAM",2.11141103794539,1.06459743157492,45.6589999999999
18,"poisson","GLM",2.2906393003732,1.15973620846489,0.0539999999998599
18,"poisson","KFAS_K120",1.86767490651176,0.918174085552282,30.7090000000001
18,"poisson","KFAS_K240",1.86805523093833,0.918775069575756,249.187
18,"poisson","sdmTMB",1.77120083713921,0.876129892562781,144.938
19,"poisson","cf_dglm",1.788688501324,0.878687303482402,0.633000000000038
19,"poisson","GAM",2.18255917709114,1.07872721093418,54.135
19,"poisson","GLM",2.44366428589052,1.19305033758364,0.0550000000000637
19,"poisson","KFAS_K120",1.90974221337107,0.912658615699691,30.771
19,"poisson","KFAS_K240",1.92261082477115,0.913864341689229,246.905
19,"poisson","sdmTMB",1.8153784724004,0.880873789763983,130.959
20,"poisson","cf_dglm",1.81666794150983,0.905846055249043,0.598000000000184
20,"poisson","GAM",2.35964334260758,1.17645892696205,38.031
20,"poisson","GLM",2.58010615341312,1.27310487275969,0.05600000000004
20,"poisson","KFAS_K120",1.94473466108326,0.954177435234823,30.8299999999999
20,"poisson","KFAS_K240",1.94756841110783,0.954260363998045,246.705
20,"poisson","sdmTMB",1.80734772325232,0.900236638978222,171.766
21,"poisson","cf_dglm",1.78424192197548,0.876624443820852,0.544999999999845
21,"poisson","GAM",2.20818178955503,1.10034231528442,45.7950000000001
21,"poisson","GLM",2.39862833863034,1.19741220504889,0.05600000000004
21,"poisson","KFAS_K120",1.90250640946004,0.918203500297172,30.8249999999998
21,"poisson","KFAS_K240",1.9056737600569,0.917454553965393,246.848
21,"poisson","sdmTMB",1.77546025987074,0.875073752492117,120.797
22,"poisson","cf_dglm",1.75355346039898,0.868852282472097,0.514000000000124
22,"poisson","GAM",2.14259343083016,1.06130078932135,47.0229999999999
22,"poisson","GLM",2.28863837789762,1.13350386075147,0.0499999999999545
22,"poisson","KFAS_K120",1.84920084237257,0.898052581011527,31.002
22,"poisson","KFAS_K240",1.85285692540485,0.89698544108271,246.405
22,"poisson","sdmTMB",1.73813191055864,0.861199970064642,138.41
23,"poisson","cf_dglm",1.80038431338726,0.895184170948296,0.526000000000067
23,"poisson","GAM",2.23390033344305,1.1319375363048,45.8
23,"poisson","GLM",2.40709645167301,1.22055831364816,0.0539999999998599
23,"poisson","KFAS_K120",1.89794336444324,0.93265801837916,30.9070000000002
23,"poisson","KFAS_K240",1.89335729748264,0.929954481034997,246.854
23,"poisson","sdmTMB",1.79978721001565,0.891831138832655,161.91
24,"poisson","cf_dglm",1.82911032310664,0.898236558674434,0.530999999999949
24,"poisson","GAM",2.27714701528883,1.12960370809944,45.8809999999999
24,"poisson","GLM",2.50447524441217,1.2397191553283,0.0519999999999072
24,"poisson","KFAS_K120",1.9906084320786,0.955562127314515,30.9660000000001
24,"poisson","KFAS_K240",1.99843475915853,0.958229599806572,246.18
24,"poisson","sdmTMB",1.83855142273046,0.901606145468535,121.559
25,"poisson","cf_dglm",1.88141086394129,0.931356702021886,0.654999999999973
25,"poisson","GAM",2.31602777915439,1.15007409389637,38.3430000000001
25,"poisson","GLM",2.49689604607163,1.24145403126922,0.0540000000000873
25,"poisson","KFAS_K120",1.99912900211689,0.973695769684128,30.9399999999998
25,"poisson","KFAS_K240",1.99703485685457,0.972273110520899,246.138
25,"poisson","sdmTMB",1.87709156007009,0.93074147619685,146.235
26,"poisson","cf_dglm",1.81221407661579,0.885403814327282,0.504000000000133
26,"poisson","GAM",2.2785987284243,1.1068968166988,45.885
26,"poisson","GLM",2.46538439310368,1.19846552679382,0.0579999999999927
26,"poisson","KFAS_K120",1.93478762745311,0.922929324379165,30.829
26,"poisson","KFAS_K240",1.94126170199523,0.92414223845648,247.74
26,"poisson","sdmTMB",1.82119431877324,0.882778502795556,141.555
27,"poisson","cf_dglm",1.76570896305607,0.875116863112587,0.509000000000015
27,"poisson","GAM",2.21874939426332,1.11769714440692,45.8519999999999
27,"poisson","GLM",2.32231014209841,1.1713867895198,0.0570000000000164
27,"poisson","KFAS_K120",1.87398541484295,0.919124887398051,30.982
27,"poisson","KFAS_K240",1.86672162869144,0.915461528119346,246.786
27,"poisson","sdmTMB",1.75704340573539,0.870319522157765,143.505
28,"poisson","cf_dglm",1.84647590882843,0.918788304612581,0.519000000000005
28,"poisson","GAM",2.23125466375115,1.12665548349935,45.8710000000001
28,"poisson","GLM",2.39066793656112,1.21172172096617,0.0570000000000164
28,"poisson","KFAS_K120",1.96059027578929,0.964037473138843,30.7860000000001
28,"poisson","KFAS_K240",1.95159832031523,0.959923060867549,248.636
28,"poisson","sdmTMB",1.85433826205201,0.91920468286974,142.05
29,"poisson","cf_dglm",1.78974609090416,0.865541511664579,0.509000000000015
29,"poisson","GAM",2.08529682586084,1.01378456117388,45.7829999999999
29,"poisson","GLM",2.35659165245074,1.12362497473832,0.053000000000111
29,"poisson","KFAS_K120",1.89884028679054,0.89941284230101,30.9169999999999
29,"poisson","KFAS_K240",1.89049138517642,0.896318388893698,246.07
29,"poisson","sdmTMB",1.76622434550581,0.857208462201691,178.719
30,"poisson","cf_dglm",1.86228120424861,0.915480352129508,0.519999999999982
30,"poisson","GAM",2.36978790462736,1.18463205634871,45.9069999999999
30,"poisson","GLM",2.53708972630183,1.26724861028619,0.0570000000000164
30,"poisson","KFAS_K120",1.98282712593337,0.959599030961248,30.7470000000001
30,"poisson","KFAS_K240",1.97496231981277,0.95618561557492,246.039
30,"poisson","sdmTMB",1.8382741678639,0.91118244169219,147.359
31,"poisson","cf_dglm",1.80738026823214,0.886564550599696,0.58400000000006
31,"poisson","GAM",2.17848089586349,1.07918318490187,46.9490000000001
31,"poisson","GLM",2.39852419678722,1.18477513648082,0.0570000000000164
31,"poisson","KFAS_K120",1.95066534476468,0.941149454321533,30.8679999999999
31,"poisson","KFAS_K240",1.94566282317915,0.939831620399627,245.165
31,"poisson","sdmTMB",1.81601294513441,0.885945298542695,175.748
32,"poisson","cf_dglm",1.88937356953846,0.924132310264369,0.544999999999845
32,"poisson","GAM",2.38567443596509,1.16782164032628,45.7950000000001
32,"poisson","GLM",2.57085570876226,1.26035326380188,0.0570000000000164
32,"poisson","KFAS_K120",2.02111843346643,0.967432855926606,30.925
32,"poisson","KFAS_K240",2.02570127985991,0.969840575911427,246.179
32,"poisson","sdmTMB",1.89022377809867,0.921309839634188,151.46
33,"poisson","cf_dglm",1.83887934737528,0.905748630038061,0.533999999999878
33,"poisson","GAM",2.29749440996101,1.13992921143835,45.807
33,"poisson","GLM",2.4991599059974,1.23911865670799,0.0639999999998508
33,"poisson","KFAS_K120",2.00778940446735,0.960274834342744,30.9159999999999
33,"poisson","KFAS_K240",2.00408230134487,0.959060101058058,245.827
33,"poisson","sdmTMB",1.84604819658608,0.908843808702658,150.662
34,"poisson","cf_dglm",1.79393503448137,0.879376708309103,0.5150000000001
34,"poisson","GAM",2.2893464259369,1.13209463059264,46.9370000000001
34,"poisson","GLM",2.41326255206311,1.18919277609644,0.053000000000111
34,"poisson","KFAS_K120",1.90680050415757,0.92016931276732,30.8199999999999
34,"poisson","KFAS_K240",1.90161862807121,0.916710399569911,246.835
34,"poisson","sdmTMB",1.79845417477987,0.878936784099969,136.724
35,"poisson","cf_dglm",1.77738936710584,0.883203590814852,0.502999999999929
35,"poisson","GAM",2.17573550171,1.09346549368849,45.788
35,"poisson","GLM",2.33034478619663,1.18128567978536,0.0590000000001965
35,"poisson","KFAS_K120",1.87152129269846,0.918634208420243,30.7169999999999
35,"poisson","KFAS_K240",1.87171281141062,0.917829921479174,252.371
35,"poisson","sdmTMB",1.76767398159147,0.877668906966546,127.414
36,"poisson","cf_dglm",1.69834509420994,0.843335451889917,0.517000000000053
36,"poisson","GAM",2.17238705022332,1.07227934313745,45.7730000000001
36,"poisson","GLM",2.30209097114183,1.13975444487112,0.0550000000000637
36,"poisson","KFAS_K120",1.85057815533007,0.89568765229937,30.7639999999999
36,"poisson","KFAS_K240",1.85391686385805,0.89602454024375,248.279
36,"poisson","sdmTMB",1.69547103946299,0.840397891998225,162.074
37,"poisson","cf_dglm",1.80861042187423,0.899228493632124,0.52800000000002
37,"poisson","GAM",2.26417578551627,1.13036886763193,45.6870000000001
37,"poisson","GLM",2.42641897535117,1.20585557235485,0.0550000000000637
37,"poisson","KFAS_K120",1.93545194488217,0.942739504799722,30.7760000000001
37,"poisson","KFAS_K240",1.93255997461039,0.939929922999386,245.883
37,"poisson","sdmTMB",1.80099504362322,0.892556257487315,167.707
38,"poisson","cf_dglm",1.89386560726619,0.935165678159994,0.517000000000053
38,"poisson","GAM",2.26872810871394,1.14486681935948,45.768
38,"poisson","GLM",2.40001286897904,1.20531020381272,0.0579999999999927
38,"poisson","KFAS_K120",1.96686333533802,0.961284242677019,30.7180000000001
38,"poisson","KFAS_K240",1.97057297187494,0.961289090712189,248.16
38,"poisson","sdmTMB",1.87878877934565,0.924491448898713,175.921
39,"poisson","cf_dglm",1.79341122645941,0.896047561637885,0.659000000000106
39,"poisson","GAM",2.19758085782728,1.10944646536457,38.2719999999999
39,"poisson","GLM",2.30168239915563,1.16732780196574,0.0539999999998599
39,"poisson","KFAS_K120",1.87165442879922,0.927951898665133,30.72
39,"poisson","KFAS_K240",1.86610251039289,0.92554173563491,252.551
39,"poisson","sdmTMB",1.78459444261556,0.89176469018915,113.537
40,"poisson","cf_dglm",1.72890611386187,0.860080662368024,0.4849999999999
40,"poisson","GAM",2.21979191018121,1.10226960647688,45.7679999999998
40,"poisson","GLM",2.36529176887357,1.18146417863609,0.0570000000000164
40,"poisson","KFAS_K120",1.8295439568976,0.900895617998623,30.742
40,"poisson","KFAS_K240",1.81523139195409,0.897513015583853,246.664
40,"poisson","sdmTMB",1.71970706567816,0.857096164562269,143.025
41,"poisson","cf_dglm",1.86065227517955,0.915052925853911,0.539999999999964
41,"poisson","GAM",2.32216266130635,1.13571640316721,45.72
41,"poisson","GLM",2.46092463598786,1.20231903568737,0.0570000000000164
41,"poisson","KFAS_K120",2.02826539826705,0.969111770344884,30.9290000000001
41,"poisson","KFAS_K240",2.02183127235757,0.965943112133936,249.149
41,"poisson","sdmTMB",1.86307615071844,0.912023930645955,163.958
42,"poisson","cf_dglm",1.72845886430703,0.859796659464557,0.50200000000018
42,"poisson","GAM",2.12044867131391,1.05834312288883,45.742
42,"poisson","GLM",2.24987211023495,1.12597178465009,0.0579999999999927
42,"poisson","KFAS_K120",1.8073322575655,0.887544702386493,30.73
42,"poisson","KFAS_K240",1.80481971592892,0.886606710312712,248.267
42,"poisson","sdmTMB",1.71285565939534,0.854091103459736,123.072
43,"poisson","cf_dglm",1.60395098695862,0.802044041991417,0.507000000000062
43,"poisson","GAM",1.9536582789586,0.969846930173234,45.7
43,"poisson","GLM",2.08938894702793,1.03034806998123,0.0589999999999691
43,"poisson","KFAS_K120",1.67594610834322,0.830065272051902,30.5450000000001
43,"poisson","KFAS_K240",1.67626806916832,0.83026126747438,249.922
43,"poisson","sdmTMB",1.58318472008165,0.794031343002934,118.174
44,"poisson","cf_dglm",1.88059131396305,0.915975401467408,0.519000000000005
44,"poisson","GAM",2.37192586948958,1.16384800720052,45.7990000000002
44,"poisson","GLM",2.56267873900838,1.25642383228534,0.0519999999999072
44,"poisson","KFAS_K120",2.00807090447867,0.961166710777081,30.538
44,"poisson","KFAS_K240",1.99908331627055,0.958688609936028,246.85
44,"poisson","sdmTMB",1.87893294064649,0.915037610822995,124.805
45,"poisson","cf_dglm",1.79120186838169,0.880149923471585,0.531999999999925
45,"poisson","GAM",2.23278357529416,1.08345762636923,45.6989999999998
45,"poisson","GLM",2.34935149156562,1.13842536312079,0.0589999999999691
45,"poisson","KFAS_K120",1.9131272654708,0.913613710237828,30.97
45,"poisson","KFAS_K240",1.91432503955121,0.913330300404827,245.856
45,"poisson","sdmTMB",1.77712502165437,0.871767990553927,140.513
46,"poisson","cf_dglm",1.84096064428565,0.915039369788136,0.50200000000018
46,"poisson","GAM",2.34996205867283,1.13358987365132,53.1109999999999
46,"poisson","GLM",2.50279340231037,1.21666878291906,0.0589999999999691
46,"poisson","KFAS_K120",2.02307204314557,0.969652901306,30.712
46,"poisson","KFAS_K240",2.01154091432845,0.965698037663307,250.084
46,"poisson","sdmTMB",1.84345110236749,0.909830405493798,127.04
47,"poisson","cf_dglm",1.88544275773999,0.926302115472711,0.510999999999967
47,"poisson","GAM",2.37641167425697,1.18259008097118,45.71
47,"poisson","GLM",2.53730573765634,1.25588030847823,0.0550000000000637
47,"poisson","KFAS_K120",1.97566689750052,0.962022151975888,30.7529999999999
47,"poisson","KFAS_K240",1.97612125051482,0.96029123604575,248.755
47,"poisson","sdmTMB",1.88111176720514,0.924769653253921,131.022
48,"poisson","cf_dglm",1.80569292528218,0.885093427757402,0.492999999999938
48,"poisson","GAM",2.3013533861043,1.12174551317847,45.6510000000001
48,"poisson","GLM",2.46368349879094,1.19899644394884,0.0599999999999454
48,"poisson","KFAS_K120",1.94948255958848,0.939008641311753,31.066
48,"poisson","KFAS_K240",1.94992702219315,0.937877957736177,248.195
48,"poisson","sdmTMB",1.80258188279949,0.883598580280526,163.175
49,"poisson","cf_dglm",1.83358329579929,0.901113780394357,0.500999999999976
49,"poisson","GAM",2.30245762712086,1.14976278598272,45.712
49,"poisson","GLM",2.53897155168485,1.25294164413984,0.0519999999999072
49,"poisson","KFAS_K120",1.99297172017831,0.955150096171335,30.691
49,"poisson","KFAS_K240",2.0021853832111,0.95768162163808,247.59
49,"poisson","sdmTMB",1.82412962359312,0.89509329168133,160.516
50,"poisson","cf_dglm",1.82547507491664,0.900480283857188,0.507999999999811
50,"poisson","GAM",2.21806423941217,1.10576714121984,45.4369999999999
50,"poisson","GLM",2.38233055164512,1.19369333223856,0.0489999999999782
50,"poisson","KFAS_K120",1.93499796458955,0.942049835081864,30.713
50,"poisson","KFAS_K240",1.93164826807309,0.939582924919613,248.504
50,"poisson","sdmTMB",1.82341473178657,0.89876564017348,161.049
51,"poisson","cf_dglm",1.85213617543227,0.907986963013215,0.653999999999996
51,"poisson","GAM",2.40027113509519,1.16580730722071,38.1849999999999
51,"poisson","GLM",2.55893239127136,1.2305023643964,0.0539999999996326
51,"poisson","KFAS_K120",2.03882983312571,0.969069365016532,30.8020000000001
51,"poisson","KFAS_K240",2.04609708854026,0.97077087639459,243.987
51,"poisson","sdmTMB",1.86858927230144,0.914639694277215,133.092
52,"poisson","cf_dglm",1.73003341475472,0.845564156866139,0.521999999999935
52,"poisson","GAM",2.16057591205659,1.06163260999765,46.962
52,"poisson","GLM",2.26828123956449,1.12287448853773,0.0529999999998836
52,"poisson","KFAS_K120",1.84309403358161,0.88892506445023,30.9829999999997
52,"poisson","KFAS_K240",1.83863725556853,0.887340650449315,245.943
52,"poisson","sdmTMB",1.7246735035604,0.842020619050875,138.361
53,"poisson","cf_dglm",1.82103688024371,0.900588201821704,0.516000000000076
53,"poisson","GAM",2.32368965812685,1.16342488736421,45.7440000000001
53,"poisson","GLM",2.44374004591475,1.22559315375205,0.0570000000002437
53,"poisson","KFAS_K120",1.93019660362774,0.938259664383228,30.2840000000001
53,"poisson","KFAS_K240",1.9280378839982,0.937588329953022,249.373
53,"poisson","sdmTMB",1.82804363382364,0.898068671106141,159.165
54,"poisson","cf_dglm",1.79062155223884,0.866989339634169,0.509000000000015
54,"poisson","GAM",2.29580378426784,1.09259920763339,55.6019999999999
54,"poisson","GLM",2.49878380688805,1.18102735228496,0.0529999999998836
54,"poisson","KFAS_K120",1.94289339851622,0.91860219350692,30.748
54,"poisson","KFAS_K240",1.94239248212404,0.917829443684917,242.911
54,"poisson","sdmTMB",1.7591592909414,0.857730329799636,175.488
55,"poisson","cf_dglm",1.89853224158876,0.920684751674355,0.489000000000033
55,"poisson","GAM",2.34697386786739,1.13902201895815,45.826
55,"poisson","GLM",2.50535090977353,1.22196144071962,0.0520000000001346
55,"poisson","KFAS_K120",1.98084812036702,0.948099791902201,30.7849999999999
55,"poisson","KFAS_K240",1.99346714561738,0.94967363778177,246.81
55,"poisson","sdmTMB",1.87778386262138,0.908543263608334,125.283
56,"poisson","cf_dglm",1.89094335715567,0.912060936090408,0.527000000000044
56,"poisson","GAM",2.40797439085146,1.16321040975017,45.8450000000003
56,"poisson","GLM",2.5638087791413,1.24665259250501,0.0610000000001492
56,"poisson","KFAS_K120",2.04819735928863,0.957531213029416,30.9110000000001
56,"poisson","KFAS_K240",2.04342284971077,0.953987453623681,248.599
56,"poisson","sdmTMB",1.89897768284601,0.913331871474919,132.153
57,"poisson","cf_dglm",1.7381633394562,0.868232394204207,0.516999999999825
57,"poisson","GAM",2.18387500259453,1.08693035402033,45.8679999999999
57,"poisson","GLM",2.34673874854119,1.16779986893869,0.0619999999998981
57,"poisson","KFAS_K120",1.85447561085131,0.909322929249965,30.7689999999998
57,"poisson","KFAS_K240",1.85120850703061,0.907999117477361,250.23
57,"poisson","sdmTMB",1.72976300916121,0.864230088534575,140.169
58,"poisson","cf_dglm",1.77660521064565,0.891184561534885,0.548000000000229
58,"poisson","GAM",2.1746084788398,1.09632534642612,45.8099999999999
58,"poisson","GLM",2.35009205988606,1.17822065545758,0.0610000000001492
58,"poisson","KFAS_K120",1.86915614595245,0.926785023401727,30.913
58,"poisson","KFAS_K240",1.86084717618278,0.924377695092132,247.357
58,"poisson","sdmTMB",1.77693664814995,0.886693142727916,182.76
59,"poisson","cf_dglm",1.91132057731409,0.94663436625834,0.518000000000029
59,"poisson","GAM",2.36552020365402,1.18581661529969,45.7779999999998
59,"poisson","GLM",2.476815871686,1.2484172391024,0.0619999999998981
59,"poisson","KFAS_K120",2.02203631058658,0.986637342368557,30.7980000000002
59,"poisson","KFAS_K240",2.02097070135358,0.985005948647573,247.715
59,"poisson","sdmTMB",1.89228467756806,0.937227712048049,174.07
60,"poisson","cf_dglm",1.84718406802969,0.90045581910492,0.534000000000106
60,"poisson","GAM",2.32493178902453,1.1376865583806,46.9809999999998
60,"poisson","GLM",2.50504489518283,1.2215936815266,0.0610000000001492
60,"poisson","KFAS_K120",2.02644203274566,0.960387460176518,31.009
60,"poisson","KFAS_K240",2.0186303905041,0.956168509334841,246.783
60,"poisson","sdmTMB",1.85707839535945,0.904592290997694,153.8
61,"poisson","cf_dglm",1.84344397973235,0.915349202858658,0.534999999999854
61,"poisson","GAM",2.31238949841489,1.14849732621562,45.8919999999998
61,"poisson","GLM",2.46552750006274,1.22932554134388,0.05600000000004
61,"poisson","KFAS_K120",1.96864323093669,0.958891018812042,30.7420000000002
61,"poisson","KFAS_K240",1.97256700224342,0.960045872310534,246.677
61,"poisson","sdmTMB",1.83455181394257,0.908938801087643,179.675
62,"poisson","cf_dglm",1.81281928934895,0.902218681215247,0.536000000000058
62,"poisson","GAM",2.31451256880529,1.16125443100287,45.8600000000001
62,"poisson","GLM",2.47210075073212,1.23067644858376,0.0570000000002437
62,"poisson","KFAS_K120",1.94247466238587,0.94762136431436,30.7749999999996
62,"poisson","KFAS_K240",1.94572166278395,0.947243779097775,248.225
62,"poisson","sdmTMB",1.80971005959807,0.898446628972848,128.461
63,"poisson","cf_dglm",1.80297691474326,0.885675008024537,0.512000000000171
63,"poisson","GAM",2.24371041027406,1.09948407930236,45.8119999999999
63,"poisson","GLM",2.39879673235601,1.17785668302575,0.0549999999998363
63,"poisson","KFAS_K120",1.94483698153511,0.930652313162319,31
63,"poisson","KFAS_K240",1.94188426411528,0.930584080903113,246.605
63,"poisson","sdmTMB",1.80403257238556,0.881952846395456,123.479
64,"poisson","cf_dglm",1.81292693192761,0.892187187838267,0.530999999999949
64,"poisson","GAM",2.20373211347864,1.10323456397647,45.7719999999999
64,"poisson","GLM",2.35403308448475,1.18739961894034,0.0619999999998981
64,"poisson","KFAS_K120",1.89291288020987,0.925022175480862,30.7140000000004
64,"poisson","KFAS_K240",1.88777229198391,0.923405923311809,246.541
64,"poisson","sdmTMB",1.8287248182534,0.896507679597503,146.182
65,"poisson","cf_dglm",1.7887387597486,0.87628584363006,0.547000000000025
65,"poisson","GAM",2.29014735215283,1.11882963656758,45.788
65,"poisson","GLM",2.46774502459106,1.19292575305552,0.0579999999999927
65,"poisson","KFAS_K120",1.95908959952403,0.927776680419372,30.8759999999997
65,"poisson","KFAS_K240",1.95383309089582,0.924808479448555,245.976
65,"poisson","sdmTMB",1.78776929544679,0.875440933597465,174.096
66,"poisson","cf_dglm",1.81137134323413,0.893064077288452,0.53899999999976
66,"poisson","GAM",2.25893924127785,1.12294778890827,45.7939999999999
66,"poisson","GLM",2.41236111555491,1.19303461236593,0.0539999999996326
66,"poisson","KFAS_K120",1.92848038657891,0.93318582320503,30.902
66,"poisson","KFAS_K240",1.93071559203402,0.933148835406071,245.844
66,"poisson","sdmTMB",1.81062743108231,0.892001278479976,161.935
67,"poisson","cf_dglm",1.91995650480181,0.94283285053371,0.539000000000215
67,"poisson","GAM",2.43255491127262,1.19107938184164,45.7999999999997
67,"poisson","GLM",2.64277744056665,1.27059624108855,0.0619999999998981
67,"poisson","KFAS_K120",2.08855977301634,0.995869081687718,30.8540000000003
67,"poisson","KFAS_K240",2.0836945341947,0.994674590611523,246.546
67,"poisson","sdmTMB",1.922325281723,0.936718209649113,157.426
68,"poisson","cf_dglm",1.81944591563629,0.896960622110915,0.503999999999905
68,"poisson","GAM",2.27514907567705,1.13659914261511,45.7749999999996
68,"poisson","GLM",2.4205316275747,1.20685140756612,0.0610000000001492
68,"poisson","KFAS_K120",1.91033604909538,0.930204605199962,30.0929999999998
68,"poisson","KFAS_K240",1.90998190709723,0.927666382081831,250.052
68,"poisson","sdmTMB",1.80886859751239,0.887683702542417,123.034
69,"poisson","cf_dglm",1.80302005370443,0.879912185223163,0.521999999999935
69,"poisson","GAM",2.16515991607902,1.06333127908517,45.7219999999998
69,"poisson","GLM",2.30083275415046,1.13491990123168,0.056999999999789
69,"poisson","KFAS_K120",1.91284496812147,0.915428080005961,30.732
69,"poisson","KFAS_K240",1.91466724160377,0.913628864374789,248.31
69,"poisson","sdmTMB",1.77874708698009,0.870747327318722,136.354
70,"poisson","cf_dglm",1.80579786269066,0.874918149447596,0.521999999999935
70,"poisson","GAM",2.24988114889136,1.07373094917195,45.8360000000002
70,"poisson","GLM",2.46966323484206,1.15814989699589,0.0570000000002437
70,"poisson","KFAS_K120",1.94913131818574,0.915827113872443,30.8830000000003
70,"poisson","KFAS_K240",1.94932743384339,0.915083239535647,245.744
70,"poisson","sdmTMB",1.75179035323925,0.860661567137111,152.665
71,"poisson","cf_dglm",1.86553606788866,0.918371445064414,0.514999999999873
71,"poisson","GAM",2.43663708939473,1.19993025620224,45.7909999999997
71,"poisson","GLM",2.62054582497741,1.29425542470039,0.0599999999999454
71,"poisson","KFAS_K120",2.01237179178979,0.968768391492333,30.7250000000004
71,"poisson","KFAS_K240",2.00551103715016,0.965359198330333,246.469
71,"poisson","sdmTMB",1.86161808527814,0.915932667520659,142.794
72,"poisson","cf_dglm",1.82458174686237,0.893825421415284,0.49599999999964
72,"poisson","GAM",2.31196041068634,1.11381137431066,45.7159999999999
72,"poisson","GLM",2.5034597929725,1.19895333507776,0.0650000000000546
72,"poisson","KFAS_K120",1.97238642838161,0.939099302527687,30.8669999999997
72,"poisson","KFAS_K240",1.97152144611615,0.937605187199328,246.563
72,"poisson","sdmTMB",1.84331557104205,0.896020938087584,153.936
73,"poisson","cf_dglm",1.76011546203646,0.854203081910436,0.541000000000167
73,"poisson","GAM",2.2361699656317,1.08923207761423,45.8429999999998
73,"poisson","GLM",2.38418275317074,1.14411006935315,0.0590000000001965
73,"poisson","KFAS_K120",1.9037236946161,0.900820624174083,30.7780000000002
73,"poisson","KFAS_K240",1.91261270002233,0.902200344464605,245.964
73,"poisson","sdmTMB",1.75651022255365,0.850539156579981,152.794
74,"poisson","cf_dglm",1.9175420172103,0.92060053750956,0.490999999999985
74,"poisson","GAM",2.31684570224558,1.12462494562015,45.7060000000001
74,"poisson","GLM",2.46626041206041,1.20908167206296,0.0630000000001019
74,"poisson","KFAS_K120",2.03176143081899,0.963535338603334,30.8990000000003
74,"poisson","KFAS_K240",2.02152463808278,0.959474040847576,252.4
74,"poisson","sdmTMB",1.91769966061267,0.917066684451694,185.676
75,"poisson","cf_dglm",1.84803534725434,0.913591232836673,0.518999999999778
75,"poisson","GAM",2.23749540272046,1.11785091739646,55.4650000000001
75,"poisson","GLM",2.39315993602099,1.18857305768317,0.0609999999996944
75,"poisson","KFAS_K120",1.95342067031358,0.951672489657099,30.857
75,"poisson","KFAS_K240",1.94999038186301,0.949330327540783,248.224
75,"poisson","sdmTMB",1.849189642699,0.912251100437714,138.996
76,"poisson","cf_dglm",1.69162713301954,0.843863877513114,0.540999999999713
76,"poisson","GAM",2.11593841051194,1.05352154869619,54.1880000000001
76,"poisson","GLM",2.26090118915161,1.11520017235522,0.0549999999998363
76,"poisson","KFAS_K120",1.7933863649286,0.877527472986607,30.906
76,"poisson","KFAS_K240",1.78723824286555,0.874876054676902,247.649
76,"poisson","sdmTMB",1.67459350245974,0.83651295737631,167.289
77,"poisson","cf_dglm",1.7914877882842,0.881837453681353,0.52599999999984
77,"poisson","GAM",2.15374020966111,1.07957390528692,45.576
77,"poisson","GLM",2.27304036068529,1.13522888726425,0.056999999999789
77,"poisson","KFAS_K120",1.91169308716193,0.927103408814583,30.8489999999997
77,"poisson","KFAS_K240",1.9136488600832,0.926375260472177,247.433
77,"poisson","sdmTMB",1.778369124408,0.876937996820044,132.156
78,"poisson","cf_dglm",1.75952386163393,0.857993647207464,0.476999999999862
78,"poisson","GAM",2.22103728048267,1.08551635366934,52.9719999999998
78,"poisson","GLM",2.3867296539061,1.15739986896974,0.0590000000001965
78,"poisson","KFAS_K120",1.88111020403507,0.899444537404459,30.8770000000004
78,"poisson","KFAS_K240",1.88038360045185,0.899150187878869,253.255
78,"poisson","sdmTMB",1.74952551648674,0.856572674532436,143.027
79,"poisson","cf_dglm",1.78443797085144,0.870383348325562,0.559999999999945
79,"poisson","GAM",2.24262541394735,1.10745825935788,54.0650000000001
79,"poisson","GLM",2.35152006354634,1.16328038315108,0.0549999999998363
79,"poisson","KFAS_K120",1.91957256780055,0.924339906658704,30.7490000000003
79,"poisson","KFAS_K240",1.91777006162892,0.922472215380686,253.932
79,"poisson","sdmTMB",1.79441096215618,0.873464827685128,145.326
80,"poisson","cf_dglm",1.80695753066897,0.887753078038665,0.5
80,"poisson","GAM",2.32105080788983,1.13096286864595,45.5450000000001
80,"poisson","GLM",2.46429984108218,1.19166589997841,0.055000000000291
80,"poisson","KFAS_K120",1.96131558639512,0.939651493891632,30.8099999999999
80,"poisson","KFAS_K240",1.95840574015896,0.937827725737656,246.9
80,"poisson","sdmTMB",1.80010442410648,0.884866446531551,135.634
81,"poisson","cf_dglm",1.80651901964091,0.907955595073003,0.502999999999702
81,"poisson","GAM",2.20740452377303,1.12454711829563,45.719
81,"poisson","GLM",2.34491445969451,1.1921806738874,0.0500000000001819
81,"poisson","KFAS_K120",1.87198656891536,0.931523938378878,30.5250000000001
81,"poisson","KFAS_K240",1.87901536445246,0.932554471203793,232.2
81,"poisson","sdmTMB",1.79021921176864,0.900353723331868,128.257
82,"poisson","cf_dglm",1.65791466233413,0.828923645092663,0.518000000000029
82,"poisson","GAM",2.00250231440925,1.01654636334905,45.7310000000002
82,"poisson","GLM",2.12031553528298,1.08148925226487,0.0520000000001346
82,"poisson","KFAS_K120",1.71924571942678,0.859867462190623,30.9340000000002
82,"poisson","KFAS_K240",1.71570007846929,0.858287351949252,234.319
82,"poisson","sdmTMB",1.65331342992086,0.827870536984455,112.691
83,"poisson","cf_dglm",1.89872438737302,0.949888266025709,0.534000000000106
83,"poisson","GAM",2.39615315659343,1.20692257939844,45.741
83,"poisson","GLM",2.54089770096005,1.27355728359453,0.0529999999998836
83,"poisson","KFAS_K120",2.02833908987982,0.993966006455144,30.9700000000003
83,"poisson","KFAS_K240",2.02743240255413,0.992569494551646,226.396
83,"poisson","sdmTMB",1.88432307883478,0.941450782039333,138.853
84,"poisson","cf_dglm",1.73461481695075,0.86664318600772,0.525000000000091
84,"poisson","GAM",2.1844821598433,1.09855478855932,45.8050000000003
84,"poisson","GLM",2.33362624939113,1.17910128564241,0.0540000000000873
84,"poisson","KFAS_K120",1.83531963072284,0.90731185223745,30.924
84,"poisson","KFAS_K240",1.83824319554345,0.907025230631177,225.884
84,"poisson","sdmTMB",1.74013624493256,0.8673950903091,107.321
85,"poisson","cf_dglm",1.73741750155371,0.859291795203531,0.539999999999964
85,"poisson","GAM",2.12807412395336,1.06135286591735,45.7539999999999
85,"poisson","GLM",2.27026216462713,1.1459196116431,0.0549999999998363
85,"poisson","KFAS_K120",1.83182231938535,0.90029420369359,30.9349999999999
85,"poisson","KFAS_K240",1.83152267124839,0.899743018375555,225.945
85,"poisson","sdmTMB",1.74189022897291,0.858729947195469,134.32
86,"poisson","cf_dglm",1.84347250255536,0.899283645780516,0.632999999999811
86,"poisson","GAM",2.29776520620504,1.1299395624788,46.9929999999999
86,"poisson","GLM",2.47880762679364,1.22130315158723,0.055000000000291
86,"poisson","KFAS_K120",1.97755420191522,0.944166585880413,30.893
86,"poisson","KFAS_K240",1.9824781084509,0.945983502058252,226.009
86,"poisson","sdmTMB",1.8383248837159,0.893742356205292,119.144
87,"poisson","cf_dglm",1.83273723206015,0.91571761813119,0.559999999999945
87,"poisson","GAM",2.19212551501522,1.10823574162561,45.8380000000002
87,"poisson","GLM",2.34199386920949,1.18215615250643,0.068000000000211
87,"poisson","KFAS_K120",1.92524113513476,0.948554562893618,29.9050000000002
87,"poisson","KFAS_K240",1.92049272458783,0.944975485178454,223.987
87,"poisson","sdmTMB",1.7999217342251,0.900887982331267,182.977
88,"poisson","cf_dglm",1.90846044090974,0.900466533880121,0.513000000000375
88,"poisson","GAM",2.38732472336686,1.14144482062093,55.587
88,"poisson","GLM",2.67516834491015,1.22440226107393,0.056999999999789
88,"poisson","KFAS_K120",2.03428901629613,0.938250664608283,28.837
88,"poisson","KFAS_K240",2.0492694897915,0.941090299685937,221.453
88,"poisson","sdmTMB",1.91417597857266,0.896332105464507,152.87
89,"poisson","cf_dglm",1.80467446997496,0.891679583489546,0.554999999999836
89,"poisson","GAM",2.20994647717463,1.09262990033915,46.9879999999998
89,"poisson","GLM",2.35688487097135,1.16913218041232,0.0589999999997417
89,"poisson","KFAS_K120",1.92588621374729,0.930704141195621,29.3509999999997
89,"poisson","KFAS_K240",1.9190671975132,0.926551923488404,226.694
89,"poisson","sdmTMB",1.81158590847896,0.890482841592616,129.777
90,"poisson","cf_dglm",1.87561192447781,0.9209946526174,0.60799999999972
90,"poisson","GAM",2.32836761832176,1.15813667650045,45.7159999999999
90,"poisson","GLM",2.49551870753603,1.24990608295045,0.0529999999998836
90,"poisson","KFAS_K120",1.98921755589333,0.959703206255742,28.585
90,"poisson","KFAS_K240",1.98465878124657,0.957976397126922,223.557
90,"poisson","sdmTMB",1.87607080116054,0.914882674382622,123.796
91,"poisson","cf_dglm",1.82540378353331,0.872409643142198,0.51299999999992
91,"poisson","GAM",2.30252759309228,1.1125248159278,53.884
91,"poisson","GLM",2.47472350740241,1.19353837581824,0.0570000000002437
91,"poisson","KFAS_K120",1.96208851185081,0.919722812243439,28.2509999999997
91,"poisson","KFAS_K240",1.9635852587891,0.916476221774263,221.09
91,"poisson","sdmTMB",1.81716538702316,0.871191757814511,124.556
92,"poisson","cf_dglm",1.81272356636253,0.88267606278627,0.523000000000138
92,"poisson","GAM",2.20618066496087,1.0895553753429,45.6129999999998
92,"poisson","GLM",2.35866957549243,1.17240019937798,0.0579999999999927
92,"poisson","KFAS_K120",1.93893580918932,0.932086246325378,28.373
92,"poisson","KFAS_K240",1.93378240242008,0.929111791872574,219.15
92,"poisson","sdmTMB",1.82864813722706,0.885944625367557,134.125
93,"poisson","cf_dglm",1.77335573452805,0.876150606161323,0.476000000000113
93,"poisson","GAM",2.20667678691052,1.10615522218025,45.3810000000003
93,"poisson","GLM",2.36893629374921,1.18464818364677,0.0540000000000873
93,"poisson","KFAS_K120",1.88068654806837,0.923016624801906,28.1060000000002
93,"poisson","KFAS_K240",1.88203896472688,0.922069427445797,221.219
93,"poisson","sdmTMB",1.77012855976859,0.874253064601758,119.085
94,"poisson","cf_dglm",1.86814640734572,0.921999581077184,0.436999999999898
94,"poisson","GAM",2.32245618644458,1.1553095516937,45.3710000000001
94,"poisson","GLM",2.48023877739355,1.23807871210716,0.0630000000001019
94,"poisson","KFAS_K120",2.00155762977326,0.968145891532051,28.136
94,"poisson","KFAS_K240",2.00860661699623,0.970211454454813,221.849
94,"poisson","sdmTMB",1.87014743694728,0.919016823847067,113.164
95,"poisson","cf_dglm",1.81007400954295,0.883302309229506,0.474999999999909
95,"poisson","GAM",2.28534784715747,1.11584338992611,44.7329999999997
95,"poisson","GLM",2.42364275765655,1.19527466233494,0.0579999999999927
95,"poisson","KFAS_K120",1.94400043053217,0.929076442054877,28.1579999999999
95,"poisson","KFAS_K240",1.93453840321241,0.92551823695559,227.505
95,"poisson","sdmTMB",1.80370692777496,0.878321966399477,118.992
96,"poisson","cf_dglm",1.78179337623024,0.868726542063621,0.454999999999927
96,"poisson","GAM",2.28060235001939,1.10844396408997,44.1749999999997
96,"poisson","GLM",2.45930930703856,1.1933879852562,0.0549999999998363
96,"poisson","KFAS_K120",1.88400341736456,0.906168271185583,27.8719999999998
96,"poisson","KFAS_K240",1.89291413373782,0.908173266723679,221.793
96,"poisson","sdmTMB",1.77765422655906,0.868681993055912,149.896
97,"poisson","cf_dglm",1.75270534782122,0.876508572921829,0.452000000000226
97,"poisson","GAM",2.21898527414503,1.11136209567753,43.9119999999998
97,"poisson","GLM",2.33478986879249,1.16584946065686,0.0589999999997417
97,"poisson","KFAS_K120",1.8538013161439,0.911326293267498,27.8049999999998
97,"poisson","KFAS_K240",1.84773033561272,0.907981681457771,221.665
97,"poisson","sdmTMB",1.73920612965847,0.867908668327739,122.799
98,"poisson","cf_dglm",1.84166425323309,0.910875078103464,0.451000000000022
98,"poisson","GAM",2.27518788120757,1.13649463601963,43.8689999999997
98,"poisson","GLM",2.41033961534173,1.21102732214717,0.0590000000001965
98,"poisson","KFAS_K120",1.95845255303515,0.951162561601858,27.9029999999998
98,"poisson","KFAS_K240",1.96136226324712,0.951256602153794,223.094
98,"poisson","sdmTMB",1.83339581533331,0.908284676019365,132.866
99,"poisson","cf_dglm",1.82761953058252,0.912541914071449,0.511999999999716
99,"poisson","GAM",2.35653022536269,1.18786376576625,51.6509999999998
99,"poisson","GLM",2.53567250719966,1.28059545247814,0.0599999999999454
99,"poisson","KFAS_K120",1.94378185695192,0.95626891357981,27.5140000000001
99,"poisson","KFAS_K240",1.94175181243937,0.954939155805361,221.08
99,"poisson","sdmTMB",1.82690947640497,0.910692731978507,129.23
100,"poisson","cf_dglm",1.85298911241104,0.892951728381536,0.444999999999709
100,"poisson","GAM",2.23692547934006,1.08361975041059,43.444
100,"poisson","GLM",2.40651326232603,1.17160873732209,0.0610000000001492
100,"poisson","KFAS_K120",1.98704151733056,0.936753081550125,27.8130000000001
100,"poisson","KFAS_K240",1.98529181999731,0.935840925742357,222.527
100,"poisson","sdmTMB",1.82727463439106,0.88406096166671,105.47
1,"binary","cf_dglm",0.452207662002794,0.204491769574033,0.468999999999994
1,"binary","GAM",0.473882352470403,0.224564483982883,96.488
1,"binary","GLM",0.48400593256066,0.234261742753915,0.0939999999999999
1,"binary","KFAS_K120",0.464854068810758,0.216089305289917,30.541
1,"binary","KFAS_K240",0.464823600422322,0.21606097950957,246.541
1,"binary","sdmTMB",0.451545551911372,0.203893385450945,120.082
2,"binary","cf_dglm",0.456463622084002,0.208359038286046,0.474000000000004
2,"binary","GAM",0.479387861685585,0.229812721931478,89.318
2,"binary","GLM",0.485459388387767,0.235670817773825,0.0919999999999996
2,"binary","KFAS_K120",0.46938330886148,0.220320690637752,30.857
2,"binary","KFAS_K240",0.469166922898643,0.220117601542181,297.344
2,"binary","sdmTMB",0.455508349269896,0.207487856254586,105.051
3,"binary","cf_dglm",0.46307906791309,0.214442223139256,0.478999999999999
3,"binary","GAM",0.480019241779584,0.230418472478647,65.505
3,"binary","GLM",0.489561963688773,0.239670916290808,0.113
3,"binary","KFAS_K120",0.470689169725222,0.221548294496619,32.035
3,"binary","KFAS_K240",0.470411239137551,0.221286733906927,277.351
3,"binary","sdmTMB",0.461467663773551,0.212952404708619,114.071
4,"binary","cf_dglm",0.460710442930716,0.212254112225416,0.599000000000004
4,"binary","GAM",0.479414347147953,0.229838116251298,90.977
4,"binary","GLM",0.488556074199637,0.238687037637361,0.104
4,"binary","KFAS_K120",0.469381743200882,0.220319220850299,31.057
4,"binary","KFAS_K240",0.469284753425704,0.220228179797824,268.835
4,"binary","sdmTMB",0.458827776423716,0.210522928417931,130.003
5,"binary","cf_dglm",0.462228468490055,0.213655157082661,0.667000000000002
5,"binary","GAM",0.484268488369764,0.234515968827936,88.294
5,"binary","GLM",0.491709095516575,0.241777834613728,0.103
5,"binary","KFAS_K120",0.47110612214571,0.221940978323169,31.672
5,"binary","KFAS_K240",0.471021259803985,0.221861027187333,267.898
5,"binary","sdmTMB",0.461146610607464,0.212656196474752,115.392
6,"binary","cf_dglm",0.4615546197094,0.213032666975089,0.421999999999997
6,"binary","GAM",0.479080244595411,0.229517880761599,95.172
6,"binary","GLM",0.485318888867242,0.235534423891334,0.111
6,"binary","KFAS_K120",0.469386102464118,0.220323313186456,30.017
6,"binary","KFAS_K240",0.469067515493734,0.220024334091464,245.804
6,"binary","sdmTMB",0.460222942668096,0.211805156958081,115.216
7,"binary","cf_dglm",0.459725138959591,0.211347203391415,0.411000000000001
7,"binary","GAM",0.478762505933777,0.22921353708799,82.916
7,"binary","GLM",0.486254157124964,0.236443105321309,0.11
7,"binary","KFAS_K120",0.470123357917383,0.221015971659516,33.102
7,"binary","KFAS_K240",0.469995752408043,0.220896007281603,269.499
7,"binary","sdmTMB",0.457617381722266,0.209413668054342,122.872
8,"binary","cf_dglm",0.455286722158927,0.20728599937422,0.443000000000012
8,"binary","GAM",0.477322283906817,0.22783656271402,95.45
8,"binary","GLM",0.484958762951997,0.235185001763931,0.128
8,"binary","KFAS_K120",0.467905580768736,0.218935632514528,30.588
8,"binary","KFAS_K240",0.467578478929696,0.218629633958208,296.678
8,"binary","sdmTMB",0.454632203098772,0.206690440094443,120.677
9,"binary","cf_dglm",0.457317070633098,0.209138903092438,0.399000000000001
9,"binary","GAM",0.477669041258465,0.228167712976781,114.975
9,"binary","GLM",0.4872323348737,0.237395348146477,0.121
9,"binary","KFAS_K120",0.467084032973545,0.218167493858831,29.667
9,"binary","KFAS_K240",0.467013787423224,0.218101877643384,288.332
9,"binary","sdmTMB",0.456268237440489,0.20818070449705,118.26
10,"binary","cf_dglm",0.462650838247013,0.214045798130664,0.536999999999992
10,"binary","GAM",0.479298490207948,0.229727042715618,97.212
10,"binary","GLM",0.485001742918605,0.235226690634084,0.124
10,"binary","KFAS_K120",0.471694224323824,0.222495441260454,30.624
10,"binary","KFAS_K240",0.471253718811416,0.222080067493589,282.77
10,"binary","sdmTMB",0.46000493963642,0.211604544489906,155.031
11,"binary","cf_dglm",0.452162874144285,0.204451264754421,0.402000000000001
11,"binary","GAM",0.472804297546364,0.223543903778311,104.55
11,"binary","GLM",0.482431024163598,0.232739693075538,0.141
11,"binary","KFAS_K120",0.465641765399667,0.216822253684518,30.127
11,"binary","KFAS_K240",0.465469497725396,0.216661853312733,246.589
11,"binary","sdmTMB",0.451980334472401,0.204286222749784,134.387
12,"binary","cf_dglm",0.461051411262539,0.212568403827179,0.462999999999994
12,"binary","GAM",0.481859129515979,0.232188220697897,65.718
12,"binary","GLM",0.488217622947907,0.238356447356905,0.141
12,"binary","KFAS_K120",0.470552926270248,0.221420056421493,31.763
12,"binary","KFAS_K240",0.470330550887685,0.221210827098313,292.982
12,"binary","sdmTMB",0.459932941859005,0.211538311007079,108.587
13,"binary","cf_dglm",0.457643998789338,0.209438029627896,0.533000000000001
13,"binary","GAM",0.476566836666066,0.227115949809901,96.911
13,"binary","GLM",0.485351785412208,0.235566355602818,0.141
13,"binary","KFAS_K120",0.46873277649407,0.21971041575984,28.044
13,"binary","KFAS_K240",0.468589639188395,0.219576249954711,222.268
13,"binary","sdmTMB",0.456724536847685,0.208597302558733,129.016
14,"binary","cf_dglm",0.452599968967606,0.204846731909478,0.465999999999994
14,"binary","GAM",0.476466967564441,0.227020771180054,81.838
14,"binary","GLM",0.48619895012052,0.236389419098296,0.148
14,"binary","KFAS_K120",0.465769492779362,0.216941220403944,33.675
14,"binary","KFAS_K240",0.465576117680396,0.21676112135435,282.189
14,"binary","sdmTMB",0.452574724354665,0.204823881124701,123.654
15,"binary","cf_dglm",0.459427634405567,0.211073751255495,0.444999999999993
15,"binary","GAM",0.47481814704907,0.225452272767112,109.208
15,"binary","GLM",0.482916982903938,0.233208812377042,0.146
15,"binary","KFAS_K120",0.468389508534444,0.219388731705138,29.943
15,"binary","KFAS_K240",0.468266439886648,0.219273458724115,281.776
15,"binary","sdmTMB",0.457503711332068,0.209309645882616,114.667
16,"binary","cf_dglm",0.456671606529573,0.208548956210301,0.472999999999999
16,"binary","GAM",0.479405890939428,0.229830008267427,81.139
16,"binary","GLM",0.488128474724386,0.238269407836756,0.153
16,"binary","KFAS_K120",0.467914579026647,0.218944053265685,33.956
16,"binary","KFAS_K240",0.467883410204835,0.218914885544906,268.893
16,"binary","sdmTMB",0.455616965293384,0.207586819063152,121.703
17,"binary","cf_dglm",0.460904411212345,0.212432876274999,0.497
17,"binary","GAM",0.47636917341616,0.226927589381196,81.083
17,"binary","GLM",0.481474438453215,0.231817634883839,0.164
17,"binary","KFAS_K120",0.469243626648344,0.22018958115009,33.959
17,"binary","KFAS_K240",0.469150780976657,0.220102455291007,273.009
17,"binary","sdmTMB",0.459421674516697,0.211068275015725,109.281
18,"binary","cf_dglm",0.455455868138473,0.20744004782177,0.406999999999996
18,"binary","GAM",0.474543616865439,0.225191644307732,118.678
18,"binary","GLM",0.480898047841929,0.231262932418178,0.154
18,"binary","KFAS_K120",0.46746184416241,0.218520575747721,29.833
18,"binary","KFAS_K240",0.46724796836591,0.21832066394207,282.613
18,"binary","sdmTMB",0.45483006183535,0.206870385149148,165.592
19,"binary","cf_dglm",0.454244042043183,0.206337649731729,0.554999999999993
19,"binary","GAM",0.473950896698206,0.224629452481033,74.447
19,"binary","GLM",0.485373048987124,0.235586996683057,0.147
19,"binary","KFAS_K120",0.465382136459724,0.216580532935818,33.704
19,"binary","KFAS_K240",0.465380950143831,0.216579428756775,282.763
19,"binary","sdmTMB",0.453250887796005,0.205436367287866,119.057
20,"binary","cf_dglm",0.454066937084464,0.206176783353266,0.466999999999999
20,"binary","GAM",0.479053876240593,0.229492616341137,80.84
20,"binary","GLM",0.486057705863156,0.236252093428954,0.145
20,"binary","KFAS_K120",0.467886383098778,0.218917667489256,33.47
20,"binary","KFAS_K240",0.467515886520584,0.218571104149128,281.98
20,"binary","sdmTMB",0.4533484177946,0.205524787916867,137.443
21,"binary","cf_dglm",0.460222033074037,0.2118043197268,0.447999999999993
21,"binary","GAM",0.478284034834638,0.228755617977702,98.246
21,"binary","GLM",0.486672965754156,0.236850575595945,0.157
21,"binary","KFAS_K120",0.468778742086702,0.219753509032391,30.319
21,"binary","KFAS_K240",0.468548601521661,0.219537791987904,282.505
21,"binary","sdmTMB",0.458829407497624,0.210524425184621,113.423
22,"binary","cf_dglm",0.45466874825764,0.206723670642169,0.596999999999994
22,"binary","GAM",0.477789453126902,0.228282761519304,71.914
22,"binary","GLM",0.486897268180655,0.237068949761785,0.162
22,"binary","KFAS_K120",0.468257144910665,0.219264753759888,33.318
22,"binary","KFAS_K240",0.467731860163303,0.218773093011824,283.959
22,"binary","sdmTMB",0.454907051811715,0.206940425788026,126.285
23,"binary","cf_dglm",0.457150251286978,0.208986352251747,0.438000000000002
23,"binary","GAM",0.477730472631849,0.22822640448105,82.262
23,"binary","GLM",0.487091588118834,0.237258215216128,0.154
23,"binary","KFAS_K120",0.467403377494023,0.21846591729282,33.499
23,"binary","KFAS_K240",0.467483845787029,0.218541146071831,274.602
23,"binary","sdmTMB",0.456135545813496,0.208059636154576,113.172
24,"binary","cf_dglm",0.460369347825936,0.211939936417677,0.518000000000001
24,"binary","GAM",0.477950107526067,0.228436305284179,97.873
24,"binary","GLM",0.486432644440555,0.236616717577432,0.157
24,"binary","KFAS_K120",0.46967438591708,0.220594028786586,30.465
24,"binary","KFAS_K240",0.469633124152442,0.220555271301183,282.862
24,"binary","sdmTMB",0.459253414895899,0.210913699093545,133.394
25,"binary","cf_dglm",0.458556333524557,0.210273911015485,0.492000000000004
25,"binary","GAM",0.480423524646954,0.230806763034202,98.131
25,"binary","GLM",0.48690498805735,0.237076467395128,0.153
25,"binary","KFAS_K120",0.470021991123892,0.220920672140068,30.485
25,"binary","KFAS_K240",0.469786865832721,0.220699699308931,285.015
25,"binary","sdmTMB",0.457676354813858,0.2094676457557,108.19
26,"binary","cf_dglm",0.4579486491107,0.209716965222315,0.509999999999991
26,"binary","GAM",0.479431836326167,0.229854885683081,97.505
26,"binary","GLM",0.485214750891149,0.23543335448236,0.149
26,"binary","KFAS_K120",0.467772326969973,0.218810949878903,30.501
26,"binary","KFAS_K240",0.467886484347568,0.218917762235127,279.348
26,"binary","sdmTMB",0.457473491069738,0.209281995031534,116.441
27,"binary","cf_dglm",0.460330260882005,0.211903949083695,0.515999999999998
27,"binary","GAM",0.481515512277907,0.231857188564255,59.302
27,"binary","GLM",0.489319844847541,0.239433910561621,0.154
27,"binary","KFAS_K120",0.469482234997751,0.220413568978483,30.111
27,"binary","KFAS_K240",0.469230546178689,0.220177305467151,302.442
27,"binary","sdmTMB",0.45899297882076,0.210674554606755,128.973
28,"binary","cf_dglm",0.450348041546726,0.202813358524972,0.384
28,"binary","GAM",0.473568151492617,0.224266794108134,116.374
28,"binary","GLM",0.485366404395773,0.235580546516081,0.149
28,"binary","KFAS_K120",0.465705870781259,0.216881958080131,30.996
28,"binary","KFAS_K240",0.465227472028709,0.216436600730223,286.789
28,"binary","sdmTMB",0.450348650511618,0.202813907017635,117.328
29,"binary","cf_dglm",0.4583845381443,0.210116384809764,0.507000000000005
29,"binary","GAM",0.47431120670874,0.224971120809501,82.41
29,"binary","GLM",0.482971410650754,0.23326138350598,0.152
29,"binary","KFAS_K120",0.469221942345653,0.220169231178628,33.204
29,"binary","KFAS_K240",0.468891241123053,0.219858996001917,284.189
29,"binary","sdmTMB",0.45777898485564,0.20956159897546,141.123
30,"binary","cf_dglm",0.457751499036948,0.209536434870573,0.509999999999991
30,"binary","GAM",0.47783134165019,0.22832279106322,97.499
30,"binary","GLM",0.484631290256154,0.234867487495345,0.144
30,"binary","KFAS_K120",0.468202321686936,0.219213414033037,30.281
30,"binary","KFAS_K240",0.468026402218063,0.219048713173184,275.843
30,"binary","sdmTMB",0.456606824713908,0.208489792375318,119.062
31,"binary","cf_dglm",0.457623195140332,0.209418988730446,0.442000000000007
31,"binary","GAM",0.477079492755984,0.227604842408307,73.416
31,"binary","GLM",0.484922019826225,0.235149365312345,0.0500000000000114
31,"binary","KFAS_K120",0.468398233333189,0.219396904989653,38.572
31,"binary","KFAS_K240",0.468206605822232,0.219217425735575,286.517
31,"binary","sdmTMB",0.456716341724632,0.208589816798331,127.024
32,"binary","cf_dglm",0.459348723586428,0.211001249860481,0.510999999999967
32,"binary","GAM",0.478860798718322,0.229307664549149,61.274
32,"binary","GLM",0.485712446344918,0.235916580534365,0.0520000000000209
32,"binary","KFAS_K120",0.468394262510309,0.219393185152576,37.0450000000001
32,"binary","KFAS_K240",0.468376310601841,0.219376368332992,265.727
32,"binary","sdmTMB",0.457934289252158,0.20970381327288,127.971
33,"binary","cf_dglm",0.458744011233596,0.21044606784269,0.559999999999945
33,"binary","GAM",0.481854133872016,0.232183406329551,52.2359999999999
33,"binary","GLM",0.488905328509023,0.239028420244516,0.0529999999999973
33,"binary","KFAS_K120",0.471166758186281,0.221998114019769,35.826
33,"binary","KFAS_K240",0.470799861763384,0.221652509836422,291.099
33,"binary","sdmTMB",0.458657702896531,0.210366888426322,152.386
34,"binary","cf_dglm",0.458246594859565,0.209989941700386,0.519000000000005
34,"binary","GAM",0.483009326810602,0.233298009786031,96.667
34,"binary","GLM",0.489099687901634,0.239218504705476,0.0570000000000164
34,"binary","KFAS_K120",0.46829408996133,0.21929935469271,31.8660000000001
34,"binary","KFAS_K240",0.468263351016926,0.219270565905601,296.079
34,"binary","sdmTMB",0.457152714359904,0.208988604246628,100.605
35,"binary","cf_dglm",0.458192401025812,0.209940276357799,0.407999999999902
35,"binary","GAM",0.475096775950893,0.225716946518933,82.654
35,"binary","GLM",0.483680085992645,0.233946425585852,0.0500000000000114
35,"binary","KFAS_K120",0.46758618226543,0.21863683784556,33.0530000000001
35,"binary","KFAS_K240",0.467278743372794,0.218349424008058,270.49
35,"binary","sdmTMB",0.4561283173445,0.208053041883525,102.664
36,"binary","cf_dglm",0.455080618118225,0.207098368986866,0.493000000000052
36,"binary","GAM",0.477206763994905,0.227726295602489,84.0230000000001
36,"binary","GLM",0.485982200513974,0.236178699216405,0.0550000000000068
36,"binary","KFAS_K120",0.464911594743739,0.216142790927166,35.73
36,"binary","KFAS_K240",0.464707307479963,0.215952881625277,283.081
36,"binary","sdmTMB",0.453195196437946,0.205385886074429,126.088
37,"binary","cf_dglm",0.459884120115233,0.211493403934162,0.432999999999993
37,"binary","GAM",0.479275961108004,0.229705446896001,90.562
37,"binary","GLM",0.485781112429408,0.235983289193153,0.0590000000000259
37,"binary","KFAS_K120",0.468784811553315,0.219759199543077,31.9399999999999
37,"binary","KFAS_K240",0.468350372118152,0.219352071063212,246.216
37,"binary","sdmTMB",0.45840815129185,0.210138033170811,109.007
38,"binary","cf_dglm",0.458222917691363,0.209968242297585,0.424999999999955
38,"binary","GAM",0.48051927549566,0.230898774122874,54.9830000000001
38,"binary","GLM",0.486819129435686,0.23699286478452,0.0600000000000023
38,"binary","KFAS_K120",0.469059667586118,0.220016971755999,37.694
38,"binary","KFAS_K240",0.468953750811832,0.219917620400486,272.79
38,"binary","sdmTMB",0.457122839672771,0.208961290550498,141.309
39,"binary","cf_dglm",0.45366164606226,0.205808889107919,0.531999999999925
39,"binary","GAM",0.478047093870735,0.228529023958256,89.1979999999999
39,"binary","GLM",0.485932843637326,0.236130728525458,0.0620000000000118
39,"binary","KFAS_K120",0.466751978648772,0.217857409572544,31.841
39,"binary","KFAS_K240",0.46664658634645,0.217759036548795,246.215
39,"binary","sdmTMB",0.453805247287678,0.205939202465831,100.05
40,"binary","cf_dglm",0.45722675020004,0.20905630109849,0.384000000000015
40,"binary","GAM",0.479841652630074,0.230248011598761,76.2950000000001
40,"binary","GLM",0.487387300984379,0.237546381160838,0.0609999999999786
40,"binary","KFAS_K120",0.469253886976894,0.220199210442923,32.116
40,"binary","KFAS_K240",0.469027225558447,0.219986538315055,282.378
40,"binary","sdmTMB",0.456308607834664,0.208217545584009,129.24
41,"binary","cf_dglm",0.462196242743493,0.213625366806202,0.507999999999925
41,"binary","GAM",0.48106582356207,0.231424326599453,82.087
41,"binary","GLM",0.486337507864786,0.23652417155613,0.0559999999999263
41,"binary","KFAS_K120",0.47091879469343,0.221764511195513,31.631
41,"binary","KFAS_K240",0.470747207436756,0.221602933309504,290.149
41,"binary","sdmTMB",0.46015593903791,0.211743488231861,123.178
42,"binary","cf_dglm",0.45779031774826,0.209571975024053,0.450000000000045
42,"binary","GAM",0.479157949933052,0.229592340984045,75.761
42,"binary","GLM",0.487361382147893,0.237521116809105,0.05600000000004
42,"binary","KFAS_K120",0.469547302664439,0.220474669439451,32.207
42,"binary","KFAS_K240",0.469356750866851,0.220295759584288,288.623
42,"binary","sdmTMB",0.456995101503155,0.208844522797879,115.78
43,"binary","cf_dglm",0.458200741634445,0.209947919634356,0.459999999999923
43,"binary","GAM",0.479778135325902,0.2301870591368,99.924
43,"binary","GLM",0.488226066003531,0.238364691525284,0.05499999999995
43,"binary","KFAS_K120",0.469049894274762,0.220007803319165,30.1890000000001
43,"binary","KFAS_K240",0.468755980545709,0.21973216929737,280.133
43,"binary","sdmTMB",0.457766268364614,0.209549956452464,107.892
44,"binary","cf_dglm",0.453665774356599,0.205812634822572,0.480000000000018
44,"binary","GAM",0.475114545512558,0.225733831357604,79.606
44,"binary","GLM",0.487070564293326,0.237237734601019,0.0579999999999927
44,"binary","KFAS_K120",0.465205305544224,0.216415976306494,30.9889999999999
44,"binary","KFAS_K240",0.465035641649776,0.216258148004619,280.616
44,"binary","sdmTMB",0.452462037272794,0.204721895173047,103.113
45,"binary","cf_dglm",0.455037317675701,0.207058960477497,0.44399999999996
45,"binary","GAM",0.477658434961142,0.228157580489527,78.643
45,"binary","GLM",0.48503379031354,0.235257777745919,0.0619999999998981
45,"binary","KFAS_K120",0.467281217890626,0.218351736593347,31.193
45,"binary","KFAS_K240",0.467150838801869,0.21822990619329,280.987
45,"binary","sdmTMB",0.454027682358778,0.206141136348083,121.569
46,"binary","cf_dglm",0.463049009079171,0.214414384809202,0.382999999999925
46,"binary","GAM",0.48277462861935,0.233071342038552,95.1800000000001
46,"binary","GLM",0.489128525263647,0.23924671422659,0.06899999999996
46,"binary","KFAS_K120",0.472057349962334,0.222838141653462,30.25
46,"binary","KFAS_K240",0.47198189379831,0.22276690807344,268.502
46,"binary","sdmTMB",0.461476334416502,0.212960407226491,107.785
47,"binary","cf_dglm",0.45821832506785,0.209964033427986,0.5
47,"binary","GAM",0.478528898281395,0.228989906490406,56.325
47,"binary","GLM",0.483580273714609,0.233849881125896,0.0730000000000928
47,"binary","KFAS_K120",0.468557230143181,0.21954587791945,33.88
47,"binary","KFAS_K240",0.468326741571136,0.219329936870638,270.74
47,"binary","sdmTMB",0.457029315663849,0.208875795376166,93.3639999999999
48,"binary","cf_dglm",0.461516050187307,0.212997064580492,0.411999999999921
48,"binary","GAM",0.479256568320005,0.229686858277868,89.7750000000001
48,"binary","GLM",0.486515353342397,0.236697189037878,0.0579999999999927
48,"binary","KFAS_K120",0.469986888303489,0.220887675177197,30.406
48,"binary","KFAS_K240",0.470020322485707,0.220919103549568,268.671
48,"binary","sdmTMB",0.458896667188375,0.210586151156598,124.504
49,"binary","cf_dglm",0.457622920050925,0.209418736955935,0.413000000000011
49,"binary","GAM",0.476258178073715,0.226821852182094,80.909
49,"binary","GLM",0.484062135975595,0.234316151485256,0.0769999999999982
49,"binary","KFAS_K120",0.467338661524089,0.218405424555127,30.912
49,"binary","KFAS_K240",0.46729341187181,0.218363132778797,288.317
49,"binary","sdmTMB",0.455780175412885,0.207735568299401,110.963
50,"binary","cf_dglm",0.461251818034567,0.212753239640193,0.456999999999994
50,"binary","GAM",0.480638427898009,0.231013298372269,106.768
50,"binary","GLM",0.487538472483989,0.237693762152022,0.0679999999999836
50,"binary","KFAS_K120",0.470428019528423,0.221302521557434,29.772
50,"binary","KFAS_K240",0.470126087243621,0.221018537906997,295.833
50,"binary","sdmTMB",0.459763227129797,0.211382225020805,132.08
51,"binary","cf_dglm",0.459319503454318,0.210974406253521,0.492999999999938
51,"binary","GAM",0.480515512356952,0.230895157615664,81.639
51,"binary","GLM",0.487505796571058,0.237661901690382,0.0609999999999218
51,"binary","KFAS_K120",0.468673157790263,0.219654528833096,34.066
51,"binary","KFAS_K240",0.4687012831269,0.219680892804802,285.726
51,"binary","sdmTMB",0.458312949423976,0.210050759609704,103.649
52,"binary","cf_dglm",0.458046740374315,0.209806816367535,0.396999999999935
52,"binary","GAM",0.478232318058627,0.228706150035728,85.844
52,"binary","GLM",0.487555909578862,0.237710764965271,0.0639999999999645
52,"binary","KFAS_K120",0.469080267104157,0.220036296986507,29.547
52,"binary","KFAS_K240",0.468989471390711,0.219951124275339,284.059
52,"binary","sdmTMB",0.456848453837633,0.208710509773835,110.97
53,"binary","cf_dglm",0.45901336771136,0.210693271737724,0.403999999999996
53,"binary","GAM",0.48023558342334,0.230626215585955,95.97
53,"binary","GLM",0.488049147070237,0.238191969955985,0.0749999999999318
53,"binary","KFAS_K120",0.468873097628866,0.219841981680088,29.3779999999999
53,"binary","KFAS_K240",0.468733366649735,0.219710969010795,269.613
53,"binary","sdmTMB",0.458542273136151,0.210261016252868,155.498
54,"binary","cf_dglm",0.459529130324631,0.211167021616911,0.395999999999958
54,"binary","GAM",0.477959902881501,0.228445668762494,76.981
54,"binary","GLM",0.486155822339696,0.236347483594786,0.0710000000000264
54,"binary","KFAS_K120",0.470225777056931,0.221112281408794,30.181
54,"binary","KFAS_K240",0.469956250019017,0.220858876931936,284.838
54,"binary","sdmTMB",0.458707390080118,0.210412469714114,110.996
55,"binary","cf_dglm",0.458186549714399,0.209934914339186,0.404999999999973
55,"binary","GAM",0.474643887677813,0.225286820109908,76.517
55,"binary","GLM",0.4834827722012,0.233755591015357,0.0710000000000264
55,"binary","KFAS_K120",0.468456397754218,0.219451396596859,30.0500000000001
55,"binary","KFAS_K240",0.468350788532367,0.21935246111889,269.314
55,"binary","sdmTMB",0.456894922227757,0.208752969957508,111.714
56,"binary","cf_dglm",0.456592519839205,0.208476729173114,0.493000000000052
56,"binary","GAM",0.47643849689209,0.226993641320794,82.036
56,"binary","GLM",0.485595143085463,0.235802642988192,0.0659999999999172
56,"binary","KFAS_K120",0.467896115167711,0.218926774589036,31.256
56,"binary","KFAS_K240",0.467311692984883,0.218380218400397,245.95
56,"binary","sdmTMB",0.455231474324068,0.207235695215264,108.786
57,"binary","cf_dglm",0.455962555546452,0.207901852060451,0.379999999999995
57,"binary","GAM",0.474649321747005,0.225291978634892,83.202
57,"binary","GLM",0.48469187313929,0.234926211887274,0.0939999999999372
57,"binary","KFAS_K120",0.467692324197125,0.218736110112909,29.7910000000001
57,"binary","KFAS_K240",0.467528544439085,0.218582939865329,290.479
57,"binary","sdmTMB",0.455663957836718,0.207629642471423,127.191
58,"binary","cf_dglm",0.454769910625581,0.206815671610399,0.490000000000009
58,"binary","GAM",0.475066668273934,0.225688339304896,78.5820000000001
58,"binary","GLM",0.486149285134838,0.236341127437114,0.0630000000001019
58,"binary","KFAS_K120",0.468854512907075,0.219824554273331,29.825
58,"binary","KFAS_K240",0.468544609475687,0.219534051068724,274.389
58,"binary","sdmTMB",0.455765314780735,0.207722022157182,151.159
59,"binary","cf_dglm",0.454694392566135,0.206746990631087,0.435999999999922
59,"binary","GAM",0.476572091976018,0.227120958850398,84.236
59,"binary","GLM",0.483440370139586,0.2337145914807,0.0620000000000118
59,"binary","KFAS_K120",0.466972604530075,0.218063413381602,30.888
59,"binary","KFAS_K240",0.466684493746816,0.217794416703721,283.502
59,"binary","sdmTMB",0.453297001937885,0.205478171965875,124.406
60,"binary","cf_dglm",0.456933036819584,0.208787800137168,0.464999999999918
60,"binary","GAM",0.479380674821725,0.229805831392532,86.152
60,"binary","GLM",0.488042286242116,0.238185273160431,0.0620000000000118
60,"binary","KFAS_K120",0.468372825045368,0.219373103240979,30.892
60,"binary","KFAS_K240",0.468131215775269,0.219146835183232,265.577
60,"binary","sdmTMB",0.455933789149641,0.207875620088349,116.622
61,"binary","cf_dglm",0.454308371723438,0.206396096618002,0.500999999999976
61,"binary","GAM",0.476722558673562,0.227264397948268,75.2720000000002
61,"binary","GLM",0.48141457998958,0.231759997826544,0.0580000000001064
61,"binary","KFAS_K120",0.467244024511948,0.218316978442122,33.3789999999999
61,"binary","KFAS_K240",0.466889097322226,0.217985429198363,288.513
61,"binary","sdmTMB",0.453942078603159,0.206063410726556,110.56
62,"binary","cf_dglm",0.462066645398928,0.213505584790219,0.500999999999976
62,"binary","GAM",0.481732325432726,0.232066033366822,74.088
62,"binary","GLM",0.488235199486491,0.238373610017613,0.0520000000000209
62,"binary","KFAS_K120",0.471891334333816,0.22268143141935,33.3810000000001
62,"binary","KFAS_K240",0.471734397905308,0.222533342167084,286.838
62,"binary","sdmTMB",0.460604237322385,0.212156263439336,101.682
63,"binary","cf_dglm",0.454450242784125,0.206525023166551,0.492000000000189
63,"binary","GAM",0.473256389795475,0.223971610482247,75.025
63,"binary","GLM",0.482164707529325,0.23248280518684,0.0550000000000637
63,"binary","KFAS_K120",0.466702072423933,0.217810824404794,33.001
63,"binary","KFAS_K240",0.466618022801768,0.217732379203431,288.086
63,"binary","sdmTMB",0.452411115293649,0.204675817241244,113.468
64,"binary","cf_dglm",0.456779923366663,0.208647898390854,0.409000000000106
64,"binary","GAM",0.478496289215779,0.22895869879327,62.411
64,"binary","GLM",0.487617597501428,0.237770921393065,0.0539999999999736
64,"binary","KFAS_K120",0.467402517277519,0.218465113157361,33.752
64,"binary","KFAS_K240",0.467616658610915,0.218665339410437,286.044
64,"binary","sdmTMB",0.456411334187223,0.208311305974561,123.88
65,"binary","cf_dglm",0.447506210875844,0.200261808772455,0.435999999999922
65,"binary","GAM",0.4723042309187,0.223071286543705,109.064
65,"binary","GLM",0.482156448887178,0.232474841203494,0.0519999999999072
65,"binary","KFAS_K120",0.463552402991459,0.214880830319156,30.894
65,"binary","KFAS_K240",0.463299756384804,0.214646664266219,269.314
65,"binary","sdmTMB",0.448123248039027,0.200814445433047,112.513
66,"binary","cf_dglm",0.463006792776901,0.214375290157552,0.394999999999982
66,"binary","GAM",0.482506839906601,0.232812850556654,72.991
66,"binary","GLM",0.490574123564351,0.240662970710931,0.0490000000000919
66,"binary","KFAS_K120",0.471571733374365,0.222379899717703,32.844
66,"binary","KFAS_K240",0.471683251202541,0.222485089464999,269.968
66,"binary","sdmTMB",0.461087309761507,0.212601507223104,128.21
67,"binary","cf_dglm",0.460003966764306,0.211603649438897,0.575000000000045
67,"binary","GAM",0.480197211864804,0.230589362282732,83.0600000000001
67,"binary","GLM",0.484789199995384,0.235020568432164,0.05499999999995
67,"binary","KFAS_K120",0.469239850724059,0.220186037507538,31.4649999999999
67,"binary","KFAS_K240",0.46900221664966,0.219963079222295,246.527
67,"binary","sdmTMB",0.458852036601279,0.210545191493141,103.911
68,"binary","cf_dglm",0.458574733174789,0.210290785906329,0.388999999999896
68,"binary","GAM",0.480283455938212,0.230672198047952,107.38
68,"binary","GLM",0.486677314248224,0.236854808203865,0.0529999999999973
68,"binary","KFAS_K120",0.468107554384371,0.219124682471717,30.0329999999999
68,"binary","KFAS_K240",0.467966278954685,0.218992438238694,268.957
68,"binary","sdmTMB",0.45694482289812,0.208798571173395,115.833
69,"binary","cf_dglm",0.460076587866379,0.21167046670277,0.442999999999984
69,"binary","GAM",0.477196298678373,0.227716307472339,74.9600000000002
69,"binary","GLM",0.486509991227086,0.23669197156378,0.0529999999999973
69,"binary","KFAS_K120",0.468652576135691,0.21963523711862,31.3709999999999
69,"binary","KFAS_K240",0.46869745355755,0.219677302971331,280.919
69,"binary","sdmTMB",0.458613161934462,0.210326032299525,98.644
70,"binary","cf_dglm",0.458966018632166,0.210649806259061,0.416999999999916
70,"binary","GAM",0.480024479526868,0.230423500945041,82.2210000000001
70,"binary","GLM",0.487106444941654,0.237272688703696,0.05600000000004
70,"binary","KFAS_K120",0.470678834629423,0.221538565368112,30.5509999999999
70,"binary","KFAS_K240",0.470662689578019,0.221523367360814,269.109
70,"binary","sdmTMB",0.458611865484682,0.21032484316334,115.331
71,"binary","cf_dglm",0.457369664542517,0.209187010043734,0.440000000000055
71,"binary","GAM",0.478575374170948,0.229034388762863,52.329
71,"binary","GLM",0.484392889609051,0.234636471503806,0.06899999999996
71,"binary","KFAS_K120",0.46806881960989,0.219088419890996,33.4770000000001
71,"binary","KFAS_K240",0.467713230035745,0.21875566555047,284.663
71,"binary","sdmTMB",0.456200615346013,0.208119001442081,143.347
72,"binary","cf_dglm",0.460345699553998,0.21191816309786,0.395999999999958
72,"binary","GAM",0.478244922250825,0.228718205658697,72.4839999999999
72,"binary","GLM",0.485634627388079,0.235840991318358,0.05600000000004
72,"binary","KFAS_K120",0.470483685280204,0.221354898114842,30.827
72,"binary","KFAS_K240",0.470179398940227,0.221068667187793,285.654
72,"binary","sdmTMB",0.459448532913163,0.211092954396058,98.896
73,"binary","cf_dglm",0.461568849493437,0.213045802822695,0.423999999999978
73,"binary","GAM",0.48061867907143,0.230994314672366,73.866
73,"binary","GLM",0.487118081075409,0.237284024910589,0.0579999999999927
73,"binary","KFAS_K120",0.470551711787533,0.221418913466177,30.643
73,"binary","KFAS_K240",0.470613705225699,0.221477259546261,268.519
73,"binary","sdmTMB",0.459838562008989,0.211451503110494,121.201
74,"binary","cf_dglm",0.461871720729289,0.213325486409434,0.413999999999987
74,"binary","GAM",0.478174920787727,0.228651254870349,72.27
74,"binary","GLM",0.485993914515598,0.236190084946195,0.0589999999999691
74,"binary","KFAS_K120",0.471270671309709,0.222096045636704,30.6099999999999
74,"binary","KFAS_K240",0.47092900571052,0.221774128419498,283.746
74,"binary","sdmTMB",0.46076804054991,0.212307187192204,157.307
75,"binary","cf_dglm",0.455177686519015,0.207186726304803,0.482999999999947
75,"binary","GAM",0.479216033062526,0.229648006344184,89.115
75,"binary","GLM",0.487119373618985,0.237285284154952,0.0779999999999745
75,"binary","KFAS_K120",0.467341113411918,0.218407716285091,30.0749999999998
75,"binary","KFAS_K240",0.467064470513767,0.218149219616306,269.008
75,"binary","sdmTMB",0.45419281702251,0.206291115034844,109.385
76,"binary","cf_dglm",0.456667688164083,0.208545377413128,0.394000000000005
76,"binary","GAM",0.479314123368,0.229742028860034,106.243
76,"binary","GLM",0.484788633149852,0.235020018831301,0.0609999999999218
76,"binary","KFAS_K120",0.466431664728286,0.2175584978612,29.8720000000001
76,"binary","KFAS_K240",0.46623144493421,0.217371760245441,277.797
76,"binary","sdmTMB",0.456346758930464,0.208252364386339,122.001
77,"binary","cf_dglm",0.456995207984133,0.208844620120461,0.425999999999931
77,"binary","GAM",0.478860832563966,0.229307696963854,80.5
77,"binary","GLM",0.485596437345868,0.235803899962999,0.0620000000001255
77,"binary","KFAS_K120",0.469160522714425,0.220111596073672,30.248
77,"binary","KFAS_K240",0.468915421419865,0.21988167244537,284.441
77,"binary","sdmTMB",0.455345973548958,0.207339955627248,103.497
78,"binary","cf_dglm",0.458657077960001,0.210366315162807,0.413999999999987
78,"binary","GAM",0.483514906057009,0.233786664379318,72.4680000000001
78,"binary","GLM",0.490715920432259,0.240802114565679,0.0650000000000546
78,"binary","KFAS_K120",0.468151573683141,0.219165895942001,30.4200000000001
78,"binary","KFAS_K240",0.468293603294967,0.219298898886984,269.807
78,"binary","sdmTMB",0.458143844629259,0.209895782371678,111.445
79,"binary","cf_dglm",0.455345924005606,0.207339910508519,0.420000000000073
79,"binary","GAM",0.476958206507182,0.227489130754548,59.828
79,"binary","GLM",0.484926512903863,0.235153722917101,0.0699999999999363
79,"binary","KFAS_K120",0.467186334261267,0.218263070920481,30.9370000000001
79,"binary","KFAS_K240",0.467130085974653,0.218210517222687,280.62
79,"binary","sdmTMB",0.454901943542353,0.20693577823861,116.301
80,"binary","cf_dglm",0.454724153314928,0.206774055607978,0.396999999999935
80,"binary","GAM",0.476378813396055,0.226936773852633,80.6689999999999
80,"binary","GLM",0.484507055822167,0.234747087141464,0.0679999999999836
80,"binary","KFAS_K120",0.466702225651742,0.21781096742829,29.586
80,"binary","KFAS_K240",0.466479147972868,0.217602795493493,283.602
80,"binary","sdmTMB",0.454127809639079,0.206232067487587,114.225
81,"binary","cf_dglm",0.460091433894471,0.211684127543071,0.454999999999927
81,"binary","GAM",0.481128357991138,0.231484496863248,51.626
81,"binary","GLM",0.486773285951178,0.236948231915707,0.0709999999999127
81,"binary","KFAS_K120",0.470166506636146,0.221056543962437,31.586
81,"binary","KFAS_K240",0.469812286117561,0.220723584187009,268.725
81,"binary","sdmTMB",0.458591923049899,0.210306551886605,107.757
82,"binary","cf_dglm",0.455514563569222,0.207493517623658,0.395999999999958
82,"binary","GAM",0.476656421137528,0.227201343811636,93.854
82,"binary","GLM",0.484084889885457,0.234338180615415,0.0640000000000782
82,"binary","KFAS_K120",0.46740030881113,0.21846304867674,29.3510000000001
82,"binary","KFAS_K240",0.467072197164207,0.2181564373638,281
82,"binary","sdmTMB",0.455526477790966,0.207504371968643,94.146
83,"binary","cf_dglm",0.459846107880495,0.21145844293284,0.439999999999827
83,"binary","GAM",0.482610222261262,0.232912626631065,90.5360000000001
83,"binary","GLM",0.486995356805391,0.23716447755001,0.0670000000000073
83,"binary","KFAS_K120",0.471106400410366,0.221941240507612,31.095
83,"binary","KFAS_K240",0.470854099065405,0.221703582606695,288.549
83,"binary","sdmTMB",0.458774600822524,0.210474134359866,129.146
84,"binary","cf_dglm",0.455243151012946,0.207246326544196,0.469000000000051
84,"binary","GAM",0.476967575001169,0.227498067602496,84.424
84,"binary","GLM",0.488001102044748,0.238145075596889,0.0769999999999982
84,"binary","KFAS_K120",0.466400117336292,0.217529069451307,31.124
84,"binary","KFAS_K240",0.466190575244347,0.217333652446655,246.162
84,"binary","sdmTMB",0.4542768718517,0.206367476299366,95.933
85,"binary","cf_dglm",0.455504062822143,0.207483951247479,0.528999999999996
85,"binary","GAM",0.473685613280589,0.224378060229007,106.445
85,"binary","GLM",0.483031057527864,0.233319002536486,0.0660000000000309
85,"binary","KFAS_K120",0.467605947478408,0.21865532211718,31.115
85,"binary","KFAS_K240",0.467337359564969,0.218404207645157,281.957
85,"binary","sdmTMB",0.454320898270182,0.206407478605025,100.504
86,"binary","cf_dglm",0.460057533058363,0.211652933723747,0.510999999999967
86,"binary","GAM",0.477292047533975,0.227807698639174,85.075
86,"binary","GLM",0.485094666319694,0.235316835291815,0.0710000000001401
86,"binary","KFAS_K120",0.468654224583605,0.21963678222006,30.4169999999999
86,"binary","KFAS_K240",0.468820363959956,0.219792533663545,281.701
86,"binary","sdmTMB",0.457896056259293,0.209668798337813,105.385
87,"binary","cf_dglm",0.465329216237365,0.21653127948408,0.447000000000116
87,"binary","GAM",0.478691811220851,0.229145850129898,117.97
87,"binary","GLM",0.487034379769311,0.237202487077278,0.0589999999999691
87,"binary","KFAS_K120",0.472017281235503,0.222800313784956,29.281
87,"binary","KFAS_K240",0.471941078747343,0.222728381809206,282.564
87,"binary","sdmTMB",0.461127493071477,0.212638564866385,151.696
88,"binary","cf_dglm",0.459204453319758,0.210868729948698,0.509000000000015
88,"binary","GAM",0.481997741161519,0.232321822484807,112.15
88,"binary","GLM",0.487470270351271,0.237627264476341,0.0750000000000455
88,"binary","KFAS_K120",0.469207899171834,0.220156052645246,31.048
88,"binary","KFAS_K240",0.469110560809275,0.220064718262793,282.694
88,"binary","sdmTMB",0.457513423327564,0.209318532524907,102.818
89,"binary","cf_dglm",0.458336270315696,0.210072136686903,0.420000000000073
89,"binary","GAM",0.475906019673173,0.226486539561162,88.0959999999998
89,"binary","GLM",0.485947149409972,0.236144632019678,0.0769999999999982
89,"binary","KFAS_K120",0.469465702594038,0.220398045912114,30.963
89,"binary","KFAS_K240",0.469242744092036,0.220188752883024,268.974
89,"binary","sdmTMB",0.456995542403371,0.208844925776552,100.132
90,"binary","cf_dglm",0.454598403261405,0.206659708247819,0.458000000000084
90,"binary","GAM",0.471164080473411,0.221995590728355,77.0229999999999
90,"binary","GLM",0.480491845115807,0.230872413222793,0.05600000000004
90,"binary","KFAS_K120",0.464747604247184,0.215990335653497,31.0330000000001
90,"binary","KFAS_K240",0.464664484627852,0.215913083274467,245.897
90,"binary","sdmTMB",0.452779309151699,0.20500910279589,124.398
91,"binary","cf_dglm",0.461215262248943,0.212719518131361,0.408000000000129
91,"binary","GAM",0.479915730905185,0.230319108770258,94.057
91,"binary","GLM",0.485349281290581,0.235563924849283,0.0609999999999218
91,"binary","KFAS_K120",0.469017009482899,0.219976955184281,27.5
91,"binary","KFAS_K240",0.468611412714101,0.219596656125906,219.957
91,"binary","sdmTMB",0.46026994101084,0.211848418598122,119.448
92,"binary","cf_dglm",0.463079591659543,0.21444270821157,0.412000000000035
92,"binary","GAM",0.480913570035249,0.231277861844048,54.3810000000001
92,"binary","GLM",0.486997322838274,0.237166392451647,0.0509999999999309
92,"binary","KFAS_K120",0.47030268898309,0.221184619264725,27.508
92,"binary","KFAS_K240",0.469984051995598,0.2208850091302,231.54
92,"binary","sdmTMB",0.460934898498719,0.212460980654024,114.799
93,"binary","cf_dglm",0.456139015948954,0.20806280187088,0.403999999999996
93,"binary","GAM",0.477246956561509,0.227764657547223,93.212
93,"binary","GLM",0.487920775399863,0.238066683066803,0.0510000000001583
93,"binary","KFAS_K120",0.469018489456911,0.219978343452443,26.943
93,"binary","KFAS_K240",0.468946359396864,0.219910687991573,253.441
93,"binary","sdmTMB",0.455259108822916,0.207260856166235,105.668
94,"binary","cf_dglm",0.459985751042197,0.211586891161854,0.40300000000002
94,"binary","GAM",0.483179249298917,0.233462186953065,84.7630000000001
94,"binary","GLM",0.490519579592347,0.240609457963452,0.053000000000111
94,"binary","KFAS_K120",0.46984261893983,0.220752086572238,27.498
94,"binary","KFAS_K240",0.469940112452577,0.220843709291941,239.997
94,"binary","sdmTMB",0.458607977531032,0.210321277055104,97.607
95,"binary","cf_dglm",0.460467519039364,0.212030336090267,0.395999999999958
95,"binary","GAM",0.477799435548123,0.228292300610105,79.9860000000001
95,"binary","GLM",0.486647332771991,0.236825626494093,0.0570000000000164
95,"binary","KFAS_K120",0.469339553211149,0.220279616208441,27.6769999999999
95,"binary","KFAS_K240",0.469058261284543,0.220015652479279,219.779
95,"binary","sdmTMB",0.45908515671175,0.210759181113052,116.592
96,"binary","cf_dglm",0.457778822183474,0.209561450039689,0.375999999999976
96,"binary","GAM",0.475399834176226,0.226005002334783,79.1650000000002
96,"binary","GLM",0.484338556727763,0.234583837533132,0.0509999999999309
96,"binary","KFAS_K120",0.467329424931896,0.218396791407177,27.4879999999998
96,"binary","KFAS_K240",0.467319680807868,0.218387684070367,251.564
96,"binary","sdmTMB",0.456269396609824,0.208181762282693,100.892
97,"binary","cf_dglm",0.45525755085325,0.207259437608899,0.409999999999854
97,"binary","GAM",0.480720930897895,0.231092613403338,70.7159999999999
97,"binary","GLM",0.486093657501375,0.236287043863064,0.0529999999998836
97,"binary","KFAS_K120",0.467698408419344,0.218741801237988,27.3799999999999
97,"binary","KFAS_K240",0.46745875214063,0.218517684952875,253.038
97,"binary","sdmTMB",0.454371748234156,0.206453685593363,115.55
98,"binary","cf_dglm",0.463009318972368,0.214377629455256,0.391000000000076
98,"binary","GAM",0.483806789003835,0.234069009086201,77.529
98,"binary","GLM",0.490057378722749,0.240156234440612,0.05600000000004
98,"binary","KFAS_K120",0.471964707066702,0.222750684716557,27.53
98,"binary","KFAS_K240",0.471937875385312,0.222725358223202,239.943
98,"binary","sdmTMB",0.462583337414424,0.213983344053466,113.091
99,"binary","cf_dglm",0.453858756753004,0.205987771081382,0.400000000000091
99,"binary","GAM",0.473785252039054,0.22447246504971,78.4559999999999
99,"binary","GLM",0.484312584902219,0.234558679894669,0.0550000000000637
99,"binary","KFAS_K120",0.465025739673429,0.21624893855882,27.2829999999999
99,"binary","KFAS_K240",0.464623724162373,0.215875205054513,219.837
99,"binary","sdmTMB",0.45183494649273,0.204154818872088,107.882
100,"binary","cf_dglm",0.452163411280479,0.204451750500799,0.444000000000187
100,"binary","GAM",0.471742924471558,0.222541386788978,95.894
100,"binary","GLM",0.48165095792509,0.231987645270157,0.0519999999999072
100,"binary","KFAS_K120",0.465541852115543,0.21672921607117,27.521
100,"binary","KFAS_K240",0.465438652467416,0.216633139210684,239.375
100,"binary","sdmTMB",0.45063372982646,0.203070758457307,85.425
