"seed","family","method","rmse","crps","time"
1,"gaussian","GLM",1.16182109291526,0.653047538626306,0.0109999999999999
1,"gaussian","GAM",1.00483653156005,0.566045656944574,36.584
1,"gaussian","cf_dglm",0.583150288680685,0.339700630959538,1.274
1,"gaussian","KFAS_K120",0.584688080189646,0.332992949857448,35.074
1,"gaussian","KFAS_K240",0.589863599609497,0.337028343778509,258.163
1,"gaussian","sdmTMB",0.583523071709463,0.333952899822386,113.792
2,"gaussian","GLM",1.16876063179642,0.659178637348414,0.0099999999999999
2,"gaussian","GAM",1.05669220274564,0.593838946971494,38.405
2,"gaussian","cf_dglm",0.57897512455087,0.339551324500559,1.279
2,"gaussian","KFAS_K120",0.581830636951271,0.331156997675192,36.023
2,"gaussian","KFAS_K240",0.586718086090364,0.335895355848655,258.799
2,"gaussian","sdmTMB",0.57882787598962,0.331069740927199,123.165
3,"gaussian","GLM",1.1409059880325,0.644668445798746,0.0109999999999999
3,"gaussian","GAM",1.02817548455867,0.58055611850256,45.066
3,"gaussian","cf_dglm",0.587585896019261,0.342098243884621,1.035
3,"gaussian","KFAS_K120",0.590351876702022,0.33636172227735,33.204
3,"gaussian","KFAS_K240",0.595057447699481,0.341056807751861,257.607
3,"gaussian","sdmTMB",0.587926268980435,0.337096865226663,121.513
4,"gaussian","GLM",1.16354756623257,0.654993265472162,0.01
4,"gaussian","GAM",1.03858032337783,0.584460935725141,45.167
4,"gaussian","cf_dglm",0.582742709885148,0.343801947662474,1.048
4,"gaussian","KFAS_K120",0.591256766190543,0.337462731154589,32.799
4,"gaussian","KFAS_K240",0.597159347918622,0.342821642477639,257.475
4,"gaussian","sdmTMB",0.582994060078051,0.335066072762973,149.976
5,"gaussian","GLM",1.13665806327692,0.641155515390369,0.011
5,"gaussian","GAM",0.996409463503751,0.561480944933443,37.774
5,"gaussian","cf_dglm",0.573816153822129,0.332418782845723,1.324
5,"gaussian","KFAS_K120",0.579297949948337,0.330572118870558,36.176
5,"gaussian","KFAS_K240",0.584998963757066,0.335498530377544,258.196
5,"gaussian","sdmTMB",0.578501425007118,0.331924396280221,122.939
6,"gaussian","GLM",1.16755022980077,0.658405316293798,0.012
6,"gaussian","GAM",0.985752847673626,0.556494683692635,44.163
6,"gaussian","cf_dglm",0.582015612194019,0.33910261420195,1.174
6,"gaussian","KFAS_K120",0.588507252337987,0.334874931031239,34.724
6,"gaussian","KFAS_K240",0.592676891830125,0.338596605859207,258.444
6,"gaussian","sdmTMB",0.585538472506519,0.33503665085127,110.001
7,"gaussian","GLM",1.15229588972209,0.645244551803441,0.011
7,"gaussian","GAM",1.03776203057563,0.583111387632779,44.334
7,"gaussian","cf_dglm",0.586353943476608,0.339898679006007,1.042
7,"gaussian","KFAS_K120",0.590870034658914,0.336465072770426,32.895
7,"gaussian","KFAS_K240",0.598791077980062,0.342700287917185,258.007
7,"gaussian","sdmTMB",0.586501765198156,0.335928900044748,108.782
8,"gaussian","GLM",1.15845556186814,0.655597554205273,0.011
8,"gaussian","GAM",1.06827683585011,0.603712501978026,38.487
8,"gaussian","cf_dglm",0.577456149139698,0.335323239142893,1.27200000000001
8,"gaussian","KFAS_K120",0.585162054504842,0.334573716761012,35.587
8,"gaussian","KFAS_K240",0.589552246708977,0.33883580663964,257.689
8,"gaussian","sdmTMB",0.580540440135952,0.333378677021482,119.2
9,"gaussian","GLM",1.16622303742126,0.655662508006133,0.011
9,"gaussian","GAM",1.03080693634315,0.581309732408645,38.409
9,"gaussian","cf_dglm",0.583077265928955,0.338520692131298,1.299
9,"gaussian","KFAS_K120",0.589321591450839,0.335078119007418,35.375
9,"gaussian","KFAS_K240",0.596217678064135,0.340648442969171,258.332
9,"gaussian","sdmTMB",0.584141877822975,0.33423470888649,113.007
10,"gaussian","GLM",1.14557918564521,0.646749452207152,0.01
10,"gaussian","GAM",1.03233429734546,0.582302848297866,44.338
10,"gaussian","cf_dglm",0.59346365650721,0.348607192505763,1.423
10,"gaussian","KFAS_K120",0.5993630682713,0.342812967481288,32.264
10,"gaussian","KFAS_K240",0.605461132024939,0.348265488339374,257.938
10,"gaussian","sdmTMB",0.596740579949803,0.34425459721358,149.893
11,"gaussian","GLM",1.12188997517014,0.629405038834658,0.00900000000000001
11,"gaussian","GAM",1.00739598807687,0.566136169737683,38.438
11,"gaussian","cf_dglm",0.579723482209107,0.335029076617859,1.187
11,"gaussian","KFAS_K120",0.584788925736313,0.332897023417943,35.805
11,"gaussian","KFAS_K240",0.589795165667519,0.337205468855092,259.026
11,"gaussian","sdmTMB",0.580998479759216,0.332603087977053,137.033
12,"gaussian","GLM",1.14172293057782,0.644262056307943,0.01
12,"gaussian","GAM",1.03009351228644,0.580922617314064,45.1
12,"gaussian","cf_dglm",0.580579389137183,0.337236166195886,1.049
12,"gaussian","KFAS_K120",0.586412838813235,0.334213746999146,32.406
12,"gaussian","KFAS_K240",0.592362776347108,0.339286671075879,258.212
12,"gaussian","sdmTMB",0.582929253404081,0.334302298936101,114.674
13,"gaussian","GLM",1.14529568814431,0.647885616342212,0.01
13,"gaussian","GAM",1.0224146201267,0.577593696261567,45.116
13,"gaussian","cf_dglm",0.575975832920875,0.337116072210949,1.19
13,"gaussian","KFAS_K120",0.584635904055633,0.334246504693056,32.075
13,"gaussian","KFAS_K240",0.595455822353668,0.342167577459423,257.731
13,"gaussian","sdmTMB",0.58024697563549,0.33391717628178,141.528
14,"gaussian","GLM",1.08533500897531,0.612508113726717,0.01
14,"gaussian","GAM",0.952997974913094,0.538338340376048,44.296
14,"gaussian","cf_dglm",0.57696890187866,0.339112970708092,1.075
14,"gaussian","KFAS_K120",0.581094904233507,0.332116191951553,34.797
14,"gaussian","KFAS_K240",0.586206142590075,0.336743851246336,257.675
14,"gaussian","sdmTMB",0.57835062385302,0.332193554184496,120.474
15,"gaussian","GLM",1.11659992032952,0.633919910580386,0.01
15,"gaussian","GAM",1.00209571919706,0.56512195798074,44.425
15,"gaussian","cf_dglm",0.57490265810744,0.334141296627549,1.163
15,"gaussian","KFAS_K120",0.582081940903647,0.33109946510577,32.33
15,"gaussian","KFAS_K240",0.588604913151431,0.336292518642174,257.619
15,"gaussian","sdmTMB",0.577291201082887,0.329991363082544,110.289
16,"gaussian","GLM",1.13055940965558,0.637639832133072,0.01
16,"gaussian","GAM",1.00560206201347,0.565398736722657,38.442
16,"gaussian","cf_dglm",0.587191196860474,0.340112187194293,1.307
16,"gaussian","KFAS_K120",0.590535351930207,0.336658021587763,35.466
16,"gaussian","KFAS_K240",0.594223106606201,0.340150993130203,259.084
16,"gaussian","sdmTMB",0.5890173089817,0.337924023426056,128.687
17,"gaussian","GLM",1.15405174893947,0.64741406647581,0.00900000000000001
17,"gaussian","GAM",1.02003447478658,0.573977956328685,37.903
17,"gaussian","cf_dglm",0.602828368657215,0.353939684956937,1.351
17,"gaussian","KFAS_K120",0.605284302817143,0.347620485464681,35.61
17,"gaussian","KFAS_K240",0.613520834442938,0.354291544540439,258.377
17,"gaussian","sdmTMB",0.601421659673975,0.347882687962263,121.141
18,"gaussian","GLM",1.14024505763984,0.643192913661788,0.00900000000000001
18,"gaussian","GAM",1.03553407325317,0.584037099266983,45.347
18,"gaussian","cf_dglm",0.588900430093617,0.342767086919009,1.107
18,"gaussian","KFAS_K120",0.591003421407319,0.337012989904627,32.545
18,"gaussian","KFAS_K240",0.596217615171788,0.341571631627445,258.789
18,"gaussian","sdmTMB",0.584959382380782,0.335864911293072,123.62
19,"gaussian","GLM",1.09138619838158,0.618195867336031,0.00900000000001455
19,"gaussian","GAM",0.989897129232862,0.558798969601848,35.331
19,"gaussian","cf_dglm",0.574212225083368,0.334707095530233,1.18700000000001
19,"gaussian","KFAS_K120",0.575856527304107,0.327628330109424,35.876
19,"gaussian","KFAS_K240",0.580029303850564,0.331462258130543,257.464
19,"gaussian","sdmTMB",0.577612555079772,0.330505140065184,131.075
20,"gaussian","GLM",1.10412429455176,0.623693173967138,0.00900000000001455
20,"gaussian","GAM",0.986342727751903,0.555809307134893,36.823
20,"gaussian","cf_dglm",0.572761999701072,0.33176205856488,1.214
20,"gaussian","KFAS_K120",0.576815319786118,0.328230365837571,35.927
20,"gaussian","KFAS_K240",0.581945758097159,0.332490145671431,266.81
20,"gaussian","sdmTMB",0.571218628790546,0.326956304360792,146.763
21,"gaussian","GLM",1.1426663947424,0.645081604926245,0.00899999999995771
21,"gaussian","GAM",1.00545410547077,0.5661370863305,35.836
21,"gaussian","cf_dglm",0.57113322494507,0.333909459734771,1.23099999999999
21,"gaussian","KFAS_K120",0.5763147955026,0.328317428456223,36.268
21,"gaussian","KFAS_K240",0.583432799555671,0.333885611889799,256.804
21,"gaussian","sdmTMB",0.572350682355349,0.328408090324786,113.861
22,"gaussian","GLM",1.12685406448811,0.637334535202458,0.0099999999999909
22,"gaussian","GAM",1.00483043075765,0.568562572654979,46.568
22,"gaussian","cf_dglm",0.578045347588132,0.337148016104188,1.32199999999995
22,"gaussian","KFAS_K120",0.578722633329767,0.328498611850586,36.141
22,"gaussian","KFAS_K240",0.583176490881275,0.332488171040516,256.937
22,"gaussian","sdmTMB",0.578210494908042,0.33025787948787,127.671
23,"gaussian","GLM",1.09477344221305,0.61759559451403,0.00899999999995771
23,"gaussian","GAM",0.966692974546543,0.545474940241335,42.751
23,"gaussian","cf_dglm",0.579856578228863,0.3357815052604,1.125
23,"gaussian","KFAS_K120",0.583514791039798,0.331991463748232,35.374
23,"gaussian","KFAS_K240",0.589699682253996,0.337043268016323,257.754
23,"gaussian","sdmTMB",0.581048740356224,0.333006957285355,134.415
24,"gaussian","GLM",1.14445503747993,0.646906209309267,0.0099999999999909
24,"gaussian","GAM",1.00655825649803,0.567541964158283,42.914
24,"gaussian","cf_dglm",0.587043831264938,0.340655968277209,1.22700000000003
24,"gaussian","KFAS_K120",0.591441473779088,0.33653246494608,33.234
24,"gaussian","KFAS_K240",0.600119611152755,0.342675723662381,258.557
24,"gaussian","sdmTMB",0.587139842419231,0.33690717615065,110.328
25,"gaussian","GLM",1.09589056205248,0.618686058205103,0.00899999999995771
25,"gaussian","GAM",0.976466204429735,0.551372482204348,36.475
25,"gaussian","cf_dglm",0.583102353886131,0.33537504436616,1.06200000000001
25,"gaussian","KFAS_K120",0.586453179614381,0.332803645939854,35.702
25,"gaussian","KFAS_K240",0.591473855166685,0.337099180691716,258.003
25,"gaussian","sdmTMB",0.584693789414706,0.333763542311933,102.181
26,"gaussian","GLM",1.158774449936,0.651716289071855,0.0099999999999909
26,"gaussian","GAM",1.03782427863207,0.582480732090504,44.229
26,"gaussian","cf_dglm",0.572430804458108,0.330180350415612,1.12599999999998
26,"gaussian","KFAS_K120",0.572438535532348,0.325756622020898,34.48
26,"gaussian","KFAS_K240",0.578296802988763,0.330233915468901,263.794
26,"gaussian","sdmTMB",0.575066322049036,0.32873983987502,109.022
27,"gaussian","GLM",1.13028691182599,0.635891236889844,0.00900000000001455
27,"gaussian","GAM",1.01651078376924,0.572796967057836,43.605
27,"gaussian","cf_dglm",0.566218898935717,0.32742267258614,1.05200000000002
27,"gaussian","KFAS_K120",0.56851998061102,0.322457128138944,34.27
27,"gaussian","KFAS_K240",0.57261317201213,0.326008802328782,256.884
27,"gaussian","sdmTMB",0.565802079087648,0.322623883726619,131.776
28,"gaussian","GLM",1.13493173230863,0.636224165863163,0.0149999999999864
28,"gaussian","GAM",1.00881278436044,0.566202059708391,36.213
28,"gaussian","cf_dglm",0.579497368175828,0.341501863239847,1.19900000000001
28,"gaussian","KFAS_K120",0.581868728562577,0.332857468780066,32.7819999999999
28,"gaussian","KFAS_K240",0.585899736577278,0.336772086886111,255.681
28,"gaussian","sdmTMB",0.581192987269664,0.334014557197467,118.484
29,"gaussian","GLM",1.10590247543078,0.624455827556816,0.0129999999999768
29,"gaussian","GAM",0.957401915709225,0.540634258005531,43.415
29,"gaussian","cf_dglm",0.582489909557207,0.340083721166216,1.09399999999999
29,"gaussian","KFAS_K120",0.585480080012515,0.334833316236028,33.9189999999999
29,"gaussian","KFAS_K240",0.589583091577776,0.338777837156469,256.852
29,"gaussian","sdmTMB",0.582677815430528,0.335423876298944,134.568
30,"gaussian","GLM",1.1181428554318,0.632288797220057,0.00900000000001455
30,"gaussian","GAM",1.0005734726575,0.564947806054005,43.726
30,"gaussian","cf_dglm",0.579334242883145,0.33545858109322,1.01000000000005
30,"gaussian","KFAS_K120",0.586153627599395,0.334018671395264,34.917
30,"gaussian","KFAS_K240",0.590548659742176,0.338407056912733,258.086
30,"gaussian","sdmTMB",0.583752389229104,0.334162018012582,108.011
31,"gaussian","GLM",1.10312441998659,0.623294209292318,0.0099999999999909
31,"gaussian","GAM",0.983542347614234,0.556376123403999,39.043
31,"gaussian","cf_dglm",0.591435803096674,0.343957475325161,1.03800000000001
31,"gaussian","KFAS_K120",0.598755210891416,0.341656892452757,34.883
31,"gaussian","KFAS_K240",0.606191676176714,0.347685387557484,256.766
31,"gaussian","sdmTMB",0.59310654800457,0.34079555535374,122.916
32,"gaussian","GLM",1.13395190171326,0.637159973718368,0.00900000000001455
32,"gaussian","GAM",1.03682335708901,0.584870899712192,43.27
32,"gaussian","cf_dglm",0.581566221852749,0.339439726911483,1.23000000000002
32,"gaussian","KFAS_K120",0.589170776623922,0.335435293623036,33.206
32,"gaussian","KFAS_K240",0.597249351511722,0.341575678374435,256.527
32,"gaussian","sdmTMB",0.583530501760074,0.335051227257919,157.821
33,"gaussian","GLM",1.09177009832018,0.616361252554743,0.00899999999995771
33,"gaussian","GAM",0.988942677614631,0.557526106809852,37.45
33,"gaussian","cf_dglm",0.596669878153528,0.346755101167393,1.01000000000005
33,"gaussian","KFAS_K120",0.59884721238868,0.34164304844067,31.994
33,"gaussian","KFAS_K240",0.601619528058187,0.344951918818979,255.684
33,"gaussian","sdmTMB",0.598237242700837,0.343677967486347,145.243
34,"gaussian","GLM",1.15975187163799,0.653254348164384,0.0169999999999959
34,"gaussian","GAM",1.07319203693303,0.60439536474961,35.852
34,"gaussian","cf_dglm",0.580163786676346,0.33866764519508,0.999000000000024
34,"gaussian","KFAS_K120",0.580060099292462,0.330678569472747,33.7769999999999
34,"gaussian","KFAS_K240",0.583974128667369,0.334497661507462,254.858
34,"gaussian","sdmTMB",0.581956486692933,0.334192055311801,104.918
35,"gaussian","GLM",1.13936174859945,0.642573003288911,0.00900000000001455
35,"gaussian","GAM",1.01766267506335,0.574497331683928,38.9400000000001
35,"gaussian","cf_dglm",0.569470225577472,0.331994187515265,1.19600000000003
35,"gaussian","KFAS_K120",0.576999487107139,0.328143278296701,33.593
35,"gaussian","KFAS_K240",0.584214995843402,0.333601947090001,253.602
35,"gaussian","sdmTMB",0.57289461557561,0.327275044251431,115.973
36,"gaussian","GLM",1.10367095778112,0.622643931681552,0.0219999999999914
36,"gaussian","GAM",0.988886153584568,0.557677546272562,40.164
36,"gaussian","cf_dglm",0.584213919705014,0.338973922200312,0.948999999999955
36,"gaussian","KFAS_K120",0.584017418212312,0.332953996061599,31.997
36,"gaussian","KFAS_K240",0.587904304150207,0.33646381445126,254.182
36,"gaussian","sdmTMB",0.581765894457977,0.334692982816395,142.221
37,"gaussian","GLM",1.15413835953808,0.651437084929982,0.00900000000001455
37,"gaussian","GAM",1.00068852231883,0.566411820846474,41.813
37,"gaussian","cf_dglm",0.591627799027631,0.346526905554398,1.03700000000003
37,"gaussian","KFAS_K120",0.598737516289003,0.341915294964742,35.745
37,"gaussian","KFAS_K240",0.602377611098398,0.345518976389411,254.563
37,"gaussian","sdmTMB",0.596265620704397,0.342531649098505,140.521
38,"gaussian","GLM",1.17478335831001,0.662247820680153,0.00900000000001455
38,"gaussian","GAM",1.06515201142405,0.601060933427486,40.984
38,"gaussian","cf_dglm",0.590710644252889,0.344369040788139,0.995000000000005
38,"gaussian","KFAS_K120",0.594857635461115,0.339830153082828,35.259
38,"gaussian","KFAS_K240",0.601785327253039,0.345659123313148,255.373
38,"gaussian","sdmTMB",0.591701922334353,0.340926185019999,139.192
39,"gaussian","GLM",1.14469254982031,0.644460172251643,0.00899999999990087
39,"gaussian","GAM",1.0290609059681,0.579465133293309,41.824
39,"gaussian","cf_dglm",0.596203303075088,0.344937422191797,0.97300000000007
39,"gaussian","KFAS_K120",0.59750139069021,0.341037233835828,32.9349999999999
39,"gaussian","KFAS_K240",0.60103675826628,0.344659809629438,253.964
39,"gaussian","sdmTMB",0.594582073622024,0.341213376405673,105.375
40,"gaussian","GLM",1.14910514564488,0.648760238711593,0.0199999999999818
40,"gaussian","GAM",0.984481016651565,0.553267339152822,40.873
40,"gaussian","cf_dglm",0.581268348486732,0.336736342715543,1.00999999999999
40,"gaussian","KFAS_K120",0.584282865558036,0.333104268368502,33.064
40,"gaussian","KFAS_K240",0.590838987741572,0.338671135338612,254.077
40,"gaussian","sdmTMB",0.57916605489985,0.331804871117285,104.851
41,"gaussian","GLM",1.08507453119181,0.612073113230844,0.01400000000001
41,"gaussian","GAM",0.970835402204987,0.547268045810026,33.4069999999999
41,"gaussian","cf_dglm",0.600600447989912,0.350035399894553,1.029
41,"gaussian","KFAS_K120",0.602795940676069,0.343809311686605,33.9609999999999
41,"gaussian","KFAS_K240",0.608185799222831,0.348508686964175,253.225
41,"gaussian","sdmTMB",0.598127605661238,0.343326439774834,120.893
42,"gaussian","GLM",1.13291612053419,0.637206178144682,0.0109999999999673
42,"gaussian","GAM",1.03494626309262,0.583468822582377,44.779
42,"gaussian","cf_dglm",0.57579890265391,0.33368689856099,1.24799999999993
42,"gaussian","KFAS_K120",0.579414294271258,0.329790051880809,34.0939999999999
42,"gaussian","KFAS_K240",0.583133405433929,0.333277055732882,254.066
42,"gaussian","sdmTMB",0.577642862442982,0.330253662371017,123.175
43,"gaussian","GLM",1.14193933557313,0.64451882566771,0.0099999999999909
43,"gaussian","GAM",1.00048372889838,0.564774862551934,44.739
43,"gaussian","cf_dglm",0.584537050378182,0.340345339170521,1.99200000000008
43,"gaussian","KFAS_K120",0.587388568278433,0.334227425010811,33.851
43,"gaussian","KFAS_K240",0.590290089880276,0.337439972618535,254.092
43,"gaussian","sdmTMB",0.588405641188206,0.337313669250339,98.4469999999999
44,"gaussian","GLM",1.10716948839722,0.623587154027134,0.0099999999999909
44,"gaussian","GAM",0.991325998108462,0.55952314496673,42.432
44,"gaussian","cf_dglm",0.577425784236029,0.335963062031471,0.91700000000003
44,"gaussian","KFAS_K120",0.586744891103666,0.334326538817181,32.5129999999999
44,"gaussian","KFAS_K240",0.58830073921623,0.336644780752715,253.156
44,"gaussian","sdmTMB",0.581887006448903,0.333139083545954,110.082
45,"gaussian","GLM",1.11703429766194,0.629753089625665,0.01400000000001
45,"gaussian","GAM",0.988919879444885,0.556683242093524,33.2719999999999
45,"gaussian","cf_dglm",0.580799359643768,0.336490744138942,1.04200000000003
45,"gaussian","KFAS_K120",0.584922067777234,0.33335410198719,31.937
45,"gaussian","KFAS_K240",0.590770781474831,0.338109922578082,254.094
45,"gaussian","sdmTMB",0.580675098130766,0.332951363223358,126.002
46,"gaussian","GLM",1.13751464606508,0.644440790996729,0.0149999999999864
46,"gaussian","GAM",1.02698218280355,0.579318748658638,40.2380000000001
46,"gaussian","cf_dglm",0.589565418979696,0.343741504256207,1.00900000000001
46,"gaussian","KFAS_K120",0.595237050661015,0.340547733276932,32.351
46,"gaussian","KFAS_K240",0.599885218320318,0.344833151001475,253.895
46,"gaussian","sdmTMB",0.58891289179256,0.338614409197701,111.051
47,"gaussian","GLM",1.19498841534336,0.674717798161212,0.0150000000001
47,"gaussian","GAM",1.05340363410315,0.594921802281957,52.074
47,"gaussian","cf_dglm",0.592740459049441,0.343181823227289,1.03600000000006
47,"gaussian","KFAS_K120",0.595391479991623,0.33943757473455,34.217
47,"gaussian","KFAS_K240",0.599320143144616,0.343536200582272,253.237
47,"gaussian","sdmTMB",0.597462104208849,0.342446443522213,88.222
48,"gaussian","GLM",1.10451018734311,0.624423918850555,0.0149999999999864
48,"gaussian","GAM",0.964875513884213,0.545736618230518,39.826
48,"gaussian","cf_dglm",0.583250451597576,0.33824934421107,0.962999999999965
48,"gaussian","KFAS_K120",0.586477605694338,0.332499922430075,32.027
48,"gaussian","KFAS_K240",0.591651993746469,0.336924293465045,251.209
48,"gaussian","sdmTMB",0.584395498416856,0.333431588336628,109.573
49,"gaussian","GLM",1.18151148540484,0.666956995529078,0.00900000000001455
49,"gaussian","GAM",1.05876887638232,0.59756819907307,45.109
49,"gaussian","cf_dglm",0.578610110611835,0.335229483407402,1.11299999999994
49,"gaussian","KFAS_K120",0.578672195096924,0.330028905419724,33.8470000000001
49,"gaussian","KFAS_K240",0.58397298020923,0.334320794705002,252.386
49,"gaussian","sdmTMB",0.576201006424329,0.330708005030897,145.779
50,"gaussian","GLM",1.13402167348202,0.639885744197437,0.0099999999999909
50,"gaussian","GAM",0.992623479634163,0.559792391800341,39.211
50,"gaussian","cf_dglm",0.575601009090581,0.335575930437017,0.956000000000017
50,"gaussian","KFAS_K120",0.584845970275271,0.332699483364647,33.9929999999999
50,"gaussian","KFAS_K240",0.590713658592707,0.33729406169362,252.565
50,"gaussian","sdmTMB",0.58035199360009,0.332873049527743,144.773
51,"gaussian","GLM",1.12828590295686,0.637016646947849,0.01400000000001
51,"gaussian","GAM",1.04226309156864,0.589832006372227,38.362
51,"gaussian","cf_dglm",0.605325057307491,0.353482546147713,1.16000000000008
51,"gaussian","KFAS_K120",0.61035993190183,0.349346188334053,33.14
51,"gaussian","KFAS_K240",0.615578021512874,0.353948787418316,251.009
51,"gaussian","sdmTMB",0.605023541849031,0.348205790345678,96.1450000000002
52,"gaussian","GLM",1.10598010948462,0.621369488033055,0.0159999999999627
52,"gaussian","GAM",0.98297733790789,0.55390474043028,37.6609999999999
52,"gaussian","cf_dglm",0.585447833752708,0.341758142062742,1.14499999999998
52,"gaussian","KFAS_K120",0.586555180078423,0.334683975418966,34.044
52,"gaussian","KFAS_K240",0.592422038432106,0.339446909825275,251.758
52,"gaussian","sdmTMB",0.584264313366062,0.334796338920377,121.978
53,"gaussian","GLM",1.13359840026109,0.641841045838262,0.01400000000001
53,"gaussian","GAM",1.02579002773649,0.580621670187328,43.117
53,"gaussian","cf_dglm",0.578807004208062,0.336718912032751,1.13
53,"gaussian","KFAS_K120",0.587240123052626,0.333683036574554,33.256
53,"gaussian","KFAS_K240",0.593917306760364,0.33910656054253,252.25
53,"gaussian","sdmTMB",0.580540437859154,0.332163824454093,154.893
54,"gaussian","GLM",1.13766899492996,0.641898822926827,0.01400000000001
54,"gaussian","GAM",1.02670480516649,0.579865757593106,43.103
54,"gaussian","cf_dglm",0.586657761292866,0.340005987108058,1.14400000000001
54,"gaussian","KFAS_K120",0.585545251702652,0.333103774181795,33.735
54,"gaussian","KFAS_K240",0.592724850025931,0.338810226549852,253.824
54,"gaussian","sdmTMB",0.58348573598921,0.334291110315931,144.64
55,"gaussian","GLM",1.20231745764224,0.678871729904391,0.00900000000001455
55,"gaussian","GAM",1.06322491012073,0.599681464899151,40.9750000000001
55,"gaussian","cf_dglm",0.595389827685811,0.34403511310443,1.00599999999986
55,"gaussian","KFAS_K120",0.601778643597273,0.344487444415161,33.28
55,"gaussian","KFAS_K240",0.609232254857652,0.349940156205119,254.615
55,"gaussian","sdmTMB",0.593679897234768,0.341117328574333,101.728
56,"gaussian","GLM",1.13361315358993,0.639349035345923,0.00900000000001455
56,"gaussian","GAM",1.03238802225062,0.582122500365302,40.152
56,"gaussian","cf_dglm",0.581529670644076,0.338740788195047,1.00099999999998
56,"gaussian","KFAS_K120",0.58478083203941,0.334916343390274,33.557
56,"gaussian","KFAS_K240",0.587771750797608,0.338094737750738,253.854
56,"gaussian","sdmTMB",0.579093526209709,0.333160694316702,106.422
57,"gaussian","GLM",1.20392091568661,0.680761535454869,0.0099999999999909
57,"gaussian","GAM",1.06436247938282,0.600583699139154,41.3389999999999
57,"gaussian","cf_dglm",0.580952196172531,0.33832840514331,1.03199999999993
57,"gaussian","KFAS_K120",0.583290098585946,0.3325637755885,34.1270000000002
57,"gaussian","KFAS_K240",0.589469290138077,0.337590883558852,254.201
57,"gaussian","sdmTMB",0.584292033054152,0.334425676360159,129.065
58,"gaussian","GLM",1.09708831822323,0.618306152598486,0.0139999999998963
58,"gaussian","GAM",0.982676532867752,0.552965541769002,44.3290000000002
58,"gaussian","cf_dglm",0.577571615779185,0.336377346989535,1.25199999999995
58,"gaussian","KFAS_K120",0.583202179232982,0.331311700702564,33.528
58,"gaussian","KFAS_K240",0.587951495070961,0.335077205944021,252.981
58,"gaussian","sdmTMB",0.577463416092604,0.330713121985687,121.725
59,"gaussian","GLM",1.14124711833782,0.645881441649967,0.00900000000001455
59,"gaussian","GAM",1.01602997840082,0.57487151752209,40.156
59,"gaussian","cf_dglm",0.587034913921471,0.342452681198134,1.10799999999995
59,"gaussian","KFAS_K120",0.592309548787605,0.339057668161539,33.7539999999999
59,"gaussian","KFAS_K240",0.598783084566419,0.344686908477443,253.001
59,"gaussian","sdmTMB",0.588201389976819,0.338461048239012,118.613
60,"gaussian","GLM",1.14990818812632,0.64923445501599,0.0139999999998963
60,"gaussian","GAM",1.01416111753516,0.571878927961392,40.3420000000001
60,"gaussian","cf_dglm",0.58012129353427,0.337077422815066,0.979000000000042
60,"gaussian","KFAS_K120",0.587473579414399,0.334412303273486,32.2159999999999
60,"gaussian","KFAS_K240",0.590505824234997,0.337705828439981,251.951
60,"gaussian","sdmTMB",0.584883061337888,0.335115288649727,115.238
61,"gaussian","GLM",1.13427950511949,0.640118781525452,0.00900000000001455
61,"gaussian","GAM",1.0182150165807,0.574016213428011,35.625
61,"gaussian","cf_dglm",0.583743674281512,0.339975732347212,0.972999999999956
61,"gaussian","KFAS_K120",0.586730144756812,0.335538207685758,33.1179999999999
61,"gaussian","KFAS_K240",0.593175254818311,0.341165082973088,253.425
61,"gaussian","sdmTMB",0.585544474588018,0.337530124412042,98.357
62,"gaussian","GLM",1.13150952172253,0.638887172269922,0.00900000000001455
62,"gaussian","GAM",1.00944900456221,0.57111349416901,33.3789999999999
62,"gaussian","cf_dglm",0.58355890748957,0.339129554602577,0.976000000000113
62,"gaussian","KFAS_K120",0.587843114484972,0.33578482770243,34.365
62,"gaussian","KFAS_K240",0.593117325908683,0.340311402486622,251.173
62,"gaussian","sdmTMB",0.585560854128983,0.335841797676433,113.1
63,"gaussian","GLM",1.1489138166478,0.650028393454499,0.0160000000000764
63,"gaussian","GAM",1.00998945907814,0.571988111059066,42.066
63,"gaussian","cf_dglm",0.585390993591818,0.340431007150533,0.924999999999955
63,"gaussian","KFAS_K120",0.59022845667429,0.337446349138997,31.7450000000001
63,"gaussian","KFAS_K240",0.593859474224461,0.341134464625565,252.659
63,"gaussian","sdmTMB",0.586940573636844,0.337074963006818,118.934
64,"gaussian","GLM",1.14073674488696,0.645385403484582,0.0099999999999909
64,"gaussian","GAM",0.988354051470754,0.558299474547637,40.0430000000001
64,"gaussian","cf_dglm",0.57577136860395,0.337054698104201,0.979000000000042
64,"gaussian","KFAS_K120",0.580111721868636,0.330297635547392,31.479
64,"gaussian","KFAS_K240",0.58563820686737,0.335191282905992,252.474
64,"gaussian","sdmTMB",0.580417671345579,0.332415088762429,117.473
65,"gaussian","GLM",1.09460071991116,0.619140233747458,0.0130000000001473
65,"gaussian","GAM",1.00089167156092,0.566633773961122,39.6119999999999
65,"gaussian","cf_dglm",0.58029209892373,0.336137535052588,0.913999999999987
65,"gaussian","KFAS_K120",0.580066068974247,0.329597211153393,31.923
65,"gaussian","KFAS_K240",0.584811436154887,0.333832925525205,252.721
65,"gaussian","sdmTMB",0.580661317681336,0.332180202514666,131.116
66,"gaussian","GLM",1.07465260132404,0.606161107383171,0.0149999999998727
66,"gaussian","GAM",0.973708202700073,0.548058220437914,33.3140000000001
66,"gaussian","cf_dglm",0.583474674362258,0.337939571901811,0.990999999999985
66,"gaussian","KFAS_K120",0.581822420246006,0.33019596360352,31.4180000000001
66,"gaussian","KFAS_K240",0.585153635550918,0.333660935270537,252.543
66,"gaussian","sdmTMB",0.582817426863183,0.332077267511001,133.145
67,"gaussian","GLM",1.1172453015366,0.629649432840535,0.0099999999999909
67,"gaussian","GAM",1.02651228139938,0.578697866987699,42.3800000000001
67,"gaussian","cf_dglm",0.58652199758003,0.337684568329593,0.880999999999858
67,"gaussian","KFAS_K120",0.587744347035175,0.333779777483032,32.844
67,"gaussian","KFAS_K240",0.594847724103818,0.338903007316971,252.305
67,"gaussian","sdmTMB",0.581899661975047,0.332057991359287,117.089
68,"gaussian","GLM",1.13087851543344,0.640503719774392,0.015999999999849
68,"gaussian","GAM",1.01425440069664,0.571842802491399,37.069
68,"gaussian","cf_dglm",0.575245541669947,0.335901888558596,1.12300000000005
68,"gaussian","KFAS_K120",0.579460244813624,0.330800548528704,33.077
68,"gaussian","KFAS_K240",0.585629172432289,0.336074973027804,251.432
68,"gaussian","sdmTMB",0.576612952358747,0.330899559530256,118.199
69,"gaussian","GLM",1.17686308645679,0.663120778597152,0.0099999999999909
69,"gaussian","GAM",1.04606235009824,0.589652176261325,42.9240000000002
69,"gaussian","cf_dglm",0.594815841309943,0.342378439532884,1.09699999999998
69,"gaussian","KFAS_K120",0.595791641276174,0.338333292285083,33.2560000000001
69,"gaussian","KFAS_K240",0.60353510747141,0.344255643908162,250.966
69,"gaussian","sdmTMB",0.59396458113387,0.339259545253561,118.769
70,"gaussian","GLM",1.12014159195185,0.628046702265995,0.00799999999981083
70,"gaussian","GAM",1.02725108275799,0.575273886062566,36.1090000000002
70,"gaussian","cf_dglm",0.603024081175184,0.353337548937192,1.19899999999984
70,"gaussian","KFAS_K120",0.608417471168588,0.347798613404057,33.1160000000002
70,"gaussian","KFAS_K240",0.61178569550302,0.351309806693857,249.411
70,"gaussian","sdmTMB",0.606165551776603,0.349196388430017,137.583
71,"gaussian","GLM",1.09291384110408,0.617264623558416,0.0080000000000382
71,"gaussian","GAM",0.939965491753963,0.532123454774407,42.5899999999999
71,"gaussian","cf_dglm",0.583839990848333,0.341735978599506,1.21199999999999
71,"gaussian","KFAS_K120",0.586076975224713,0.334748522321941,32.77
71,"gaussian","KFAS_K240",0.590699643096185,0.339241540252468,249.959
71,"gaussian","sdmTMB",0.581898235022114,0.334087132128045,132.318
72,"gaussian","GLM",1.1221436219924,0.633388958250658,0.00900000000001455
72,"gaussian","GAM",0.967290231356891,0.545097430922634,42.336
72,"gaussian","cf_dglm",0.584522808323252,0.339230256001144,1.08400000000006
72,"gaussian","KFAS_K120",0.589115274927946,0.336162973779815,33.0530000000001
72,"gaussian","KFAS_K240",0.595903016751802,0.34163913853473,249.443
72,"gaussian","sdmTMB",0.58902162644102,0.337795505351482,128.834
73,"gaussian","GLM",1.10407378380058,0.621780644381197,0.00900000000001455
73,"gaussian","GAM",0.980489966983433,0.553446728914924,34.5999999999999
73,"gaussian","cf_dglm",0.577648016286915,0.338308774030539,1.06400000000008
73,"gaussian","KFAS_K120",0.584337037137133,0.334859235978603,32.0129999999999
73,"gaussian","KFAS_K240",0.59077925305299,0.34031508411666,255.859
73,"gaussian","sdmTMB",0.583826162493562,0.335957466236822,136.372
74,"gaussian","GLM",1.0935659328923,0.618428353057981,0.0149999999998727
74,"gaussian","GAM",1.00377483528642,0.565351460855059,35.712
74,"gaussian","cf_dglm",0.577003441494497,0.334335955627861,1.12699999999995
74,"gaussian","KFAS_K120",0.582997259865191,0.330870885230396,34.1869999999999
74,"gaussian","KFAS_K240",0.586389316803954,0.334207072662654,254.813
74,"gaussian","sdmTMB",0.577601637255197,0.330010288351921,176.135
75,"gaussian","GLM",1.13246169642497,0.638692278994596,0.0130000000001473
75,"gaussian","GAM",1.01053544404193,0.570735404836069,42.22
75,"gaussian","cf_dglm",0.590865036296284,0.347805869587708,1.31999999999994
75,"gaussian","KFAS_K120",0.597453784428469,0.341077065638622,33.999
75,"gaussian","KFAS_K240",0.604254576592722,0.346898849590827,254.576
75,"gaussian","sdmTMB",0.594190090422318,0.341231517340274,102.872
76,"gaussian","GLM",1.15190451032428,0.652278577884154,0.0080000000000382
76,"gaussian","GAM",1.0140019137723,0.572662600934813,39.5040000000001
76,"gaussian","cf_dglm",0.585296770724921,0.338391194979599,1.04899999999998
76,"gaussian","KFAS_K120",0.587314374785782,0.334141786963898,32.1569999999999
76,"gaussian","KFAS_K240",0.592856599959871,0.338771533931863,254.702
76,"gaussian","sdmTMB",0.583417936445271,0.334169359108901,139.679
77,"gaussian","GLM",1.17427261656794,0.659883130242932,0.0080000000000382
77,"gaussian","GAM",1.04738706924276,0.591601215898765,32.941
77,"gaussian","cf_dglm",0.591420728116078,0.341178578471742,0.996000000000095
77,"gaussian","KFAS_K120",0.593971675454355,0.338839878957204,31.8019999999999
77,"gaussian","KFAS_K240",0.601727472060589,0.344834423491502,254.141
77,"gaussian","sdmTMB",0.59086304704686,0.338551887581814,95.6100000000001
78,"gaussian","GLM",1.10727498839287,0.625479885267477,0.00900000000001455
78,"gaussian","GAM",0.973330109072258,0.548899236315759,40.8140000000001
78,"gaussian","cf_dglm",0.581692351125066,0.336162977568435,0.934999999999945
78,"gaussian","KFAS_K120",0.590138289099825,0.334383453936923,31.3980000000001
78,"gaussian","KFAS_K240",0.593553154184309,0.337711341680535,257.957
78,"gaussian","sdmTMB",0.583948727732756,0.33355602532392,138.5
79,"gaussian","GLM",1.1216350682372,0.634021793217689,0.00899999999978718
79,"gaussian","GAM",1.0438803151288,0.59009991797182,34.395
79,"gaussian","cf_dglm",0.583371918900291,0.336772973780746,0.926999999999907
79,"gaussian","KFAS_K120",0.587466090295391,0.333666349933856,33.5230000000001
79,"gaussian","KFAS_K240",0.592866753235762,0.338254804865349,254.483
79,"gaussian","sdmTMB",0.586109255819951,0.335196753012065,120.746
80,"gaussian","GLM",1.12380871470322,0.631682493819768,0.0099999999999909
80,"gaussian","GAM",1.02183796287664,0.573351174751988,34.549
80,"gaussian","cf_dglm",0.581225165865542,0.336513341576676,0.929999999999836
80,"gaussian","KFAS_K120",0.583784057106036,0.332617759868861,31.2650000000001
80,"gaussian","KFAS_K240",0.590413510114429,0.337799781904581,254.017
80,"gaussian","sdmTMB",0.580331141679072,0.331909327808895,114.634
81,"gaussian","GLM",1.11290458027187,0.627000958532322,0.012000000000171
81,"gaussian","GAM",0.989691138351172,0.560459611424759,43.999
81,"gaussian","cf_dglm",0.58270255481168,0.341148345304345,1.17499999999995
81,"gaussian","KFAS_K120",0.585954431686541,0.334806316263508,32.809
81,"gaussian","KFAS_K240",0.590122801055468,0.339129374209781,253.709
81,"gaussian","sdmTMB",0.58369191953541,0.334969627670988,108.319
82,"gaussian","GLM",1.10021569014571,0.622868135276573,0.0140000000001237
82,"gaussian","GAM",0.994944944321872,0.560922379480712,37.386
82,"gaussian","cf_dglm",0.578027697022593,0.337332017572171,1.28200000000015
82,"gaussian","KFAS_K120",0.579753402152803,0.329839028525522,33.6089999999999
82,"gaussian","KFAS_K240",0.58655374494508,0.335171510394209,253.694
82,"gaussian","sdmTMB",0.581043836153758,0.332158932310276,111.889
83,"gaussian","GLM",1.14065597408515,0.64585652592571,0.0080000000000382
83,"gaussian","GAM",1.06698742520621,0.601626212031858,44.0350000000001
83,"gaussian","cf_dglm",0.591197733048377,0.342345519296154,1.13299999999981
83,"gaussian","KFAS_K120",0.595674438110624,0.339266988417592,32.866
83,"gaussian","KFAS_K240",0.602199008460279,0.344507893697896,251.684
83,"gaussian","sdmTMB",0.590712904032398,0.338574295850946,140.98
84,"gaussian","GLM",1.14534048188831,0.646659650010023,0.00799999999981083
84,"gaussian","GAM",1.02784259348193,0.580461485505462,34.0619999999999
84,"gaussian","cf_dglm",0.590585622064058,0.344313411462298,0.97400000000016
84,"gaussian","KFAS_K120",0.591951062236471,0.33626355790792,31.1329999999998
84,"gaussian","KFAS_K240",0.597498945576436,0.340759254276437,254.444
84,"gaussian","sdmTMB",0.590239033162341,0.336929099736785,119.478
85,"gaussian","GLM",1.16667841141947,0.660383606536982,0.012000000000171
85,"gaussian","GAM",1.03475717379497,0.586854688159622,37.4859999999999
85,"gaussian","cf_dglm",0.585282619029794,0.338388726182493,1.04899999999998
85,"gaussian","KFAS_K120",0.590490944619975,0.336781322306957,33.3929999999998
85,"gaussian","KFAS_K240",0.596154561865155,0.341680835828225,253.86
85,"gaussian","sdmTMB",0.585993335651147,0.336037939082914,132.26
86,"gaussian","GLM",1.11316375283297,0.630140865908032,0.00900000000001455
86,"gaussian","GAM",1.01097770898737,0.572128101156598,43.019
86,"gaussian","cf_dglm",0.583928927169613,0.336209522896514,1.27400000000011
86,"gaussian","KFAS_K120",0.590866855894115,0.334931420938717,32.7909999999999
86,"gaussian","KFAS_K240",0.597350408409154,0.340762050065242,252.437
86,"gaussian","sdmTMB",0.580990218451637,0.331340023377192,125.63
87,"gaussian","GLM",1.12719454375853,0.63568565915917,0.0080000000000382
87,"gaussian","GAM",0.995438575378547,0.560308758446176,42.5500000000002
87,"gaussian","cf_dglm",0.585783548013971,0.339440650785099,1.14899999999989
87,"gaussian","KFAS_K120",0.591676555836809,0.337016510660016,33.1890000000001
87,"gaussian","KFAS_K240",0.600127036117617,0.343091349900008,251.503
87,"gaussian","sdmTMB",0.585310785959573,0.335494154737626,134.564
88,"gaussian","GLM",1.13124560265278,0.63822987409156,0.0080000000000382
88,"gaussian","GAM",1.03467254484317,0.583562868579057,42.617
88,"gaussian","cf_dglm",0.58619220731615,0.340423998634872,1.21199999999999
88,"gaussian","KFAS_K120",0.589277360344556,0.335889395217792,32.642
88,"gaussian","KFAS_K240",0.596261200119257,0.341625222383373,251.399
88,"gaussian","sdmTMB",0.588279830902309,0.337226399524686,134.457
89,"gaussian","GLM",1.10715750981008,0.622963312753635,0.00900000000001455
89,"gaussian","GAM",0.983457673661835,0.553473689554656,42.769
89,"gaussian","cf_dglm",0.590324994692178,0.34606336184802,1.13500000000022
89,"gaussian","KFAS_K120",0.593033796758094,0.33737524096421,33.2719999999999
89,"gaussian","KFAS_K240",0.598940787046263,0.342642237782122,251.353
89,"gaussian","sdmTMB",0.59017657987054,0.337856735722787,103.672
90,"gaussian","GLM",1.14508699327829,0.646122259709563,0.0119999999999436
90,"gaussian","GAM",1.02461351012706,0.57766623886863,42.6179999999999
90,"gaussian","cf_dglm",0.594773887549783,0.349656237852468,1.12300000000005
90,"gaussian","KFAS_K120",0.600358773770705,0.342243325834171,33.2339999999999
90,"gaussian","KFAS_K240",0.606727506499079,0.347644394060046,250.328
90,"gaussian","sdmTMB",0.596371758983656,0.343148643466183,137.375
91,"gaussian","GLM",1.1389473218333,0.640745568436944,0.00900000000001455
91,"gaussian","GAM",0.993813573794109,0.560584497044252,41.4449999999997
91,"gaussian","cf_dglm",0.583776184876009,0.341412587481406,1.10400000000027
91,"gaussian","KFAS_K120",0.590314492505719,0.336611067545413,31.5970000000002
91,"gaussian","KFAS_K240",0.595546916389862,0.3411460984104,252.363
91,"gaussian","sdmTMB",0.586799717384458,0.336733366474541,107.686
92,"gaussian","GLM",1.16663907016842,0.660575293760454,0.00900000000001455
92,"gaussian","GAM",1.05488746387544,0.595685479951531,35.1549999999997
92,"gaussian","cf_dglm",0.586359710106667,0.340809968018026,1.05699999999979
92,"gaussian","KFAS_K120",0.591112505652292,0.337577039473352,32.1670000000004
92,"gaussian","KFAS_K240",0.596056055181496,0.342035495898991,253.435
92,"gaussian","sdmTMB",0.588679823581372,0.337843767164213,122.965
93,"gaussian","GLM",1.10052131183025,0.618726973494259,0.00900000000001455
93,"gaussian","GAM",0.999572836113306,0.56172232977879,41.4450000000002
93,"gaussian","cf_dglm",0.576406415407169,0.336531598131386,1.16699999999992
93,"gaussian","KFAS_K120",0.581412507962432,0.329624288562188,32.8299999999999
93,"gaussian","KFAS_K240",0.588625131646772,0.335326908815589,251.76
93,"gaussian","sdmTMB",0.576375383119406,0.32837408248527,120.57
94,"gaussian","GLM",1.14281688170993,0.64447413575956,0.00900000000001455
94,"gaussian","GAM",1.0109110640991,0.570363717972693,35.172
94,"gaussian","cf_dglm",0.585682524265499,0.340472553602583,1.23000000000002
94,"gaussian","KFAS_K120",0.590004380689391,0.336004144978429,32.8289999999997
94,"gaussian","KFAS_K240",0.598189682078411,0.342210802583703,251.883
94,"gaussian","sdmTMB",0.587283664719816,0.33612553248406,125.629
95,"gaussian","GLM",1.08013178151803,0.606988485416756,0.00800000000026557
95,"gaussian","GAM",0.948341094766631,0.53439788120982,41.0430000000001
95,"gaussian","cf_dglm",0.585548601613582,0.338674478475464,0.937999999999647
95,"gaussian","KFAS_K120",0.593378766746032,0.337397267892308,31.1120000000001
95,"gaussian","KFAS_K240",0.596266882455437,0.340308389296423,251.616
95,"gaussian","sdmTMB",0.587950247127785,0.336321897637569,119.115
96,"gaussian","GLM",1.13954016419554,0.641551230758111,0.01299999999992
96,"gaussian","GAM",1.02450238708998,0.576297386463041,34.7580000000003
96,"gaussian","cf_dglm",0.572457289091144,0.331172458773363,1.04599999999982
96,"gaussian","KFAS_K120",0.575204392335712,0.327210833382848,29.3919999999998
96,"gaussian","KFAS_K240",0.578164993146898,0.330511583823206,224.493
96,"gaussian","sdmTMB",0.572374982089187,0.327458496353635,90.7640000000001
97,"gaussian","GLM",1.15467727013931,0.652355470408129,0.00900000000001455
97,"gaussian","GAM",1.04922968136129,0.592412114745991,40.4389999999999
97,"gaussian","cf_dglm",0.577652651973075,0.33290838120459,0.97400000000016
97,"gaussian","KFAS_K120",0.582026824046359,0.331878572561226,31.0450000000001
97,"gaussian","KFAS_K240",0.586249796098392,0.335943306652398,253.371
97,"gaussian","sdmTMB",0.578423329460799,0.331486920455629,108.634
98,"gaussian","GLM",1.09967885062833,0.619474448588285,0.00900000000001455
98,"gaussian","GAM",1.01236001927955,0.56936959980917,35.8540000000003
98,"gaussian","cf_dglm",0.591255430841132,0.347128725097275,1.13799999999992
98,"gaussian","KFAS_K120",0.596613171674972,0.340462549032081,32.248
98,"gaussian","KFAS_K240",0.601602371230988,0.344784066265062,251.324
98,"gaussian","sdmTMB",0.58831429604135,0.338505446520993,145.781
99,"gaussian","GLM",1.08970675384836,0.615342230328519,0.00800000000026557
99,"gaussian","GAM",1.01494208148813,0.571023383884167,33.6970000000001
99,"gaussian","cf_dglm",0.581023390344625,0.342523191985698,0.996999999999844
99,"gaussian","KFAS_K120",0.582721820812185,0.332213268998277,30.3530000000001
99,"gaussian","KFAS_K240",0.58730315796978,0.336509609546249,251.786
99,"gaussian","sdmTMB",0.58101746359375,0.33388277636126,141.051
100,"gaussian","GLM",1.10001085072298,0.621277016053212,0.00800000000026557
100,"gaussian","GAM",0.995502537894422,0.564094662173897,35.998
100,"gaussian","cf_dglm",0.594683554964698,0.34711607890333,1.06500000000005
100,"gaussian","KFAS_K120",0.599682993907273,0.343526527693261,31.7280000000001
100,"gaussian","KFAS_K240",0.604058592551829,0.34847158214123,251.134
100,"gaussian","sdmTMB",0.594082542917054,0.342597685872435,96.0939999999996
1,"poisson","GLM",2.36758700389323,1.15628576166409,0.0589999999997417
1,"poisson","GAM",2.10041837685915,1.04260314604501,47.0229999999997
1,"poisson","cf_dglm",1.61434857456726,0.791913938506741,2.346
1,"poisson","KFAS_K120",1.68301715886651,0.820473279890382,31.7449999999999
1,"poisson","KFAS_K240",1.69362516113112,0.823788441088257,250.836
1,"poisson","sdmTMB",1.60340596865768,0.787678028496875,115.251
2,"poisson","GLM",2.31577788337799,1.18120602920072,0.0579999999999927
2,"poisson","GAM",2.1171858173773,1.08131390302827,48.442
2,"poisson","cf_dglm",1.66392648362527,0.839123725214491,2.64199999999983
2,"poisson","KFAS_K120",1.72623917582551,0.864582707884103,32.0549999999998
2,"poisson","KFAS_K240",1.73291929537784,0.86672159156902,250.021
2,"poisson","sdmTMB",1.65606132606174,0.834199483546901,138.455
3,"poisson","GLM",2.23741958505982,1.11637905240989,0.0549999999998363
3,"poisson","GAM",2.06018574783272,1.03414428024317,46.9960000000001
3,"poisson","cf_dglm",1.59046397929949,0.785162282829689,2.19499999999971
3,"poisson","KFAS_K120",1.6828132571605,0.820651656297778,31.1320000000001
3,"poisson","KFAS_K240",1.68812677649589,0.822334626391955,251.874
3,"poisson","sdmTMB",1.58375469307317,0.782656386856459,122.947
4,"poisson","GLM",2.57335311610697,1.20151308166534,0.05600000000004
4,"poisson","GAM",2.32488762585353,1.11181472711925,55.5740000000001
4,"poisson","cf_dglm",1.66565624966645,0.817992594934296,2.35300000000007
4,"poisson","KFAS_K120",1.77046007139687,0.854526228767654,32.0129999999999
4,"poisson","KFAS_K240",1.79958671832793,0.862118347660096,249.698
4,"poisson","sdmTMB",1.66188937488595,0.816618828825364,145.153
5,"poisson","GLM",2.40188411650672,1.15311467321535,0.055000000000291
5,"poisson","GAM",2.18708570049413,1.05541964771414,46.712
5,"poisson","cf_dglm",1.62897351499051,0.803428258646279,2.93799999999965
5,"poisson","KFAS_K120",1.73107799164916,0.838068619183712,31.6970000000001
5,"poisson","KFAS_K240",1.75431645528434,0.84351792062034,249.522
5,"poisson","sdmTMB",1.63309394396291,0.803082637377991,139.71
6,"poisson","GLM",2.39720992426428,1.17034114974608,0.0599999999999454
6,"poisson","GAM",2.11292641514549,1.05023051517002,46.5329999999999
6,"poisson","cf_dglm",1.65764045643106,0.822193249528032,1.93299999999999
6,"poisson","KFAS_K120",1.71978616774935,0.847994191784948,32.1929999999998
6,"poisson","KFAS_K240",1.71973806688398,0.84844967555895,258.184
6,"poisson","sdmTMB",1.65106153895984,0.819592176961744,124.962
7,"poisson","GLM",2.43874193105861,1.19983475601089,0.0599999999999454
7,"poisson","GAM",2.2964405703512,1.13355402343393,46.4940000000001
7,"poisson","cf_dglm",1.62661237688549,0.815485164307814,2.43900000000031
7,"poisson","KFAS_K120",1.68758968120745,0.840390362092209,32.741
7,"poisson","KFAS_K240",1.69195666403985,0.842095479137199,248.74
7,"poisson","sdmTMB",1.61701302621092,0.812319973686995,130.696
8,"poisson","GLM",2.48396563281624,1.25818561045696,0.0590000000001965
8,"poisson","GAM",2.31791831896467,1.18470449347598,46.5160000000001
8,"poisson","cf_dglm",1.70320855242058,0.852664961467522,2.26999999999998
8,"poisson","KFAS_K120",1.76979514369392,0.877075142275509,32.5140000000001
8,"poisson","KFAS_K240",1.7769495474506,0.879770926530522,249.188
8,"poisson","sdmTMB",1.69550381168188,0.849002220321383,148.972
9,"poisson","GLM",2.32144729773403,1.17559359187874,0.0509999999999309
9,"poisson","GAM",2.09434792055294,1.06175002789665,47.194
9,"poisson","cf_dglm",1.64431852876987,0.822235988959172,4.09999999999991
9,"poisson","KFAS_K120",1.70494690489026,0.848636355275591,31.7950000000001
9,"poisson","KFAS_K240",1.70764426153696,0.850626099608337,249.203
9,"poisson","sdmTMB",1.63439381266022,0.817938355274572,111.93
10,"poisson","GLM",2.32712034708457,1.15770423958823,0.0529999999998836
10,"poisson","GAM",2.1643177867556,1.07121808881997,45.9719999999998
10,"poisson","cf_dglm",1.6764854032941,0.82488225053298,4.97699999999986
10,"poisson","KFAS_K120",1.74815341437489,0.847423592498921,31.3089999999997
10,"poisson","KFAS_K240",1.75739274909591,0.850710510605397,249.292
10,"poisson","sdmTMB",1.67783828448793,0.82116395094204,140.697
11,"poisson","GLM",2.632832799019,1.23848933706911,0.0500000000001819
11,"poisson","GAM",2.36411801127058,1.14354370912654,54.674
11,"poisson","cf_dglm",1.72112463520506,0.848899718291426,3.67599999999993
11,"poisson","KFAS_K120",1.79391115169062,0.873548103035012,32.2449999999999
11,"poisson","KFAS_K240",1.80447073890587,0.87711850750538,252.697
11,"poisson","sdmTMB",1.71621047904497,0.845805625420281,155.641
12,"poisson","GLM",2.46554090812563,1.20907420368502,0.055000000000291
12,"poisson","GAM",2.21094535326349,1.10800614245787,46.0950000000003
12,"poisson","cf_dglm",1.71494670116547,0.845613402496264,2.16600000000017
12,"poisson","KFAS_K120",1.78021247880078,0.867442048226964,31.402
12,"poisson","KFAS_K240",1.78913903841968,0.87018740002129,249.034
12,"poisson","sdmTMB",1.71931262281318,0.846184408746823,140.491
13,"poisson","GLM",2.28968365465774,1.14273019539959,0.0480000000002292
13,"poisson","GAM",2.0890216414155,1.04795963077664,53.558
13,"poisson","cf_dglm",1.58767215278437,0.792843566188712,2.56899999999996
13,"poisson","KFAS_K120",1.69898229446404,0.834573830478441,31.3499999999999
13,"poisson","KFAS_K240",1.70870233025111,0.838063429537694,249.161
13,"poisson","sdmTMB",1.59030379237627,0.792290902048905,134.681
14,"poisson","GLM",2.31340132828353,1.15079111988394,0.0540000000000873
14,"poisson","GAM",2.07379750970047,1.03251028363078,46.0790000000002
14,"poisson","cf_dglm",1.6217285074777,0.815520341042902,4.86499999999978
14,"poisson","KFAS_K120",1.69934164079716,0.844927359576,31.3999999999996
14,"poisson","KFAS_K240",1.70152423385546,0.845211174146273,248.73
14,"poisson","sdmTMB",1.61123284817181,0.812467220002474,170.707
15,"poisson","GLM",2.18903767623308,1.11970233936862,0.0540000000000873
15,"poisson","GAM",2.00089333343063,1.01732045517904,47.4190000000003
15,"poisson","cf_dglm",1.58545747767328,0.796805582166777,2.30500000000029
15,"poisson","KFAS_K120",1.63199304698839,0.821259729044409,32.4770000000003
15,"poisson","KFAS_K240",1.64255624598201,0.825179379199366,250.816
15,"poisson","sdmTMB",1.57880630287935,0.795645937928227,125.198
16,"poisson","GLM",2.44732610460215,1.17181253377576,0.0499999999997272
16,"poisson","GAM",2.16950024044958,1.05623379300225,47.3130000000001
16,"poisson","cf_dglm",1.65174850390833,0.812148973253952,2.86000000000013
16,"poisson","KFAS_K120",1.75926835399829,0.843165755274469,31.4549999999999
16,"poisson","KFAS_K240",1.760593485946,0.8436078083964,248.934
16,"poisson","sdmTMB",1.65819920210034,0.811203890274045,145.246
17,"poisson","GLM",2.63405087734339,1.29428140723092,0.0579999999999927
17,"poisson","GAM",2.41895029823589,1.19388400750948,47.2170000000001
17,"poisson","cf_dglm",1.77664068537526,0.889374679388077,2.70400000000018
17,"poisson","KFAS_K120",1.86758709409788,0.923443946499431,31.2250000000004
17,"poisson","KFAS_K240",1.86719745287964,0.92500496958889,248.664
17,"poisson","sdmTMB",1.76136201034756,0.884924603545325,132.651
18,"poisson","GLM",2.22404220903485,1.12064382207126,0.055000000000291
18,"poisson","GAM",2.02758401245135,1.03653599714359,46.0330000000004
18,"poisson","cf_dglm",1.62710559133516,0.813956267343534,4.36799999999994
18,"poisson","KFAS_K120",1.70835673174762,0.840364986373787,30.4260000000004
18,"poisson","KFAS_K240",1.70816096196341,0.840400264959886,251.009
18,"poisson","sdmTMB",1.62185652615092,0.810520190434335,148.179
19,"poisson","GLM",2.1197231065639,1.07713868312966,0.0540000000000873
19,"poisson","GAM",1.99902890571561,1.0109321778485,38.5599999999999
19,"poisson","cf_dglm",1.57475436344831,0.791634237230238,2.05100000000039
19,"poisson","KFAS_K120",1.60774127974223,0.801775173185487,31.3420000000001
19,"poisson","KFAS_K240",1.61526620310091,0.804577296754777,248.806
19,"poisson","sdmTMB",1.56763413212126,0.786703905416766,160.055
20,"poisson","GLM",2.39799324926301,1.20039523854586,0.0519999999996799
20,"poisson","GAM",2.14824923443124,1.09182578709766,46.0300000000002
20,"poisson","cf_dglm",1.69211295791365,0.847244799704717,1.94999999999982
20,"poisson","KFAS_K120",1.77813210606826,0.87702150960576,31.6600000000003
20,"poisson","KFAS_K240",1.79753957560651,0.883017595763362,248.349
20,"poisson","sdmTMB",1.69521358502191,0.847165764302549,166.494
21,"poisson","GLM",2.50401802634755,1.25905413396561,0.0540000000000873
21,"poisson","GAM",2.25310523383575,1.13635417248252,46.1610000000001
21,"poisson","cf_dglm",1.731265340026,0.870899754335713,2.9989999999998
21,"poisson","KFAS_K120",1.78838638140524,0.893218752058189,32.0709999999999
21,"poisson","KFAS_K240",1.7947988297679,0.895623845173243,248.364
21,"poisson","sdmTMB",1.72243144730957,0.86469139774342,130.069
22,"poisson","GLM",2.39495466252135,1.18395057840796,0.056999999999789
22,"poisson","GAM",2.19689841096463,1.08610203413871,46.2040000000002
22,"poisson","cf_dglm",1.66173834412914,0.822479696256065,2.16000000000031
22,"poisson","KFAS_K120",1.74988680947316,0.851151565758466,30.6030000000001
22,"poisson","KFAS_K240",1.75628196588962,0.854178710042663,248.13
22,"poisson","sdmTMB",1.66933046078207,0.824450394097535,155.591
23,"poisson","GLM",2.68777059147205,1.285194901866,0.0509999999999309
23,"poisson","GAM",2.39665221133638,1.17056252275208,54.8960000000002
23,"poisson","cf_dglm",1.74437647828812,0.861178153477186,2.23900000000003
23,"poisson","KFAS_K120",1.82688860961618,0.891531029493339,31.9459999999999
23,"poisson","KFAS_K240",1.83743835810029,0.89393687721456,247.796
23,"poisson","sdmTMB",1.73176770986603,0.853500025193976,152.297
24,"poisson","GLM",2.4956119687644,1.20058652797919,0.05600000000004
24,"poisson","GAM",2.22854141013434,1.0755081979992,54.9580000000001
24,"poisson","cf_dglm",1.65723917195953,0.816154325139783,3.87300000000005
24,"poisson","KFAS_K120",1.80768065001661,0.855387040623266,30.9259999999999
24,"poisson","KFAS_K240",1.81985485663617,0.859193660064371,247.694
24,"poisson","sdmTMB",1.6577094657853,0.815955975580795,153.596
25,"poisson","GLM",2.14090029084174,1.08919686638604,0.0549999999998363
25,"poisson","GAM",1.96550602973455,0.999582656106933,46.29
25,"poisson","cf_dglm",1.56516082964009,0.784738551529559,2.38499999999976
25,"poisson","KFAS_K120",1.62521583360542,0.810729118074,31.2280000000001
25,"poisson","KFAS_K240",1.62792265624942,0.812418066844704,244.499
25,"poisson","sdmTMB",1.55784478919699,0.780384667737962,137.825
26,"poisson","GLM",2.56477272994591,1.2126639209725,0.0529999999998836
26,"poisson","GAM",2.31779232774135,1.11298932823682,54.2420000000002
26,"poisson","cf_dglm",1.63883380413139,0.804876066244225,2.77999999999975
26,"poisson","KFAS_K120",1.70377695615034,0.826080485039719,30.3800000000001
26,"poisson","KFAS_K240",1.73189952579317,0.833552111223591,248.553
26,"poisson","sdmTMB",1.64183315639135,0.801974405183229,137.491
27,"poisson","GLM",2.13887372802554,1.0647680712057,0.05600000000004
27,"poisson","GAM",2.01402967577551,1.00025229333821,45.7740000000003
27,"poisson","cf_dglm",1.51046385637307,0.75359698514213,2.05099999999993
27,"poisson","KFAS_K120",1.56272216851441,0.776857579699493,31.2820000000002
27,"poisson","KFAS_K240",1.5679049711138,0.778826224401001,248.093
27,"poisson","sdmTMB",1.51233078736847,0.75209239406709,120.086
28,"poisson","GLM",2.75795721599399,1.3093547318618,0.0579999999999927
28,"poisson","GAM",2.40742888521989,1.16691809789411,54.3939999999998
28,"poisson","cf_dglm",1.75573485854018,0.868765618720698,2.69200000000001
28,"poisson","KFAS_K120",1.88316272891732,0.901700841850421,30.3539999999998
28,"poisson","KFAS_K240",1.88441031632686,0.902307935476173,247.489
28,"poisson","sdmTMB",1.74089323888871,0.86278406135033,130.837
29,"poisson","GLM",2.26199590894272,1.12825091568702,0.05600000000004
29,"poisson","GAM",2.03687358594391,1.00105661404283,53.2420000000002
29,"poisson","cf_dglm",1.6342197446053,0.802071231583389,3.56500000000005
29,"poisson","KFAS_K120",1.67236993129568,0.822528365705096,31.906
29,"poisson","KFAS_K240",1.67628840099643,0.823524818119685,247.954
29,"poisson","sdmTMB",1.62497947722545,0.797209337882703,167.16
30,"poisson","GLM",2.53071015762442,1.2577750989103,0.05600000000004
30,"poisson","GAM",2.28130679388561,1.13197903183736,53.5039999999999
30,"poisson","cf_dglm",1.77446846339642,0.874961055161467,2.13199999999961
30,"poisson","KFAS_K120",1.8672973527547,0.905843613783479,31.6099999999997
30,"poisson","KFAS_K240",1.87361069053276,0.906631716873733,254.771
30,"poisson","sdmTMB",1.77818465317845,0.874791588245491,141.224
31,"poisson","GLM",2.38178040675469,1.11112691391009,0.0540000000000873
31,"poisson","GAM",2.12626865650002,1.02099372864467,45.9410000000003
31,"poisson","cf_dglm",1.58346369179143,0.782480324029488,2.47700000000032
31,"poisson","KFAS_K120",1.69303444527771,0.81335201808052,30.442
31,"poisson","KFAS_K240",1.70241677585121,0.815309485527772,248.318
31,"poisson","sdmTMB",1.572360541377,0.775786521868248,129.028
32,"poisson","GLM",2.64030480556714,1.23592321914112,0.0509999999999309
32,"poisson","GAM",2.36664779722045,1.1349349150616,53.5170000000003
32,"poisson","cf_dglm",1.6808422208152,0.837278111237483,5.17999999999984
32,"poisson","KFAS_K120",1.7942433985068,0.864444189015254,31.2599999999998
32,"poisson","KFAS_K240",1.82576623626688,0.870952421576152,248.155
32,"poisson","sdmTMB",1.67646736128763,0.831532038205574,167.333
33,"poisson","GLM",2.25709008978704,1.14666811151234,0.0529999999998836
33,"poisson","GAM",2.11250125554831,1.0670386602339,46.0100000000002
33,"poisson","cf_dglm",1.6842743999875,0.839360730309,3.31899999999996
33,"poisson","KFAS_K120",1.74167825308311,0.862923109834162,31.1120000000001
33,"poisson","KFAS_K240",1.75221968994768,0.866007357443965,247.874
33,"poisson","sdmTMB",1.68423772234162,0.837799668955095,151.536
34,"poisson","GLM",2.43776834564167,1.19946502709663,0.0520000000001346
34,"poisson","GAM",2.28482378585539,1.13469155121985,45.924
34,"poisson","cf_dglm",1.62799858742072,0.807923173198598,2.18200000000024
34,"poisson","KFAS_K120",1.7001712753333,0.834216956687947,31.1130000000003
34,"poisson","KFAS_K240",1.69769172385944,0.833518541621604,247.314
34,"poisson","sdmTMB",1.62545294661414,0.805304560868139,108.199
35,"poisson","GLM",2.79294278890285,1.30877306976252,0.0529999999998836
35,"poisson","GAM",2.45903806366511,1.18983991687593,47.172
35,"poisson","cf_dglm",1.77511807603581,0.874699479134784,2.2800000000002
35,"poisson","KFAS_K120",1.8720891672118,0.906353240791454,32.2930000000001
35,"poisson","KFAS_K240",1.88950162801843,0.910884556328421,248.239
35,"poisson","sdmTMB",1.76275189773826,0.872519347355323,128.478
36,"poisson","GLM",2.37420860995199,1.16640290869177,0.0579999999999927
36,"poisson","GAM",2.17728472601016,1.0720771312388,54.498
36,"poisson","cf_dglm",1.65197642769215,0.814731362433524,2.61000000000013
36,"poisson","KFAS_K120",1.74320246410703,0.845096997508465,31.5060000000003
36,"poisson","KFAS_K240",1.74997021256086,0.846104494457351,249.918
36,"poisson","sdmTMB",1.63805185122293,0.809453404030101,171.378
37,"poisson","GLM",2.32111879134871,1.19288346609348,0.0529999999998836
37,"poisson","GAM",2.08973478672141,1.07387077673919,45.8129999999996
37,"poisson","cf_dglm",1.71925060422554,0.858427368629321,2.26999999999998
37,"poisson","KFAS_K120",1.76378313196295,0.881832586963522,30.9489999999996
37,"poisson","KFAS_K240",1.75959392857201,0.880811078169561,247.187
37,"poisson","sdmTMB",1.70078737510472,0.852449646718709,120.711
38,"poisson","GLM",2.31453200549458,1.17504843176916,0.0520000000001346
38,"poisson","GAM",2.13234549365669,1.08945216635757,45.817
38,"poisson","cf_dglm",1.6653093922833,0.842013537689934,2.2829999999999
38,"poisson","KFAS_K120",1.74589211726797,0.867314568188363,31.297
38,"poisson","KFAS_K240",1.76333421500988,0.87372823943449,248.109
38,"poisson","sdmTMB",1.66767904413817,0.841544198892436,160.279
39,"poisson","GLM",2.48721676276272,1.20797012158565,0.0509999999999309
39,"poisson","GAM",2.28298082323353,1.1207354514023,55.6059999999998
39,"poisson","cf_dglm",1.72311928497779,0.856019955367099,4.66199999999981
39,"poisson","KFAS_K120",1.80043185528351,0.873022110689931,31.4870000000001
39,"poisson","KFAS_K240",1.80914119101171,0.875487533498017,247.966
39,"poisson","sdmTMB",1.71022397035324,0.846781473615384,108.269
40,"poisson","GLM",2.23510840424447,1.13499073141267,0.056999999999789
40,"poisson","GAM",1.99594108741802,1.00153321089264,54.5640000000003
40,"poisson","cf_dglm",1.61747095580168,0.805829877549266,2.59299999999985
40,"poisson","KFAS_K120",1.68638629916283,0.836736540680874,31.723
40,"poisson","KFAS_K240",1.69781841356085,0.841218885888124,247.431
40,"poisson","sdmTMB",1.61762423888923,0.805526620666904,140.647
41,"poisson","GLM",2.27309708172321,1.16463661541713,0.0610000000001492
41,"poisson","GAM",2.06562762407006,1.05506704653662,45.8870000000002
41,"poisson","cf_dglm",1.69142595284894,0.846233099805317,1.92000000000007
41,"poisson","KFAS_K120",1.74639301564017,0.871156728412848,32.2200000000003
41,"poisson","KFAS_K240",1.76291995222538,0.876250736161842,247.736
41,"poisson","sdmTMB",1.68290813703489,0.842516622429987,130.18
42,"poisson","GLM",2.33680033974482,1.12542977818712,0.0589999999997417
42,"poisson","GAM",2.19218980519687,1.05706213508749,46.0809999999997
42,"poisson","cf_dglm",1.57971380023351,0.776603225656339,2.58699999999999
42,"poisson","KFAS_K120",1.6752232939953,0.807029343130851,32.0169999999998
42,"poisson","KFAS_K240",1.68088524719821,0.809495018642186,248.845
42,"poisson","sdmTMB",1.58695592500654,0.776469744271909,125.457
43,"poisson","GLM",2.36097663354189,1.18158118470463,0.0509999999999309
43,"poisson","GAM",2.15737281731822,1.07636738751353,54.6510000000003
43,"poisson","cf_dglm",1.64189116201,0.810526540748984,2.31799999999976
43,"poisson","KFAS_K120",1.70753018329674,0.835864244011763,31.212
43,"poisson","KFAS_K240",1.71153840978902,0.836948085831482,247.79
43,"poisson","sdmTMB",1.64114797968882,0.810242766403402,107.832
44,"poisson","GLM",2.39866127057542,1.19406324765686,0.0529999999998836
44,"poisson","GAM",2.15957389428788,1.0924089576149,47.1419999999998
44,"poisson","cf_dglm",1.68932845454837,0.842830441593081,2.45200000000023
44,"poisson","KFAS_K120",1.78335019373754,0.87467343323798,31.0590000000002
44,"poisson","KFAS_K240",1.78332752306347,0.875594799678515,248.077
44,"poisson","sdmTMB",1.68433923106804,0.838960467196608,127.78
45,"poisson","GLM",2.33553704629927,1.16207241990276,0.0489999999999782
45,"poisson","GAM",2.15330178478823,1.06171533955314,54.4290000000001
45,"poisson","cf_dglm",1.61574145433235,0.809984027793003,2.84900000000016
45,"poisson","KFAS_K120",1.72713394439286,0.849640069490437,30.306
45,"poisson","KFAS_K240",1.74200273306914,0.855035788269327,251.044
45,"poisson","sdmTMB",1.61622187407745,0.807968903891589,142.788
46,"poisson","GLM",2.3522614765078,1.19266151634598,0.0529999999998836
46,"poisson","GAM",2.18701811981855,1.0980735866339,45.9669999999996
46,"poisson","cf_dglm",1.69232476424778,0.840906128458638,2.22600000000011
46,"poisson","KFAS_K120",1.79173279394835,0.874350526681641,31.8159999999998
46,"poisson","KFAS_K240",1.79392036984646,0.875642601089275,247.496
46,"poisson","sdmTMB",1.69478175826161,0.840047428362717,140.22
47,"poisson","GLM",2.1797314733514,1.10281651459132,0.0589999999997417
47,"poisson","GAM",2.0210424183707,1.01627943939418,54.498
47,"poisson","cf_dglm",1.57529218657499,0.786079757039694,2.1569999999997
47,"poisson","KFAS_K120",1.63064006513964,0.810267335244738,31.3719999999998
47,"poisson","KFAS_K240",1.63964260656709,0.814356210686146,248.386
47,"poisson","sdmTMB",1.5739036546928,0.785066889587858,113.32
48,"poisson","GLM",2.51586577145245,1.24624912041868,0.0630000000001019
48,"poisson","GAM",2.28577688268295,1.12885071446278,45.902
48,"poisson","cf_dglm",1.70272478174728,0.851763462339469,2.31200000000035
48,"poisson","KFAS_K120",1.82701383098902,0.891112816040435,31.9469999999997
48,"poisson","KFAS_K240",1.82493159450365,0.891966158099972,253.063
48,"poisson","sdmTMB",1.70823144534506,0.852122370769148,138.077
49,"poisson","GLM",2.54905043758329,1.25579970954805,0.0539999999996326
49,"poisson","GAM",2.28167902849868,1.13548652260516,47.0950000000003
49,"poisson","cf_dglm",1.73786061029344,0.86060961234965,4.28600000000006
49,"poisson","KFAS_K120",1.83344447865809,0.89332180676252,31.2469999999998
49,"poisson","KFAS_K240",1.84959588936869,0.899602416829766,249.107
49,"poisson","sdmTMB",1.73477485054782,0.858874269835236,141.538
50,"poisson","GLM",2.21557727548791,1.14762570301209,0.0590000000001965
50,"poisson","GAM",2.03052891773023,1.04514479202727,54.4319999999998
50,"poisson","cf_dglm",1.62883725423031,0.829453911910793,1.89499999999998
50,"poisson","KFAS_K120",1.71206048558765,0.865340949153024,32.0799999999999
50,"poisson","KFAS_K240",1.70808493103384,0.863816188589394,246.417
50,"poisson","sdmTMB",1.62516624073025,0.826994275102116,128.281
51,"poisson","GLM",2.27214546578849,1.12554927940313,0.055000000000291
51,"poisson","GAM",2.08427634438633,1.04807408451089,38.4520000000002
51,"poisson","cf_dglm",1.61495460637437,0.799273630345251,5.14700000000039
51,"poisson","KFAS_K120",1.69555201662873,0.829776757016421,32.1399999999999
51,"poisson","KFAS_K240",1.70149787993504,0.832565585556572,248.18
51,"poisson","sdmTMB",1.6142166500592,0.795968680162224,125.251
52,"poisson","GLM",2.33967417959562,1.1741571777166,0.05600000000004
52,"poisson","GAM",2.15417676310862,1.07497986138266,45.864
52,"poisson","cf_dglm",1.708583878941,0.848188371274186,2.05400000000009
52,"poisson","KFAS_K120",1.78184052692832,0.877864732372061,30.8980000000001
52,"poisson","KFAS_K240",1.78853951737634,0.879941319980878,247.205
52,"poisson","sdmTMB",1.70667069249814,0.846177312810915,119.118
53,"poisson","GLM",2.32696618810919,1.14373009887075,0.0549999999998363
53,"poisson","GAM",2.12864955341569,1.05799332650492,45.866
53,"poisson","cf_dglm",1.65283977909206,0.808350315119281,1.92300000000023
53,"poisson","KFAS_K120",1.73102610651387,0.840509609857778,31.277
53,"poisson","KFAS_K240",1.7427069979115,0.844722164203317,252.712
53,"poisson","sdmTMB",1.64813732794649,0.807095542387075,158.802
54,"poisson","GLM",2.40511259610335,1.20455266903718,0.0540000000000873
54,"poisson","GAM",2.19687642213101,1.09720195898931,54.48
54,"poisson","cf_dglm",1.71090466345532,0.8418690381615,3.64699999999993
54,"poisson","KFAS_K120",1.76204402134073,0.864994616026924,31.3380000000002
54,"poisson","KFAS_K240",1.76630829166905,0.866122945114847,247.365
54,"poisson","sdmTMB",1.7038959306302,0.838764521115779,143.514
55,"poisson","GLM",2.20070258454218,1.12824409941886,0.0610000000001492
55,"poisson","GAM",2.03450007491455,1.03404309526174,54.3650000000002
55,"poisson","cf_dglm",1.62380425016132,0.813634600186839,2.28499999999985
55,"poisson","KFAS_K120",1.6745910249425,0.836825212749555,31.5459999999998
55,"poisson","KFAS_K240",1.67811660135695,0.837763507022294,250.549
55,"poisson","sdmTMB",1.6239456180269,0.813002867342597,146.019
56,"poisson","GLM",2.52172945720067,1.24113413817666,0.05600000000004
56,"poisson","GAM",2.31634767861566,1.15158780170367,45.7750000000001
56,"poisson","cf_dglm",1.69516515429973,0.849644323331421,2.64100000000008
56,"poisson","KFAS_K120",1.76209770586949,0.868961296993898,31.2420000000002
56,"poisson","KFAS_K240",1.77313852407215,0.873104254523139,246.654
56,"poisson","sdmTMB",1.69075386380296,0.844688926181786,128.898
57,"poisson","GLM",2.16672670114,1.12072485041572,0.0529999999998836
57,"poisson","GAM",1.99100144850732,1.02178848967842,45.8600000000001
57,"poisson","cf_dglm",1.58537699241575,0.796390406600876,1.846
57,"poisson","KFAS_K120",1.63297551260721,0.818728141365757,31.1769999999997
57,"poisson","KFAS_K240",1.64084998574346,0.822001531652456,252.588
57,"poisson","sdmTMB",1.58002533793104,0.794490707971263,137.85
58,"poisson","GLM",2.22901186408356,1.13433492517558,0.0599999999999454
58,"poisson","GAM",2.06666557089595,1.05497496446925,45.8139999999999
58,"poisson","cf_dglm",1.61307048895616,0.814675199596985,2.30899999999974
58,"poisson","KFAS_K120",1.68930586276859,0.842464292181117,31.194
58,"poisson","KFAS_K240",1.68816985496141,0.84227310278229,247.912
58,"poisson","sdmTMB",1.61380095362389,0.812200708784144,155.129
59,"poisson","GLM",2.30428100869572,1.17566210053003,0.0549999999998363
59,"poisson","GAM",2.12068099661939,1.07203544760909,54.3560000000002
59,"poisson","cf_dglm",1.65129956884005,0.833054177389076,2.11200000000008
59,"poisson","KFAS_K120",1.72905754594955,0.864974321250955,31.1299999999997
59,"poisson","KFAS_K240",1.73091383515394,0.865891814483095,247.268
59,"poisson","sdmTMB",1.65426878607827,0.833090573916108,158.031
60,"poisson","GLM",2.54974510198785,1.23936636047852,0.0520000000001346
60,"poisson","GAM",2.28053726344595,1.11362111433232,54.415
60,"poisson","cf_dglm",1.68847461236039,0.829904335939146,2.25700000000006
60,"poisson","KFAS_K120",1.82514321433588,0.871383468366172,31.0879999999997
60,"poisson","KFAS_K240",1.82424089913603,0.872791871717518,249.942
60,"poisson","sdmTMB",1.69456786521856,0.831220173999774,141.075
61,"poisson","GLM",2.66335008828607,1.30747869995602,0.0530000000003383
61,"poisson","GAM",2.41825399715267,1.203391921383,45.7780000000002
61,"poisson","cf_dglm",1.7788688531743,0.888175847669485,2.5930000000003
61,"poisson","KFAS_K120",1.89503879110825,0.922177264701991,30.585
61,"poisson","KFAS_K240",1.91092939296387,0.92809107331325,246.461
61,"poisson","sdmTMB",1.78591821131743,0.888280009833658,118.163
62,"poisson","GLM",2.41993344973038,1.18418092093712,0.0520000000001346
62,"poisson","GAM",2.15213959591705,1.07725124754402,45.7050000000004
62,"poisson","cf_dglm",1.66002711726854,0.831184239751816,2.58800000000019
62,"poisson","KFAS_K120",1.77559508856597,0.868137015196412,30.9749999999999
62,"poisson","KFAS_K240",1.78473313948913,0.870246431361084,250.348
62,"poisson","sdmTMB",1.6601083436991,0.829085799297126,119.897
63,"poisson","GLM",2.2725872265393,1.14689363427777,0.0509999999999309
63,"poisson","GAM",2.04045473268059,1.03333482937512,54.4490000000001
63,"poisson","cf_dglm",1.60278251146748,0.806368954902272,3.16400000000021
63,"poisson","KFAS_K120",1.68107398968726,0.837157985196292,30.8869999999997
63,"poisson","KFAS_K240",1.68325960967576,0.8383982550147,252.44
63,"poisson","sdmTMB",1.60826965323742,0.806377025558089,136.46
64,"poisson","GLM",2.31751303541953,1.17340716495973,0.056999999999789
64,"poisson","GAM",2.10512791590894,1.06119534273359,54.8150000000001
64,"poisson","cf_dglm",1.60240369075475,0.809513252411986,2.37299999999959
64,"poisson","KFAS_K120",1.66739159426291,0.835780705050192,31.1019999999999
64,"poisson","KFAS_K240",1.66997855433482,0.836432237016968,250.007000000001
64,"poisson","sdmTMB",1.60538311019202,0.807884246764161,159.993
65,"poisson","GLM",2.41716493315751,1.18808123244601,0.0489999999999782
65,"poisson","GAM",2.18780413494481,1.09082150127309,46.2539999999999
65,"poisson","cf_dglm",1.64202739499862,0.811300785986807,2.65499999999975
65,"poisson","KFAS_K120",1.74327447026951,0.839176233242887,32.3710000000001
65,"poisson","KFAS_K240",1.75210329399977,0.842148685515594,253.978
65,"poisson","sdmTMB",1.64031248725629,0.807317971889608,145.255999999999
66,"poisson","GLM",2.29451139358843,1.12086361386315,0.0570000000002437
66,"poisson","GAM",2.09023651694189,1.02827985829994,47.8309999999997
66,"poisson","cf_dglm",1.60569423192288,0.792528534495812,2.30400000000009
66,"poisson","KFAS_K120",1.66572101869746,0.81290862615617,31.54
66,"poisson","KFAS_K240",1.678604586189,0.817678474110229,251.229
66,"poisson","sdmTMB",1.58659660828661,0.784500692757309,180.892000000001
67,"poisson","GLM",2.59378840029551,1.25575267162801,0.0540000000000873
67,"poisson","GAM",2.39060855927983,1.16652334135711,46.6280000000006
67,"poisson","cf_dglm",1.7231492032267,0.848004531088254,2.40099999999984
67,"poisson","KFAS_K120",1.86316181626448,0.893302104262032,31.4639999999999
67,"poisson","KFAS_K240",1.87589312267143,0.897256207597582,250.01
67,"poisson","sdmTMB",1.72598478591971,0.847180003796555,130.616
68,"poisson","GLM",2.30174304460215,1.1541977254361,0.0570000000002437
68,"poisson","GAM",2.11261212036704,1.0590740411105,46.7330000000002
68,"poisson","cf_dglm",1.65825283686945,0.815614024157041,2.59399999999914
68,"poisson","KFAS_K120",1.69122728409878,0.833646296347874,31.7240000000002
68,"poisson","KFAS_K240",1.70295294841331,0.838478053312982,249.775000000001
68,"poisson","sdmTMB",1.64878240392418,0.812781647333212,123.711
69,"poisson","GLM",2.23433937740157,1.12616209534395,0.0600000000004002
69,"poisson","GAM",2.03968288754691,1.0246765783616,46.5899999999992
69,"poisson","cf_dglm",1.62154234951699,0.80686862514255,1.84000000000015
69,"poisson","KFAS_K120",1.70479689108081,0.835405336098761,31.402
69,"poisson","KFAS_K240",1.71853228247745,0.840545124367581,249.373
69,"poisson","sdmTMB",1.61573426486538,0.803403194463975,131.807000000001
70,"poisson","GLM",2.39850168053067,1.18972010529396,0.0559999999995853
70,"poisson","GAM",2.20096180246047,1.0993277402077,46.4920000000002
70,"poisson","cf_dglm",1.68742826146694,0.842007765372823,2.96599999999944
70,"poisson","KFAS_K120",1.77484415658032,0.874240004992209,31.893
70,"poisson","KFAS_K240",1.7804182107743,0.876168611954549,249.47
70,"poisson","sdmTMB",1.67397849911844,0.836068426741292,143.907
71,"poisson","GLM",2.43143245431501,1.22182594164093,0.0630000000001019
71,"poisson","GAM",2.1666028063814,1.08991003216373,54.9220000000005
71,"poisson","cf_dglm",1.6705519705457,0.842335066569318,2.21900000000005
71,"poisson","KFAS_K120",1.74846896082397,0.867571606982449,30.6800000000003
71,"poisson","KFAS_K240",1.75331734057491,0.869630207831267,248.209
71,"poisson","sdmTMB",1.66062851238028,0.836447721870077,162.701
72,"poisson","GLM",2.26517160629208,1.09658287024968,0.0610000000006039
72,"poisson","GAM",1.91222302530762,0.956289377534975,54.933
72,"poisson","cf_dglm",1.58212630723696,0.788463590088328,2.31600000000071
72,"poisson","KFAS_K120",1.68131194271295,0.818181167317976,30.6790000000001
72,"poisson","KFAS_K240",1.68093118340097,0.819771852192801,249.277
72,"poisson","sdmTMB",1.58491297034881,0.787247249462384,132.186
73,"poisson","GLM",2.29472009604614,1.12827715924683,0.0540000000000873
73,"poisson","GAM",2.08482228835452,1.03429955480229,46.3549999999996
73,"poisson","cf_dglm",1.58304024709801,0.79020139218733,2.25900000000001
73,"poisson","KFAS_K120",1.64900630399929,0.815529505753356,32.0790000000006
73,"poisson","KFAS_K240",1.65660884869168,0.81855403869912,247.372
73,"poisson","sdmTMB",1.56911326042294,0.784172974941314,151.966
74,"poisson","GLM",2.42600437402114,1.18910125775907,0.0549999999993815
74,"poisson","GAM",2.30549640730708,1.12832558385835,46.3869999999997
74,"poisson","cf_dglm",1.67954707244215,0.835452189902768,3.21199999999953
74,"poisson","KFAS_K120",1.74872514718937,0.858919802726416,31.8159999999998
74,"poisson","KFAS_K240",1.76455419693987,0.862179471600674,251.557000000001
74,"poisson","sdmTMB",1.66809238537626,0.828667191486751,164.812
75,"poisson","GLM",2.12071626567857,1.05854514393665,0.0600000000004002
75,"poisson","GAM",1.96582946789267,0.977093833357534,44.3680000000004
75,"poisson","cf_dglm",1.55031329670792,0.767487551663895,1.97000000000025
75,"poisson","KFAS_K120",1.61331052312986,0.793465896429354,30.6050000000005
75,"poisson","KFAS_K240",1.62159348884278,0.796781820672562,247.343
75,"poisson","sdmTMB",1.54838146490376,0.764698865154833,111.019
76,"poisson","GLM",2.30759783645719,1.1718592433537,0.0590000000001965
76,"poisson","GAM",2.10798469411188,1.07570753711423,46.5209999999997
76,"poisson","cf_dglm",1.71177751109552,0.853961551224414,2.01500000000033
76,"poisson","KFAS_K120",1.76145770797353,0.874032058475621,31.4700000000003
76,"poisson","KFAS_K240",1.76493737332883,0.875624192757359,247.924999999999
76,"poisson","sdmTMB",1.70421393772749,0.846706429417911,158.639999999999
77,"poisson","GLM",2.51917784926207,1.18275250267926,0.0599999999994907
77,"poisson","GAM",2.12974476199356,1.06143338689668,47.7479999999996
77,"poisson","cf_dglm",1.65116974674065,0.815936524981,2.19499999999971
77,"poisson","KFAS_K120",1.7647887735834,0.854287244488956,32.3779999999997
77,"poisson","KFAS_K240",1.77621322956378,0.85727398796129,248.892
77,"poisson","sdmTMB",1.65222543758589,0.816555929088845,111.708000000001
78,"poisson","GLM",2.59467786280802,1.28298226861521,0.0540000000000873
78,"poisson","GAM",2.3366792017069,1.15091012878063,53.8609999999999
78,"poisson","cf_dglm",1.77768846611599,0.876287259350699,2.30799999999999
78,"poisson","KFAS_K120",1.91383697418081,0.913958071283594,31.6879999999992
78,"poisson","KFAS_K240",1.92277191915096,0.91598564278578,247.603999999999
78,"poisson","sdmTMB",1.78081840938052,0.876218714051428,157.013
79,"poisson","GLM",2.58533440634281,1.25161706479625,0.0570000000006985
79,"poisson","GAM",2.3637043370097,1.17027564361699,46.3280000000004
79,"poisson","cf_dglm",1.72757106801735,0.85312452030739,2.1860000000006
79,"poisson","KFAS_K120",1.88191067916499,0.905644225758302,31.6360000000004
79,"poisson","KFAS_K240",1.88777241955016,0.906197411627476,250.64
79,"poisson","sdmTMB",1.7316437251697,0.852971647569381,135.469
80,"poisson","GLM",3.09958003079168,1.25368118075188,0.0509999999994761
80,"poisson","GAM",2.692223601689,1.17471248524879,46.2259999999997
80,"poisson","cf_dglm",1.75255809627403,0.831442947099607,4.60199999999986
80,"poisson","KFAS_K120",1.88069714344672,0.853461975042898,31.4260000000004
80,"poisson","KFAS_K240",1.93974095444205,0.85976092505678,246.866
80,"poisson","sdmTMB",1.72829050177601,0.820854730566907,136.374
81,"poisson","GLM",2.46664265502853,1.21835842251365,0.0479999999997744
81,"poisson","GAM",2.11004965794778,1.07362295663944,45.7209999999995
81,"poisson","cf_dglm",1.62282715268656,0.814043131833937,3.16799999999967
81,"poisson","KFAS_K120",1.71380201730553,0.847904090861998,31.4439999999995
81,"poisson","KFAS_K240",1.72409864077816,0.849977552885928,248.544
81,"poisson","sdmTMB",1.63162017994585,0.81513862567304,110.727
82,"poisson","GLM",2.78357445736322,1.25760156884871,0.055000000000291
82,"poisson","GAM",2.40087238916421,1.13415449340389,53.5249999999996
82,"poisson","cf_dglm",1.75374249843499,0.848529007182439,2.59099999999944
82,"poisson","KFAS_K120",1.86812303230719,0.879725273066024,31.5729999999994
82,"poisson","KFAS_K240",1.88026350637946,0.882941489230364,248.123
82,"poisson","sdmTMB",1.73917530898224,0.845073368480432,122.110000000001
83,"poisson","GLM",2.56061187094346,1.23190591175367,0.0559999999995853
83,"poisson","GAM",2.36256445485004,1.16771247325951,47.1729999999998
83,"poisson","cf_dglm",1.73503213522562,0.851767494380163,2.36300000000028
83,"poisson","KFAS_K120",1.84241689847567,0.879734377380239,31.451
83,"poisson","KFAS_K240",1.86196312022821,0.884245745216461,252.517
83,"poisson","sdmTMB",1.72422316506875,0.845893351448266,134.252
84,"poisson","GLM",2.37632728749915,1.18550213134716,0.056999999999789
84,"poisson","GAM",2.15488777428502,1.08844467056736,45.9710000000005
84,"poisson","cf_dglm",1.60434389478699,0.807349056685485,2.22299999999996
84,"poisson","KFAS_K120",1.68781563100119,0.837928532480089,31.6529999999993
84,"poisson","KFAS_K240",1.69120465493073,0.839413958925682,249.965
84,"poisson","sdmTMB",1.60498201866114,0.805863234557648,127.748
85,"poisson","GLM",2.34855485801864,1.16954546797586,0.0540000000000873
85,"poisson","GAM",2.16948286000184,1.08426391229535,47.0910000000003
85,"poisson","cf_dglm",1.63987166711381,0.823913208265711,2.61499999999978
85,"poisson","KFAS_K120",1.7123302191206,0.84974714746514,31.384
85,"poisson","KFAS_K240",1.71875343517985,0.852051912422109,249.362
85,"poisson","sdmTMB",1.63872857999178,0.820346691803394,124.412
86,"poisson","GLM",2.50654139373034,1.25898107953555,0.0600000000004002
86,"poisson","GAM",2.32449582128052,1.16842932952725,45.982
86,"poisson","cf_dglm",1.7761381146797,0.873084834984445,2.27499999999964
86,"poisson","KFAS_K120",1.87018022345579,0.905290578481795,31.1540000000005
86,"poisson","KFAS_K240",1.88210970297576,0.909368417343379,248.519
86,"poisson","sdmTMB",1.77329818469558,0.871654426814218,131.789
87,"poisson","GLM",2.63069446930197,1.23367410219358,0.055000000000291
87,"poisson","GAM",2.33398735792505,1.12639356544699,46.1280000000006
87,"poisson","cf_dglm",1.73924620517613,0.86139319077187,2.74499999999989
87,"poisson","KFAS_K120",1.8640164036,0.901980082963011,31.6709999999994
87,"poisson","KFAS_K240",1.87491837191103,0.90571052541588,254.164
87,"poisson","sdmTMB",1.72489242457202,0.859606856645353,164.987
88,"poisson","GLM",2.50677180663713,1.24744512112453,0.0540000000000873
88,"poisson","GAM",2.29474923708682,1.16338770173549,54.6090000000004
88,"poisson","cf_dglm",1.74221156377544,0.86906683385084,2.49099999999999
88,"poisson","KFAS_K120",1.81227699619306,0.891748927925572,30.9259999999995
88,"poisson","KFAS_K240",1.82289467151635,0.895737155624454,247.446000000001
88,"poisson","sdmTMB",1.71880109119984,0.859426566900457,142.749
89,"poisson","GLM",2.28224655125315,1.15234338277197,0.0610000000006039
89,"poisson","GAM",2.09286569383171,1.05471906989265,54.6720000000005
89,"poisson","cf_dglm",1.65029062609444,0.82255670895253,2.51000000000022
89,"poisson","KFAS_K120",1.72913641537467,0.854631639986015,31.0690000000004
89,"poisson","KFAS_K240",1.73950557145746,0.857892464867632,248.015
89,"poisson","sdmTMB",1.64871684244696,0.821129614507104,117.292
90,"poisson","GLM",2.54030794195022,1.30962604143381,0.0539999999991778
90,"poisson","GAM",2.32903849115416,1.18734043421049,46.1119999999992
90,"poisson","cf_dglm",1.77381659935497,0.879775376247142,2.1260000000002
90,"poisson","KFAS_K120",1.86700501799028,0.916033051371394,32.201
90,"poisson","KFAS_K240",1.87690553704351,0.920511350353699,247.936000000001
90,"poisson","sdmTMB",1.78086075750742,0.884769371703512,123.183
91,"poisson","GLM",2.34234735400325,1.15326922586487,0.0540000000000873
91,"poisson","GAM",2.1389214381404,1.05396896635536,47.1300000000001
91,"poisson","cf_dglm",1.67102435371238,0.824734455994945,3.6239999999998
91,"poisson","KFAS_K120",1.73514576417618,0.849771042091678,31.2650000000003
91,"poisson","KFAS_K240",1.74861242269394,0.852379360542287,250.724
91,"poisson","sdmTMB",1.65708612463946,0.81683965483166,112.188999999999
92,"poisson","GLM",2.61798905061434,1.24037830520523,0.0579999999999927
92,"poisson","GAM",2.40058835058643,1.15317167136205,46.2150000000001
92,"poisson","cf_dglm",1.73376040100356,0.85276063670587,4.09199999999964
92,"poisson","KFAS_K120",1.85467132420281,0.888314682513526,31.1610000000001
92,"poisson","KFAS_K240",1.85848480243855,0.889108881214935,245.004
92,"poisson","sdmTMB",1.72869942058458,0.852828626014979,132.406
93,"poisson","GLM",2.36559194958663,1.1611460762653,0.0529999999998836
93,"poisson","GAM",2.20719039542512,1.09123589851427,46.0879999999997
93,"poisson","cf_dglm",1.65726454539374,0.820245570731293,2.61800000000039
93,"poisson","KFAS_K120",1.76697365220064,0.85402174164636,32.0680000000002
93,"poisson","KFAS_K240",1.77187655745519,0.856613700518845,247.34
93,"poisson","sdmTMB",1.65400658565637,0.818250302296334,122.386
94,"poisson","GLM",2.60608501645751,1.25490431236116,0.056999999999789
94,"poisson","GAM",2.27145002575357,1.12036776169623,54.6440000000002
94,"poisson","cf_dglm",1.69421372135375,0.844807055376753,2.93299999999999
94,"poisson","KFAS_K120",1.82652716529405,0.884005955271031,31.8429999999998
94,"poisson","KFAS_K240",1.84837044985995,0.890281909275624,249.518999999999
94,"poisson","sdmTMB",1.69603341388766,0.843385722226559,131.058
95,"poisson","GLM",2.36296871606147,1.13730040686793,0.0519999999996799
95,"poisson","GAM",2.07357580682509,1.02650095484578,45.9719999999998
95,"poisson","cf_dglm",1.66112556330127,0.821733933176695,4.49000000000069
95,"poisson","KFAS_K120",1.73508105128777,0.844403084555433,31.3060000000005
95,"poisson","KFAS_K240",1.73641086351643,0.844498266283153,250.506
95,"poisson","sdmTMB",1.6428906859885,0.812551564706733,113.403
96,"poisson","GLM",2.72915167776343,1.31240439900178,0.056999999999789
96,"poisson","GAM",2.48330794396652,1.20819854962087,47.1459999999997
96,"poisson","cf_dglm",1.74912216527014,0.875058186641053,2.58899999999994
96,"poisson","KFAS_K120",1.8655342853117,0.90954066220805,31.2510000000002
96,"poisson","KFAS_K240",1.88444823426562,0.915798771639372,247.681
96,"poisson","sdmTMB",1.7502626443843,0.87652419256133,136.533
97,"poisson","GLM",2.73342744594554,1.30611791994939,0.0619999999998981
97,"poisson","GAM",2.50671518041484,1.2081877080731,53.3729999999996
97,"poisson","cf_dglm",1.75132713072018,0.87091137273374,3.37899999999991
97,"poisson","KFAS_K120",1.83016067391693,0.895776861586549,31.5060000000003
97,"poisson","KFAS_K240",1.83325382257655,0.896497844800958,247.465
97,"poisson","sdmTMB",1.74286103145754,0.865717279381378,131.043
98,"poisson","GLM",2.51133257091191,1.25225111000499,0.0540000000000873
98,"poisson","GAM",2.29979192815518,1.15562050171238,45.8829999999998
98,"poisson","cf_dglm",1.74053711952423,0.867558832251591,2.17900000000009
98,"poisson","KFAS_K120",1.84632176276649,0.90473779526037,31.5980000000009
98,"poisson","KFAS_K240",1.85843346469746,0.90916322936276,244.528
98,"poisson","sdmTMB",1.73489651979847,0.86419954482693,127.165
99,"poisson","GLM",2.42032716001211,1.2001203618177,0.0539999999991778
99,"poisson","GAM",2.22317434744773,1.10928404339654,54.3239999999996
99,"poisson","cf_dglm",1.65197055462617,0.829512344254779,4.57200000000012
99,"poisson","KFAS_K120",1.74289894451827,0.859373398752752,31.5479999999998
99,"poisson","KFAS_K240",1.74070681853371,0.858338457439216,225.931
99,"poisson","sdmTMB",1.64932420611854,0.826515709174152,142.674
100,"poisson","GLM",2.28805583752928,1.11847111631145,0.055000000000291
100,"poisson","GAM",2.09228626887318,1.03034247666973,44.3710000000001
100,"poisson","cf_dglm",1.59826831142339,0.793493543332506,2.25799999999981
100,"poisson","KFAS_K120",1.69639130362788,0.828706023324456,29.2069999999994
100,"poisson","KFAS_K240",1.71591027444148,0.834716732308831,222.108
100,"poisson","sdmTMB",1.61139320850803,0.796141715132407,111.047
1,"binary","GLM",0.48746861991767,0.237625655404438,0.027
1,"binary","GAM",0.47538416176838,0.225990101260226,87.902
1,"binary","cf_dglm",0.449363589980146,0.201927635999844,3.09200000000001
1,"binary","KFAS_K120",0.460657273013117,0.212205123179881,34.394
1,"binary","KFAS_K240",0.461214153217975,0.212718495128574,251.59
1,"binary","sdmTMB",0.449085405072843,0.20167770104944,110.003
2,"binary","GLM",0.484846389908488,0.235076021807293,0.023
2,"binary","GAM",0.476257294824566,0.226821010873613,93.406
2,"binary","cf_dglm",0.446804049017108,0.199633858218082,3.52500000000001
2,"binary","KFAS_K120",0.459396212265266,0.211044879843673,32.479
2,"binary","KFAS_K240",0.459767403241667,0.211386065083586,273.852
2,"binary","sdmTMB",0.445701054968673,0.198649430400188,107.282
3,"binary","GLM",0.486409403843049,0.23659410814695,0.028
3,"binary","GAM",0.476326827994382,0.226887247067189,103.032
3,"binary","cf_dglm",0.447504595518606,0.200260363010271,2.54900000000001
3,"binary","KFAS_K120",0.460520786053701,0.212079394387519,31.801
3,"binary","KFAS_K240",0.460781314888234,0.21231942015013,251.055
3,"binary","sdmTMB",0.446672509252274,0.199516330521723,116.87
4,"binary","GLM",0.487952958427542,0.238098089638191,0.023
4,"binary","GAM",0.476931532697607,0.227463686881289,80.997
4,"binary","cf_dglm",0.455453172834788,0.207437592645276,2.762
4,"binary","KFAS_K120",0.464275820570438,0.215552037566354,34.581
4,"binary","KFAS_K240",0.464621826799554,0.215873441938555,288.332
4,"binary","sdmTMB",0.454075399520478,0.206184468449681,132.819
5,"binary","GLM",0.488546233935795,0.238677422692848,0.021
5,"binary","GAM",0.477250682169447,0.227768213631202,81.73
5,"binary","cf_dglm",0.452028005260287,0.204329317539594,1.733
5,"binary","KFAS_K120",0.462912076550588,0.214287590616378,34.407
5,"binary","KFAS_K240",0.46276443170184,0.214150919248326,289.006
5,"binary","sdmTMB",0.4504584797991,0.202912842022916,119.089
6,"binary","GLM",0.482694781793211,0.232994252370396,0.021
6,"binary","GAM",0.470417639177658,0.221292755249481,103.197
6,"binary","cf_dglm",0.444238264899429,0.197347636000855,2.96899999999999
6,"binary","KFAS_K120",0.457655685069931,0.209448726076828,31.71
6,"binary","KFAS_K240",0.457823061169468,0.209601955338582,286.367
6,"binary","sdmTMB",0.444261031716044,0.197367864301404,129.181
7,"binary","GLM",0.485704338100897,0.23590870405003,0.029
7,"binary","GAM",0.476902632775619,0.227436121148317,103.415
7,"binary","cf_dglm",0.452202554622757,0.204487150407348,1.44600000000001
7,"binary","KFAS_K120",0.463432956677588,0.214770105334931,31.597
7,"binary","KFAS_K240",0.463452533044824,0.214788250385663,251.631
7,"binary","sdmTMB",0.451529615326679,0.203878993517059,111.54
8,"binary","GLM",0.483979650439138,0.23423630203919,0.026
8,"binary","GAM",0.477194848477444,0.22771492341341,86.822
8,"binary","cf_dglm",0.447069534669242,0.199871168829372,2.131
8,"binary","KFAS_K120",0.460660767961156,0.212208343138562,33.975
8,"binary","KFAS_K240",0.460849720699103,0.212382465068441,251.958
8,"binary","sdmTMB",0.446963378851707,0.199776262034534,124.307
9,"binary","GLM",0.485504792427776,0.235714903470338,0.025
9,"binary","GAM",0.473693466462787,0.224385500169532,114.871
9,"binary","cf_dglm",0.452510616923848,0.204765858428802,2.249
9,"binary","KFAS_K120",0.46257499217152,0.213975623382481,31.097
9,"binary","KFAS_K240",0.462770954603275,0.214156956424427,250.395
9,"binary","sdmTMB",0.450952167373828,0.203357857259153,106.635
10,"binary","GLM",0.485011286308591,0.235235947846714,0.022
10,"binary","GAM",0.473206212318602,0.223924119376918,87.353
10,"binary","cf_dglm",0.440154218347948,0.193735735929493,3.852
10,"binary","KFAS_K120",0.456512763006454,0.208403902787787,33.696
10,"binary","KFAS_K240",0.456620575633788,0.208502350092132,251.416
10,"binary","sdmTMB",0.439193530136625,0.19289095691387,124.664
11,"binary","GLM",0.482809449640482,0.233104964662145,0.029
11,"binary","GAM",0.473285069418921,0.223998756934873,79.862
11,"binary","cf_dglm",0.442910594021092,0.196169794296117,1.669
11,"binary","KFAS_K120",0.458330942446567,0.210067252803959,34.119
11,"binary","KFAS_K240",0.458379357245906,0.21011163514917,266.554
11,"binary","sdmTMB",0.443455575009131,0.196652847006679,127.747
12,"binary","GLM",0.484563195304444,0.234801490243653,0.023
12,"binary","GAM",0.474589733521231,0.225235415163753,69.305
12,"binary","cf_dglm",0.447569868080551,0.200318786813642,3.316
12,"binary","KFAS_K120",0.459826823060553,0.211440707205961,31.678
12,"binary","KFAS_K240",0.460012702043367,0.21161168604124,254.987
12,"binary","sdmTMB",0.446632889899583,0.199480938340053,107.769
13,"binary","GLM",0.486714589824693,0.236891091948219,0.0249999999999999
13,"binary","GAM",0.474208241995778,0.224873456776726,114.741
13,"binary","cf_dglm",0.446888431128354,0.199709269876361,1.53
13,"binary","KFAS_K120",0.460796961064337,0.212333839326128,30.565
13,"binary","KFAS_K240",0.46120235784898,0.212707614885459,250.329
13,"binary","sdmTMB",0.446286493993269,0.199171634720804,139.555
14,"binary","GLM",0.487360782695692,0.237520532509757,0.0239999999999999
14,"binary","GAM",0.473146631222201,0.223867734636917,79.431
14,"binary","cf_dglm",0.44715592625592,0.19994842238579,3.312
14,"binary","KFAS_K120",0.461332804463935,0.21282795647456,34.092
14,"binary","KFAS_K240",0.461371548046475,0.212863705346801,288.863
14,"binary","sdmTMB",0.446573567230111,0.199427950948626,136.712
15,"binary","GLM",0.48612654115516,0.23631901401548,0.0209999999999999
15,"binary","GAM",0.474240151800714,0.224903721579964,115.81
15,"binary","cf_dglm",0.447204574192904,0.199991931179057,1.374
15,"binary","KFAS_K120",0.460582914130359,0.212136620788814,31.207
15,"binary","KFAS_K240",0.460757414775347,0.212297395270461,287.508
15,"binary","sdmTMB",0.445728589859271,0.198673975817935,117.763
16,"binary","GLM",0.48674987826833,0.236925443994234,0.0199999999999999
16,"binary","GAM",0.474868770071025,0.225500348788768,50.185
16,"binary","cf_dglm",0.446783203785564,0.199615231184893,1.825
16,"binary","KFAS_K120",0.459438978613484,0.211084175069402,29.754
16,"binary","KFAS_K240",0.45990406664896,0.211511750520251,253.678
16,"binary","sdmTMB",0.446013942065089,0.198928436516441,134.518
17,"binary","GLM",0.479792486678252,0.230200830272901,0.0199999999999999
17,"binary","GAM",0.470963137690757,0.221806277063523,93.853
17,"binary","cf_dglm",0.448543338950445,0.201191126916814,3.185
17,"binary","KFAS_K120",0.461085557952368,0.212599891752247,32.549
17,"binary","KFAS_K240",0.461198333784777,0.212703903085855,284.158
17,"binary","sdmTMB",0.446402344096941,0.199275052815244,123.606
18,"binary","GLM",0.486930365703846,0.237101181044481,0.02
18,"binary","GAM",0.478896390701297,0.229341753026729,88.842
18,"binary","cf_dglm",0.452239460729743,0.204520529841128,2.699
18,"binary","KFAS_K120",0.462945878556666,0.214318886472603,34.189
18,"binary","KFAS_K240",0.463147463262094,0.214505572726113,251.559
18,"binary","sdmTMB",0.450961991624662,0.203366717890082,111.151
19,"binary","GLM",0.486990403929673,0.237159653519586,0.0169999999999959
19,"binary","GAM",0.47806629915383,0.228547386386639,82.624
19,"binary","cf_dglm",0.448887321007821,0.201499826961579,1.77599999999995
19,"binary","KFAS_K120",0.461115818181977,0.212627797777634,36.961
19,"binary","KFAS_K240",0.461216071674153,0.212720264770538,291.635
19,"binary","sdmTMB",0.447270389920071,0.200050801699252,98.686
20,"binary","GLM",0.485834447449633,0.236035110328691,0.0219999999999914
20,"binary","GAM",0.476253861235252,0.226817740341487,76.5629999999999
20,"binary","cf_dglm",0.448562579536841,0.201208387760745,1.67199999999991
20,"binary","KFAS_K120",0.462176023728477,0.213606676909466,36.591
20,"binary","KFAS_K240",0.462228001436133,0.213654725311642,285.52
20,"binary","sdmTMB",0.447591770383796,0.200338392915301,132.318
21,"binary","GLM",0.48271942857721,0.233018046725908,0.0199999999999818
21,"binary","GAM",0.471850430496645,0.22264282875987,75.485
21,"binary","cf_dglm",0.448349693950446,0.201017448065458,1.20600000000002
21,"binary","KFAS_K120",0.459914886058306,0.211521702418024,38.646
21,"binary","KFAS_K240",0.460163618252282,0.211750555563032,268.418
21,"binary","sdmTMB",0.447399001540302,0.200165866579259,89.086
22,"binary","GLM",0.487052878585804,0.237220506538718,0.0230000000000246
22,"binary","GAM",0.47634146935898,0.226901195431072,80.427
22,"binary","cf_dglm",0.448169994535969,0.200856344002371,3.62199999999996
22,"binary","KFAS_K120",0.460546062070681,0.212102675288812,36.32
22,"binary","KFAS_K240",0.460811996796175,0.212347696391278,272.678
22,"binary","sdmTMB",0.447255789520539,0.200037741259641,107.806
23,"binary","GLM",0.485951069199851,0.236148441656478,0.0169999999999959
23,"binary","GAM",0.474010629224479,0.224686076617787,79.054
23,"binary","cf_dglm",0.449140864005061,0.201727515719212,2.56400000000008
23,"binary","KFAS_K120",0.460993977671236,0.212515447449148,34.866
23,"binary","KFAS_K240",0.461233712357532,0.21273653741511,243.964
23,"binary","sdmTMB",0.448866249032698,0.201480909520684,110.607
24,"binary","GLM",0.481377511404049,0.231724308485555,0.0229999999999677
24,"binary","GAM",0.469475429783507,0.220407179170409,96.076
24,"binary","cf_dglm",0.445521481532077,0.198489390506537,2.87800000000004
24,"binary","KFAS_K120",0.457947295968641,0.20971572588499,33.5599999999999
24,"binary","KFAS_K240",0.458576999957381,0.210292864889912,239.979
24,"binary","sdmTMB",0.444493677554558,0.197574629385975,95.5120000000001
25,"binary","GLM",0.488280492968023,0.238417839813096,0.0169999999999959
25,"binary","GAM",0.477036093276839,0.227563434288829,89.511
25,"binary","cf_dglm",0.447904049538127,0.200618037592653,1.31900000000007
25,"binary","KFAS_K120",0.461097621604247,0.212611016649093,33.7199999999999
25,"binary","KFAS_K240",0.460931214918513,0.212457584886257,274.492
25,"binary","sdmTMB",0.446697542767882,0.199538694714863,87.928
26,"binary","GLM",0.483362782232761,0.233639579247796,0.0189999999999486
26,"binary","GAM",0.471440106443139,0.222255773963118,77.7620000000001
26,"binary","cf_dglm",0.441767186460668,0.195158247033375,3.15700000000004
26,"binary","KFAS_K120",0.458047370334386,0.209807393470246,34.3580000000001
26,"binary","KFAS_K240",0.458300878977557,0.210039695671601,241.983
26,"binary","sdmTMB",0.441417726330998,0.194849609119228,91.769
27,"binary","GLM",0.485482324083139,0.235693086997166,0.0200000000000387
27,"binary","GAM",0.475905890283881,0.226486416406894,83.994
27,"binary","cf_dglm",0.449046918447743,0.201643134967414,1.46100000000001
27,"binary","KFAS_K120",0.460367563866061,0.211938293859971,33.207
27,"binary","KFAS_K240",0.460632407710637,0.212182215033298,262.099
27,"binary","sdmTMB",0.447369366683966,0.200139350247213,98.606
28,"binary","GLM",0.483625034920403,0.233893174401761,0.0260000000000105
28,"binary","GAM",0.472052170067055,0.222833251265015,84.4089999999999
28,"binary","cf_dglm",0.446070277933436,0.198978692855613,3.51100000000008
28,"binary","KFAS_K120",0.458958772550351,0.210643154900925,33.081
28,"binary","KFAS_K240",0.459020267379659,0.210699605865294,239.969
28,"binary","sdmTMB",0.445357527726794,0.198343327502922,90.194
29,"binary","GLM",0.487030052621643,0.23719827215664,0.0199999999999818
29,"binary","GAM",0.473128485696645,0.2238505639776,86.073
29,"binary","cf_dglm",0.449747360504566,0.202272688280824,1.66800000000001
29,"binary","KFAS_K120",0.461464284761439,0.212949286110386,32.677
29,"binary","KFAS_K240",0.461777364805941,0.213238334647119,272.478
29,"binary","sdmTMB",0.448537629038541,0.201186004663516,115.177
30,"binary","GLM",0.48127404634903,0.231624707689169,0.0180000000000291
30,"binary","GAM",0.471756011204905,0.222553734107963,85.9939999999999
30,"binary","cf_dglm",0.446890272724207,0.199710915855516,2.22199999999998
30,"binary","KFAS_K120",0.459227483118722,0.210889881251556,32.0300000000001
30,"binary","KFAS_K240",0.459291499140042,0.210948681182307,237.98
30,"binary","sdmTMB",0.446064517114946,0.19897355342899,94.6129999999999
31,"binary","GLM",0.485521884888753,0.235731500705927,0.0259999999999536
31,"binary","GAM",0.474704188745618,0.225344066812635,108.359
31,"binary","cf_dglm",0.450731105765127,0.203158529704254,2.68399999999997
31,"binary","KFAS_K120",0.462637686610354,0.21403362907218,30.9920000000001
31,"binary","KFAS_K240",0.462761589393537,0.214148288618032,252.138
31,"binary","sdmTMB",0.448488660660699,0.201142078741228,117.418
32,"binary","GLM",0.492543190267159,0.242598794278551,0.0230000000000246
32,"binary","GAM",0.484749420124923,0.23498200031145,83.647
32,"binary","cf_dglm",0.459045363944688,0.210722646159111,2.75999999999999
32,"binary","KFAS_K120",0.468318338477771,0.21932206615458,28.0989999999999
32,"binary","KFAS_K240",0.468735384723144,0.219712860891554,267.777
32,"binary","sdmTMB",0.457206583116138,0.209037859644734,131.149
33,"binary","GLM",0.487918627645384,0.238064587203355,0.02699999999993
33,"binary","GAM",0.476228373256593,0.226793463494621,93.773
33,"binary","cf_dglm",0.45147067062375,0.203825766433459,1.18899999999996
33,"binary","KFAS_K120",0.463063977476783,0.214428247236618,31.009
33,"binary","KFAS_K240",0.46332645595291,0.214671404785884,253.701
33,"binary","sdmTMB",0.450541627548523,0.202987758154072,108.365
34,"binary","GLM",0.488406020379677,0.238540440743113,0.0190000000000055
34,"binary","GAM",0.481996969581908,0.232321078686143,73.765
34,"binary","cf_dglm",0.449887734742199,0.202398973871467,1.399
34,"binary","KFAS_K120",0.461537140948382,0.213016532474807,31.78
34,"binary","KFAS_K240",0.46197001245424,0.213416292406971,250.172
34,"binary","sdmTMB",0.449533616195911,0.202080472090173,101.957
35,"binary","GLM",0.481697774310832,0.232032745776009,0.0270000000000437
35,"binary","GAM",0.470634251365486,0.221496598558351,81.981
35,"binary","cf_dglm",0.445102342944331,0.198116095694533,1.33300000000008
35,"binary","KFAS_K120",0.458665248482267,0.2103738101653,31.341
35,"binary","KFAS_K240",0.459073952945651,0.210748894273146,254.541
35,"binary","sdmTMB",0.444230155321663,0.197340430897109,109.468
36,"binary","GLM",0.4884041570448,0.238538620618642,0.0309999999999491
36,"binary","GAM",0.474570596634639,0.225217251190157,66.2479999999999
36,"binary","cf_dglm",0.450216078024429,0.202694516911699,3.08699999999999
36,"binary","KFAS_K120",0.461471929196487,0.212956341436327,31.008
36,"binary","KFAS_K240",0.461772311058517,0.213233667260324,235.29
36,"binary","sdmTMB",0.448651525963313,0.20128819174921,140.369
37,"binary","GLM",0.48277078368987,0.233067629584531,0.0160000000000764
37,"binary","GAM",0.469913799646012,0.220818979097753,81.9250000000001
37,"binary","cf_dglm",0.447415195628403,0.200180357279202,2.52800000000002
37,"binary","KFAS_K120",0.46008260258197,0.211676001198599,27.3299999999999
37,"binary","KFAS_K240",0.4599860730353,0.211587187386436,233.01
37,"binary","sdmTMB",0.44457561085928,0.197647473770902,92.28
38,"binary","GLM",0.486818593436487,0.236992342915479,0.0160000000000764
38,"binary","GAM",0.478499882523157,0.228962137574675,71.4519999999999
38,"binary","cf_dglm",0.449057281496682,0.201652442065191,3.0619999999999
38,"binary","KFAS_K120",0.461690690774935,0.213158293948236,27.6420000000001
38,"binary","KFAS_K240",0.462146025534561,0.213578948917391,220.798
38,"binary","sdmTMB",0.448285911560226,0.200960258503383,113.423
39,"binary","GLM",0.487484338765117,0.237640980541264,0.0169999999999391
39,"binary","GAM",0.475036123611495,0.225659318735835,49.6719999999999
39,"binary","cf_dglm",0.445689625371373,0.198639242163675,2.31599999999992
39,"binary","KFAS_K120",0.46057855653682,0.212132606741541,27.408
39,"binary","KFAS_K240",0.460785435097851,0.212323217198316,220.79
39,"binary","sdmTMB",0.444918385069348,0.197952369372717,96.6389999999999
40,"binary","GLM",0.482895208196819,0.233187782099449,0.0170000000000528
40,"binary","GAM",0.470622311874246,0.22148536043386,69.0189999999999
40,"binary","cf_dglm",0.440535976435025,0.194071946533561,1.23699999999985
40,"binary","KFAS_K120",0.45687708292779,0.208736668904607,27.405
40,"binary","KFAS_K240",0.457013484120678,0.208861324668122,220.244
40,"binary","sdmTMB",0.440064333285815,0.193656617430288,103.893
41,"binary","GLM",0.490095658626842,0.240193754604878,0.0169999999999391
41,"binary","GAM",0.477835707059233,0.228326962940798,89.966
41,"binary","cf_dglm",0.454650920157329,0.206707459199906,1.55700000000002
41,"binary","KFAS_K120",0.465068764817969,0.216288956009311,27.45
41,"binary","KFAS_K240",0.465111461181977,0.216328671322833,240.915
41,"binary","sdmTMB",0.453290147861313,0.205471958148131,120.776
42,"binary","GLM",0.491692004790907,0.241761027575301,0.0170000000000528
42,"binary","GAM",0.484009968977367,0.234265650069472,62.902
42,"binary","cf_dglm",0.453555403441313,0.205712503990812,1.71199999999999
42,"binary","KFAS_K120",0.46446319233743,0.215726057036277,27.434
42,"binary","KFAS_K240",0.464712216822562,0.21595744446414,242.137
42,"binary","sdmTMB",0.452434078050312,0.204696594981236,94.307
43,"binary","GLM",0.487864255889607,0.23801153217472,0.0179999999999154
43,"binary","GAM",0.474589744750047,0.225235425821915,70.4590000000001
43,"binary","cf_dglm",0.449036962970526,0.201634194113793,3.01300000000015
43,"binary","KFAS_K120",0.46180767608272,0.213266329688923,27.652
43,"binary","KFAS_K240",0.461889696175463,0.213342091433062,254.036
43,"binary","sdmTMB",0.44946061185873,0.202014841612424,91.8410000000001
44,"binary","GLM",0.48612637548257,0.23631885293982,0.0170000000000528
44,"binary","GAM",0.474415350332765,0.225069924631361,57.687
44,"binary","cf_dglm",0.445841076028298,0.198774265074071,1.5920000000001
44,"binary","KFAS_K120",0.46015333820559,0.211741094661748,27.5260000000001
44,"binary","KFAS_K240",0.460324455541875,0.211898604369924,240.189
44,"binary","sdmTMB",0.445257579830885,0.198254312396857,88.2529999999999
45,"binary","GLM",0.481712957687351,0.232047373603895,0.0179999999999154
45,"binary","GAM",0.469491442066543,0.220422214173722,83.68
45,"binary","cf_dglm",0.446864972597304,0.19968830373439,2.64899999999989
45,"binary","KFAS_K120",0.45905126005828,0.210728059361094,27.7649999999999
45,"binary","KFAS_K240",0.459321495978216,0.210976236667666,219.936
45,"binary","sdmTMB",0.44418128379508,0.197297012873846,105.737
46,"binary","GLM",0.48602129643305,0.236216700586463,0.0170000000000528
46,"binary","GAM",0.478517349954542,0.228978854207518,74.8240000000001
46,"binary","cf_dglm",0.445900586162859,0.198827332740381,2.73199999999997
46,"binary","KFAS_K120",0.459365385573488,0.211016557463079,27.212
46,"binary","KFAS_K240",0.459532150000153,0.211169796883763,220.746
46,"binary","sdmTMB",0.444569795419826,0.197642302999626,89.3600000000001
47,"binary","GLM",0.488659443484102,0.238788051706192,0.0170000000000528
47,"binary","GAM",0.478408289247124,0.22887449122036,77.1679999999999
47,"binary","cf_dglm",0.451132885218971,0.203520880125993,1.25499999999988
47,"binary","KFAS_K120",0.463201962234965,0.214556057818322,27.6689999999999
47,"binary","KFAS_K240",0.463291704121049,0.214639203107386,280.102
47,"binary","sdmTMB",0.450312373535975,0.202781233759603,90.7159999999999
48,"binary","GLM",0.488172445200758,0.238312336253287,0.0170000000000528
48,"binary","GAM",0.47661535624488,0.227162197808434,89.8149999999999
48,"binary","cf_dglm",0.450709074153386,0.203138669524203,2.69899999999984
48,"binary","KFAS_K120",0.462620539147754,0.214017763241358,27.5549999999998
48,"binary","KFAS_K240",0.462735913068899,0.214124525243708,253.158
48,"binary","sdmTMB",0.449742407681583,0.202268233267227,91.3799999999999
49,"binary","GLM",0.484150590923118,0.234401794691204,0.0179999999999154
49,"binary","GAM",0.474021885362793,0.224696747802897,80.1680000000001
49,"binary","cf_dglm",0.451113117490523,0.203503044772018,2.74900000000002
49,"binary","KFAS_K120",0.461910587624886,0.213361390959968,27.4580000000001
49,"binary","KFAS_K240",0.462049198421349,0.213489461761811,240.575
49,"binary","sdmTMB",0.449766114840253,0.202289558058495,105.092
50,"binary","GLM",0.486843707714925,0.237016795741615,0.0170000000000528
50,"binary","GAM",0.476714080524046,0.227256314569887,69.017
50,"binary","cf_dglm",0.454528440066627,0.206596102829402,3.47699999999986
50,"binary","KFAS_K120",0.463845283666772,0.215152447179909,27.5319999999999
50,"binary","KFAS_K240",0.463973837603319,0.215271721980351,221.472
50,"binary","sdmTMB",0.452613529317991,0.204859006921687,97.7059999999999
51,"binary","GLM",0.48133926942764,0.231687492293134,0.0170000000000528
51,"binary","GAM",0.473957054371065,0.224635289388097,69.0240000000001
51,"binary","cf_dglm",0.444791383184208,0.197839374554921,1.80500000000006
51,"binary","KFAS_K120",0.459137523215484,0.210807265224449,27.423
51,"binary","KFAS_K240",0.459153347593386,0.210821796606213,221.544
51,"binary","sdmTMB",0.444095719298463,0.197221007899219,91.874
52,"binary","GLM",0.483390604499776,0.233666476518658,0.0180000000000291
52,"binary","GAM",0.474519544617918,0.225168798224397,78.662
52,"binary","cf_dglm",0.445487464295084,0.198459080844064,1.85399999999981
52,"binary","KFAS_K120",0.460103690112831,0.211695405655444,27.3049999999998
52,"binary","KFAS_K240",0.460192958742673,0.211777559276335,232.488
52,"binary","sdmTMB",0.444336730253041,0.197435129851964,100.252
53,"binary","GLM",0.484230060599936,0.234478751588618,0.0170000000000528
53,"binary","GAM",0.473939094407848,0.224618265208131,81.8900000000001
53,"binary","cf_dglm",0.444887836771806,0.197925187307497,1.55700000000002
53,"binary","KFAS_K120",0.459618416977048,0.211249089224488,27.7589999999998
53,"binary","KFAS_K240",0.459847384737791,0.211459617250186,253.39
53,"binary","sdmTMB",0.44401791872672,0.197151912150409,108.755
54,"binary","GLM",0.485014800315534,0.235239356525117,0.015999999999849
54,"binary","GAM",0.474210248945592,0.22487536020504,76.71
54,"binary","cf_dglm",0.448770119204601,0.201394619890911,2.07300000000009
54,"binary","KFAS_K120",0.460376502266486,0.211946523839124,27.4390000000001
54,"binary","KFAS_K240",0.460606576631714,0.212158418436387,220.738
54,"binary","sdmTMB",0.448418987055802,0.201079587952151,115.178
55,"binary","GLM",0.487872881094124,0.238019948107081,0.0160000000000764
55,"binary","GAM",0.475029154293326,0.225652697428633,57.443
55,"binary","cf_dglm",0.445527432339148,0.198494692966714,2.53399999999988
55,"binary","KFAS_K120",0.460302222772991,0.211878136289756,27.4549999999999
55,"binary","KFAS_K240",0.460565497872335,0.212120577830392,234.731
55,"binary","sdmTMB",0.445172423911669,0.198178487011391,88.367
56,"binary","GLM",0.484861468590641,0.235090643723874,0.0160000000000764
56,"binary","GAM",0.475788611790863,0.226374803109876,74.7940000000001
56,"binary","cf_dglm",0.447256935938275,0.200038766744894,1.54199999999992
56,"binary","KFAS_K120",0.460815372525371,0.212350807555697,27.444
56,"binary","KFAS_K240",0.460816026855546,0.212351410606931,241.14
56,"binary","sdmTMB",0.446371502616949,0.199247518348513,94.0160000000001
57,"binary","GLM",0.486518111509578,0.236699872826846,0.0169999999998254
57,"binary","GAM",0.474473296168213,0.225124908776729,68.97
57,"binary","cf_dglm",0.448023454766047,0.200725016020504,1.43700000000013
57,"binary","KFAS_K120",0.460660408395595,0.212208011863196,27.579
57,"binary","KFAS_K240",0.46117919725574,0.212686251981449,254.677
57,"binary","sdmTMB",0.447251342731442,0.200033763575078,100.09
58,"binary","GLM",0.490549607172338,0.240638917096935,0.015999999999849
58,"binary","GAM",0.480701103989216,0.231073551376451,67.778
58,"binary","cf_dglm",0.454409046636361,0.206487581664966,2.95500000000015
58,"binary","KFAS_K120",0.466224628649606,0.217365404359463,27.472
58,"binary","KFAS_K240",0.466414399168242,0.217542391751472,251.714
58,"binary","sdmTMB",0.45389097918769,0.20601702098796,102.317
59,"binary","GLM",0.48641750826262,0.236601992344416,0.0169999999998254
59,"binary","GAM",0.475967924685067,0.22654546532901,62.8249999999998
59,"binary","cf_dglm",0.449057513003542,0.201652649984927,2.01900000000001
59,"binary","KFAS_K120",0.460982136075489,0.212504529780721,27.6360000000002
59,"binary","KFAS_K240",0.461336634553003,0.212831490380691,220.262
59,"binary","sdmTMB",0.448162540875209,0.200849663043723,119.193
60,"binary","GLM",0.488663669954368,0.238792182333272,0.0170000000000528
60,"binary","GAM",0.476535073628843,0.227085676398447,76.9859999999999
60,"binary","cf_dglm",0.45361566353119,0.205767170200842,1.27199999999993
60,"binary","KFAS_K120",0.463222248570503,0.214574851570713,27.52
60,"binary","KFAS_K240",0.463315431324102,0.214661188903039,221.271
60,"binary","sdmTMB",0.452874794321466,0.20509557933171,86.691
61,"binary","GLM",0.483717335229487,0.233982460401515,0.0170000000000528
61,"binary","GAM",0.473146090971624,0.223867223401729,88.963
61,"binary","cf_dglm",0.443752886190757,0.196916624002627,3.23199999999997
61,"binary","KFAS_K120",0.457842804006448,0.209620033180486,27.809
61,"binary","KFAS_K240",0.457936153525015,0.209705520705286,221.476
61,"binary","sdmTMB",0.4423068911538,0.195635385962139,81.6599999999999
62,"binary","GLM",0.484924535293176,0.235151804929302,0.0160000000000764
62,"binary","GAM",0.47517670216138,0.225792898276965,67.9889999999998
62,"binary","cf_dglm",0.449085120811586,0.201677445734356,1.13799999999992
62,"binary","KFAS_K120",0.461077019924461,0.212592018302421,27.569
62,"binary","KFAS_K240",0.461332404350055,0.212827587303402,260.758
62,"binary","sdmTMB",0.44875050707092,0.201377017596408,104.072
63,"binary","GLM",0.491843967487288,0.241910488353636,0.0170000000000528
63,"binary","GAM",0.479774821689468,0.230183879527161,49.681
63,"binary","cf_dglm",0.454292427701629,0.20638160986704,2.76900000000001
63,"binary","KFAS_K120",0.465870701767028,0.217035510764903,27.567
63,"binary","KFAS_K240",0.466280129816542,0.217417159461731,258.973
63,"binary","sdmTMB",0.453265759670222,0.205449848889424,108.413
64,"binary","GLM",0.48611187685188,0.236304756816457,0.0170000000000528
64,"binary","GAM",0.472032324001277,0.222814514902047,68.01
64,"binary","cf_dglm",0.450142402915431,0.202628182902478,1.39100000000008
64,"binary","KFAS_K120",0.462290809432746,0.213712792485984,27.326
64,"binary","KFAS_K240",0.462598760086103,0.2139976128332,240.35
64,"binary","sdmTMB",0.449031719617334,0.2016294852225,117.485
65,"binary","GLM",0.482627838628706,0.232929630619416,0.0170000000000528
65,"binary","GAM",0.475506903713372,0.226106815479078,89.9179999999999
65,"binary","cf_dglm",0.448886696566055,0.201499266353985,2.52399999999989
65,"binary","KFAS_K120",0.461057232978168,0.212573772081485,27.626
65,"binary","KFAS_K240",0.461182926388734,0.212689691592477,240.213
65,"binary","sdmTMB",0.44746430452176,0.200224303821143,124.647
66,"binary","GLM",0.484052156893385,0.234306490593138,0.0170000000000528
66,"binary","GAM",0.47587131993427,0.226453513135985,67.892
66,"binary","cf_dglm",0.451651206918008,0.203988812710493,2.04399999999987
66,"binary","KFAS_K120",0.462146375703398,0.213579272575786,27.473
66,"binary","KFAS_K240",0.462657880139067,0.214052314054775,221.808
66,"binary","sdmTMB",0.450889892870443,0.203301695492719,108.089
67,"binary","GLM",0.487935858817433,0.238081402319906,0.0149999999998727
67,"binary","GAM",0.478429500701094,0.228894787141098,74.7279999999998
67,"binary","cf_dglm",0.452264883300955,0.204543524667227,1.19699999999989
67,"binary","KFAS_K120",0.463581051287252,0.214907391112593,27.653
67,"binary","KFAS_K240",0.463804488189386,0.215114603264619,221.393
67,"binary","sdmTMB",0.45002097732892,0.202518880036076,100.032
68,"binary","GLM",0.48673778670408,0.236913673005587,0.0160000000000764
68,"binary","GAM",0.474181385484259,0.224847986339772,78.171
68,"binary","cf_dglm",0.444646451439679,0.197710466777899,3.41200000000003
68,"binary","KFAS_K120",0.459034886504829,0.210713027028502,27.326
68,"binary","KFAS_K240",0.459464110892279,0.211107269198033,240.392
68,"binary","sdmTMB",0.44395566617471,0.19709663352863,89.145
69,"binary","GLM",0.488616562645122,0.238746145291134,0.0170000000000528
69,"binary","GAM",0.476880261421522,0.22741478373346,68.0330000000001
69,"binary","cf_dglm",0.447088545949955,0.199888167919645,1.78700000000003
69,"binary","KFAS_K120",0.461100958981842,0.212614094373974,27.4560000000001
69,"binary","KFAS_K240",0.461331887127939,0.212827110081026,247.004
69,"binary","sdmTMB",0.446104450349828,0.199009180621923,86.885
70,"binary","GLM",0.48219972457203,0.232516574377341,0.0170000000000528
70,"binary","GAM",0.473428837904968,0.224134864560049,67.7350000000001
70,"binary","cf_dglm",0.446781992758022,0.199614149052829,1.81400000000008
70,"binary","KFAS_K120",0.461397978394719,0.212888094466733,27.5140000000001
70,"binary","KFAS_K240",0.461658357657271,0.213128439194809,220.786
70,"binary","sdmTMB",0.445987257211629,0.198904633595151,113.284
71,"binary","GLM",0.488363642890479,0.238499047697259,0.0180000000000291
71,"binary","GAM",0.47407912188683,0.224751013808988,71.5160000000001
71,"binary","cf_dglm",0.451189502394643,0.203571967071125,1.81999999999994
71,"binary","KFAS_K120",0.462745697752444,0.214133580788396,27.4569999999999
71,"binary","KFAS_K240",0.462845656321143,0.21422610157535,253.569
71,"binary","sdmTMB",0.449881712622678,0.202393555352314,107.262
72,"binary","GLM",0.488691966186936,0.238819837815653,0.0150000000001
72,"binary","GAM",0.473699604771226,0.224391315560416,64.8
72,"binary","cf_dglm",0.449190642389828,0.201772233210586,1.90200000000004
72,"binary","KFAS_K120",0.462426077391842,0.213837877052006,27.6490000000001
72,"binary","KFAS_K240",0.462669036770178,0.214062637585844,220.589
72,"binary","sdmTMB",0.44847520796655,0.201130012160641,104.518
73,"binary","GLM",0.486295304932419,0.236483123599314,0.0149999999998727
73,"binary","GAM",0.474269938488349,0.224931974553742,93.557
73,"binary","cf_dglm",0.445353705424852,0.198339922935646,2.09300000000007
73,"binary","KFAS_K120",0.460782847579819,0.212320832623766,27.4780000000001
73,"binary","KFAS_K240",0.461175460486601,0.212682805355029,255.142
73,"binary","sdmTMB",0.445046884833741,0.198066729700217,92.1680000000001
74,"binary","GLM",0.48594095456278,0.236138611321386,0.0160000000000764
74,"binary","GAM",0.480170140038866,0.230563363384944,59.883
74,"binary","cf_dglm",0.451076219915232,0.203469756173015,1.25600000000009
74,"binary","KFAS_K120",0.461934517536478,0.213383498491659,27.655
74,"binary","KFAS_K240",0.462227656193673,0.213654406150296,241.232
74,"binary","sdmTMB",0.449943298441443,0.202448971812365,121.678
75,"binary","GLM",0.482351260577382,0.232662738580589,0.0170000000000528
75,"binary","GAM",0.474497791852075,0.225148154472496,71.566
75,"binary","cf_dglm",0.449589994061891,0.202131162760571,2.20100000000002
75,"binary","KFAS_K120",0.460457786460111,0.212021373111745,27.759
75,"binary","KFAS_K240",0.460615732323388,0.212166852863811,221.426
75,"binary","sdmTMB",0.448274559624025,0.200950080806114,115.109
76,"binary","GLM",0.486620550708646,0.236799560371986,0.0170000000000528
76,"binary","GAM",0.474572403075524,0.225218965760878,68.818
76,"binary","cf_dglm",0.450539194265153,0.202985565569093,1.47799999999984
76,"binary","KFAS_K120",0.460220194532338,0.211802627455383,27.7169999999999
76,"binary","KFAS_K240",0.460332924294444,0.211906401189474,222.146
76,"binary","sdmTMB",0.449485765282866,0.202037453191924,123.335
77,"binary","GLM",0.486970125054586,0.237139902695679,0.015999999999849
77,"binary","GAM",0.477518825833128,0.22802422902505,59.914
77,"binary","cf_dglm",0.450924221633037,0.20333265365536,3.34799999999996
77,"binary","KFAS_K120",0.463919023882349,0.215220860719952,28.011
77,"binary","KFAS_K240",0.464161673094714,0.215446058770084,220.259
77,"binary","sdmTMB",0.450921936036089,0.203330592398534,96.7470000000003
78,"binary","GLM",0.481520866631136,0.2318623450012,0.0149999999998727
78,"binary","GAM",0.467408872416452,0.218471054013619,49.6189999999999
78,"binary","cf_dglm",0.441679767801949,0.195081017285583,3.07999999999993
78,"binary","KFAS_K120",0.456563706842359,0.208450418405635,27.7169999999999
78,"binary","KFAS_K240",0.456865562987607,0.208726142643983,221.531
78,"binary","sdmTMB",0.440418209488443,0.193968199249006,124.102
79,"binary","GLM",0.483896464970874,0.234155788811308,0.0160000000000764
79,"binary","GAM",0.477012738360198,0.227541152557895,75.8500000000001
79,"binary","cf_dglm",0.44279092929787,0.196063807068471,1.69699999999989
79,"binary","KFAS_K120",0.457493763625414,0.209300543756146,27.202
79,"binary","KFAS_K240",0.457673329731313,0.209464876747347,221.486
79,"binary","sdmTMB",0.442970349259533,0.196222730323112,105.339
80,"binary","GLM",0.482400901086398,0.232710629368968,0.0149999999998727
80,"binary","GAM",0.474677206014128,0.225318449909379,67.846
80,"binary","cf_dglm",0.444645146739751,0.197709306519214,1.13300000000004
80,"binary","KFAS_K120",0.458388693110925,0.210120193971942,26.9400000000001
80,"binary","KFAS_K240",0.458738941837429,0.210441416758124,251.882
80,"binary","sdmTMB",0.443810960357586,0.196968168533523,92.1640000000002
81,"binary","GLM",0.490360706528976,0.240453622507596,0.015999999999849
81,"binary","GAM",0.479038709667353,0.229478085359762,69.0029999999999
81,"binary","cf_dglm",0.452322434290464,0.204595584562451,2.29099999999994
81,"binary","KFAS_K120",0.464443118556825,0.215707410374789,27.443
81,"binary","KFAS_K240",0.464465029488007,0.215727763617295,221.392
81,"binary","sdmTMB",0.451528889382701,0.203878337947175,116.074
82,"binary","GLM",0.478093229980516,0.228573136553202,0.015999999999849
82,"binary","GAM",0.469271995613439,0.22021620586702,69
82,"binary","cf_dglm",0.440858996355973,0.194356654667996,2.67399999999998
82,"binary","KFAS_K120",0.455193417470799,0.207201047308745,27.309
82,"binary","KFAS_K240",0.455484792179702,0.207466395906987,221.418
82,"binary","sdmTMB",0.440052234808997,0.193645969360392,100.061
83,"binary","GLM",0.486500868557383,0.236683095107088,0.0160000000000764
83,"binary","GAM",0.481318773677437,0.231667761894352,89.873
83,"binary","cf_dglm",0.451593486849102,0.20393667736453,1.88499999999999
83,"binary","KFAS_K120",0.462050525607154,0.213490688213847,27.5809999999999
83,"binary","KFAS_K240",0.462113928659583,0.213549283061195,233.849
83,"binary","sdmTMB",0.450473383331466,0.202926269090098,117.432
84,"binary","GLM",0.480770040464139,0.23113983180789,0.015999999999849
84,"binary","GAM",0.471059493898522,0.221897046791932,82.9680000000001
84,"binary","cf_dglm",0.444172025273366,0.197288788035444,1.53899999999999
84,"binary","KFAS_K120",0.458801996932439,0.210499272389194,27.5620000000001
84,"binary","KFAS_K240",0.459001834169248,0.210682683770734,220.759
84,"binary","sdmTMB",0.444300938136613,0.197403323629074,110.175
85,"binary","GLM",0.479701983530138,0.230113993002749,0.0160000000000764
85,"binary","GAM",0.467057544469806,0.218142749846165,89.797
85,"binary","cf_dglm",0.440348853570594,0.193907112840936,1.06400000000008
85,"binary","KFAS_K120",0.455925708522211,0.207868251691481,27.4110000000001
85,"binary","KFAS_K240",0.456256542156675,0.208170032260766,220.182
85,"binary","sdmTMB",0.439511669981245,0.193170508049702,102.678
86,"binary","GLM",0.485180937486623,0.235400542100398,0.0170000000000528
86,"binary","GAM",0.475380950244145,0.225987047855027,89.797
86,"binary","cf_dglm",0.44685524828696,0.199679612921601,1.3420000000001
86,"binary","KFAS_K120",0.459500868596613,0.211141048241042,27.4280000000001
86,"binary","KFAS_K240",0.460120504564916,0.211710878721073,252.625
86,"binary","sdmTMB",0.446027837739255,0.198940832038356,109.732
87,"binary","GLM",0.487321676334147,0.237482416225123,0.0170000000000528
87,"binary","GAM",0.47574573892163,0.226334008102088,68.873
87,"binary","cf_dglm",0.449154169991606,0.201739468420849,2.45499999999993
87,"binary","KFAS_K120",0.462474421731367,0.213882590755762,27.4169999999999
87,"binary","KFAS_K240",0.462767059469699,0.214153351330232,248.932
87,"binary","sdmTMB",0.448196017659179,0.200879670245547,118.9
88,"binary","GLM",0.484495716290547,0.23473609910389,0.015999999999849
88,"binary","GAM",0.476509946669333,0.227061729274811,67.8119999999999
88,"binary","cf_dglm",0.444483143878647,0.197565265192246,1.22799999999984
88,"binary","KFAS_K120",0.458075938901583,0.209833565800566,27.288
88,"binary","KFAS_K240",0.458669744091248,0.210377934144731,241.869
88,"binary","sdmTMB",0.443973158604613,0.197112165561357,113.343
89,"binary","GLM",0.486215321710382,0.23640533906593,0.0160000000000764
89,"binary","GAM",0.47580796520205,0.226393219749715,71.413
89,"binary","cf_dglm",0.452648279167812,0.204890464633581,2.72599999999989
89,"binary","KFAS_K120",0.464418236184751,0.215684298100955,27.4399999999998
89,"binary","KFAS_K240",0.464435024257291,0.21569989175687,220.923
89,"binary","sdmTMB",0.450987552252253,0.203389772286478,94.087
90,"binary","GLM",0.479243706504235,0.229674530223917,0.0160000000000764
90,"binary","GAM",0.467072054203628,0.218156303817997,100.738
90,"binary","cf_dglm",0.439290171488892,0.192975854766741,3.4380000000001
90,"binary","KFAS_K120",0.456574526694974,0.20846029842674,27.6889999999999
90,"binary","KFAS_K240",0.456735072225223,0.208606926200579,222.021
90,"binary","sdmTMB",0.439423283617593,0.193092822185268,103.33
91,"binary","GLM",0.490357961945912,0.240450930843748,0.0160000000000764
91,"binary","GAM",0.478670181726108,0.229125142873705,57.433
91,"binary","cf_dglm",0.45527944810537,0.207279375867131,2.72399999999971
91,"binary","KFAS_K120",0.465041468120291,0.216263567071476,27.4660000000003
91,"binary","KFAS_K240",0.464814462831304,0.216052484857154,221.578
91,"binary","sdmTMB",0.454546124413654,0.206612179219473,90.819
92,"binary","GLM",0.485209432509838,0.235428193396519,0.0149999999998727
92,"binary","GAM",0.474883855407555,0.225514676126744,68.9630000000002
92,"binary","cf_dglm",0.446764639386771,0.199598643006392,2.58500000000004
92,"binary","KFAS_K120",0.459895726346217,0.211504079111515,27.6109999999999
92,"binary","KFAS_K240",0.459859791979231,0.211471028279182,254.318
92,"binary","sdmTMB",0.446107847289627,0.199012211413385,103.421
93,"binary","GLM",0.487161299289127,0.23732613152507,0.0160000000000764
93,"binary","GAM",0.477392194857254,0.227903307710626,67.8809999999999
93,"binary","cf_dglm",0.447652043591981,0.200392352132077,2.13799999999992
93,"binary","KFAS_K120",0.461369182860725,0.212861522893573,27.732
93,"binary","KFAS_K240",0.461752242558131,0.213215133507463,240.93
93,"binary","sdmTMB",0.446564352229887,0.199419720682498,103.689
94,"binary","GLM",0.485757568273949,0.23596041513542,0.0149999999998727
94,"binary","GAM",0.473108757427123,0.223831896354237,78.431
94,"binary","cf_dglm",0.449960627937501,0.20246456669391,3.63700000000017
94,"binary","KFAS_K120",0.46149913339931,0.212981450128315,27.569
94,"binary","KFAS_K240",0.461679168609087,0.213147654727578,221.434
94,"binary","sdmTMB",0.449896227264434,0.202406615306772,112.115
95,"binary","GLM",0.48322867795202,0.233509955195258,0.0169999999998254
95,"binary","GAM",0.470601361930123,0.221465641850487,57.518
95,"binary","cf_dglm",0.447152835558497,0.199945658348004,3.13199999999961
95,"binary","KFAS_K120",0.459853643434124,0.211465373379638,27.7710000000002
95,"binary","KFAS_K240",0.459784485185857,0.211401772817624,221.384
95,"binary","sdmTMB",0.446771463595243,0.199604740683035,116.772
96,"binary","GLM",0.48629059570461,0.236478543470744,0.0160000000000764
96,"binary","GAM",0.476335600592047,0.226895604391386,82.9760000000001
96,"binary","cf_dglm",0.449869998705239,0.202383015735052,2.52399999999989
96,"binary","KFAS_K120",0.46187965436373,0.213332815115159,27.3009999999999
96,"binary","KFAS_K240",0.462156247399345,0.213588397010245,253.239
96,"binary","sdmTMB",0.449070523085496,0.201664334704281,100.954
97,"binary","GLM",0.483812895206292,0.234074917567895,0.0160000000000764
97,"binary","GAM",0.476891012610965,0.227425037909111,65.0070000000001
97,"binary","cf_dglm",0.448388268397249,0.201052039236284,1.70200000000023
97,"binary","KFAS_K120",0.460466861711375,0.212029730734322,27.518
97,"binary","KFAS_K240",0.460670128468186,0.212216967262895,220.693
97,"binary","sdmTMB",0.448001767994196,0.200705584125925,79.875
98,"binary","GLM",0.488192276988983,0.238331699311687,0.0159999999996217
98,"binary","GAM",0.48013277750714,0.230527484036721,76.8679999999999
98,"binary","cf_dglm",0.451801616614501,0.204124700775476,2.45200000000023
98,"binary","KFAS_K120",0.463278208477661,0.214626698450271,27.5159999999996
98,"binary","KFAS_K240",0.463725291810751,0.215041146264966,220.825
98,"binary","sdmTMB",0.451172403756688,0.203556537911588,100.173
99,"binary","GLM",0.486904455573362,0.237075948857192,0.0169999999998254
99,"binary","GAM",0.47748917650826,0.227995913682536,90.018
99,"binary","cf_dglm",0.449718476517754,0.202246708121449,2.61100000000033
99,"binary","KFAS_K120",0.461469779170419,0.212954357087595,27.6970000000001
99,"binary","KFAS_K240",0.461448344906684,0.212934575017118,220.702
99,"binary","sdmTMB",0.44926555832307,0.201839541895339,100.369
100,"binary","GLM",0.482959483973165,0.233249863159626,0.0169999999998254
100,"binary","GAM",0.472596469204198,0.223347422704275,88.4670000000001
100,"binary","cf_dglm",0.449439089548825,0.201995495214476,1.31500000000005
100,"binary","KFAS_K120",0.461408462905989,0.212897769641267,27.5969999999998
100,"binary","KFAS_K240",0.461521977097767,0.213002535344232,220.562
100,"binary","sdmTMB",0.447661430293509,0.20040075617243,91.3409999999999
