"seed","family","method","rmse","crps","time"
1,"gaussian","cf_dglm",0.713910347186291,0.440248604386703,0.534999999999997
1,"gaussian","GAM",1.10452911944149,0.623374034547526,44.223
1,"gaussian","GLM",1.54682222607802,0.876682362145571,0.012
1,"gaussian","KFAS_K120",0.742573767606736,0.423715396983819,32.36
1,"gaussian","KFAS_K240",0.745418763681976,0.427720294095079,245.056
1,"gaussian","sdmTMB",0.724602575340978,0.417309844678134,129.514
2,"gaussian","cf_dglm",0.739404302083274,0.452473336350872,0.497
2,"gaussian","GAM",1.13226901743403,0.636674052966323,44.28
2,"gaussian","GLM",1.49766066620599,0.841597507865539,0.012
2,"gaussian","KFAS_K120",0.770463868379965,0.437150425406389,32.355
2,"gaussian","KFAS_K240",0.778075025445946,0.444601701705855,249.899
2,"gaussian","sdmTMB",0.766809530181631,0.43808794176862,119.163
3,"gaussian","cf_dglm",0.72536967232017,0.441771281235708,0.473000000000006
3,"gaussian","GAM",1.07757675545555,0.607558150718994,44.938
3,"gaussian","GLM",1.45274254722785,0.819706522198056,0.0110000000000001
3,"gaussian","KFAS_K120",0.753069456649439,0.429782328400933,32.464
3,"gaussian","KFAS_K240",0.754318277796433,0.432690453846351,249.901
3,"gaussian","sdmTMB",0.747140460764311,0.430184071706987,124.865
4,"gaussian","cf_dglm",0.749187171552755,0.459035806612385,0.397999999999996
4,"gaussian","GAM",1.09808226419386,0.617841410373217,51.451
4,"gaussian","GLM",1.46529360255887,0.826481881345172,0.012
4,"gaussian","KFAS_K120",0.774716100662452,0.442588044383011,30.74
4,"gaussian","KFAS_K240",0.77428086153242,0.445772522357102,248.952
4,"gaussian","sdmTMB",0.752872503494738,0.434757851176245,153.219
5,"gaussian","cf_dglm",0.742720771619622,0.458798912330921,0.485999999999997
5,"gaussian","GAM",1.10398418687963,0.621603498556212,44.962
5,"gaussian","GLM",1.51364305240718,0.856601563218327,0.0109999999999997
5,"gaussian","KFAS_K120",0.770249963185195,0.441412046453769,32.525
5,"gaussian","KFAS_K240",0.780534096572957,0.450112798370617,248.937
5,"gaussian","sdmTMB",0.767511932802305,0.444938538909353,167.044
6,"gaussian","cf_dglm",0.731181678590831,0.449209830168174,0.573
6,"gaussian","GAM",1.11865644946139,0.631514614233055,44.277
6,"gaussian","GLM",1.49457353980826,0.846978310102899,0.0089999999999999
6,"gaussian","KFAS_K120",0.765080212353548,0.436265498664679,32.273
6,"gaussian","KFAS_K240",0.768136923250059,0.440183033991735,248.931
6,"gaussian","sdmTMB",0.765231154990367,0.439845201297325,136.946
7,"gaussian","cf_dglm",0.736376043708955,0.454758046486993,0.430999999999997
7,"gaussian","GAM",1.10127316988772,0.620662960503333,46.051
7,"gaussian","GLM",1.48430860631407,0.834031159294828,0.00999999999999979
7,"gaussian","KFAS_K120",0.769387089508092,0.437826284299183,31.94
7,"gaussian","KFAS_K240",0.78654026696469,0.449551487209133,249.032
7,"gaussian","sdmTMB",0.744978655897419,0.43034715805619,109.427
8,"gaussian","cf_dglm",0.715935877486168,0.440462040635431,0.500999999999998
8,"gaussian","GAM",1.09717180772592,0.619232407481907,51.543
8,"gaussian","GLM",1.51583234553402,0.857862271640776,0.0139999999999998
8,"gaussian","KFAS_K120",0.751623559868731,0.430383851726488,30.794
8,"gaussian","KFAS_K240",0.759335097696318,0.437094394715129,249.051
8,"gaussian","sdmTMB",0.732907603101569,0.422290466707147,146.616
9,"gaussian","cf_dglm",0.753052151326339,0.455308402982875,0.392000000000003
9,"gaussian","GAM",1.10550169321105,0.623342639335416,45.449
9,"gaussian","GLM",1.52189201902112,0.858117770924555,0.0100000000000002
9,"gaussian","KFAS_K120",0.782291850119937,0.447739443761948,32.056
9,"gaussian","KFAS_K240",0.78409230991024,0.451563332801528,264.963
9,"gaussian","sdmTMB",0.766502669186317,0.444835242543391,102.923
10,"gaussian","cf_dglm",0.736787510062267,0.448339069847473,0.396000000000001
10,"gaussian","GAM",1.08359111642732,0.610112039844228,51.629
10,"gaussian","GLM",1.46731646102328,0.822857378493716,0.0109999999999997
10,"gaussian","KFAS_K120",0.758364610691598,0.432478449207372,30.907
10,"gaussian","KFAS_K240",0.764635460742561,0.439841431480407,264.726
10,"gaussian","sdmTMB",0.74741935026857,0.433023633464344,135.169
11,"gaussian","cf_dglm",0.727877055158761,0.446106370640398,0.470000000000006
11,"gaussian","GAM",1.13736022617316,0.642305347435636,52.008
11,"gaussian","GLM",1.52510099168956,0.860055387876512,0.0150000000000001
11,"gaussian","KFAS_K120",0.767109043778087,0.439051847519438,30.588
11,"gaussian","KFAS_K240",0.768939719479984,0.443191532928281,250.14
11,"gaussian","sdmTMB",0.75591033050488,0.436501281321292,134.09
12,"gaussian","cf_dglm",0.722316384153308,0.439594785497817,0.405999999999999
12,"gaussian","GAM",1.0687476178996,0.602655104440577,45.34
12,"gaussian","GLM",1.41779799439491,0.796553483912594,0.0089999999999999
12,"gaussian","KFAS_K120",0.765456339989523,0.434706576252695,32.19
12,"gaussian","KFAS_K240",0.772235420713431,0.440837945132748,249.789
12,"gaussian","sdmTMB",0.743889060962124,0.426334908951099,127.17
13,"gaussian","cf_dglm",0.742850111082034,0.448047217292542,0.399000000000001
13,"gaussian","GAM",1.07690551012762,0.606258836394909,46.247
13,"gaussian","GLM",1.43127211122585,0.807457914180992,0.0089999999999999
13,"gaussian","KFAS_K120",0.778357062809376,0.445529313000486,31.976
13,"gaussian","KFAS_K240",0.77643669858875,0.447108018889802,263.697
13,"gaussian","sdmTMB",0.76337483249414,0.441488358133772,132.13
14,"gaussian","cf_dglm",0.724147617753376,0.446342478956579,0.424
14,"gaussian","GAM",1.08497001920562,0.613244929907454,46.422
14,"gaussian","GLM",1.51670945223961,0.85801719566487,0.00999999999999979
14,"gaussian","KFAS_K120",0.748834678636494,0.427879689258416,31.603
14,"gaussian","KFAS_K240",0.753556287190457,0.433234399111512,249.938
14,"gaussian","sdmTMB",0.743364816583778,0.429309409862908,116.67
15,"gaussian","cf_dglm",0.742732017625593,0.452544476034724,0.377000000000002
15,"gaussian","GAM",1.08114780507879,0.608500597140491,46.293
15,"gaussian","GLM",1.47187995446464,0.830220512608983,0.0089999999999999
15,"gaussian","KFAS_K120",0.772618141242515,0.439763906270761,32.149
15,"gaussian","KFAS_K240",0.781575650513501,0.446963360927284,250.005
15,"gaussian","sdmTMB",0.766213713454772,0.44176396512722,134.36
16,"gaussian","cf_dglm",0.734510027813723,0.451111422470328,0.391000000000005
16,"gaussian","GAM",1.10334818451907,0.623006187555907,46.288
16,"gaussian","GLM",1.51887191554077,0.856900471804835,0.00999999999999979
16,"gaussian","KFAS_K120",0.772919798007358,0.441278837259486,32.586
16,"gaussian","KFAS_K240",0.770473886458551,0.441940187031861,244.089
16,"gaussian","sdmTMB",0.760486325446558,0.441146342336649,194.313
17,"gaussian","cf_dglm",0.764447734718458,0.475570311560338,0.409999999999997
17,"gaussian","GAM",1.09843458182544,0.620599260652123,45.55
17,"gaussian","GLM",1.40327592191917,0.79320781078898,0.00999999999999979
17,"gaussian","KFAS_K120",0.78827776190528,0.453296997081465,32.361
17,"gaussian","KFAS_K240",0.795214183980922,0.460378996662795,263.853
17,"gaussian","sdmTMB",0.782603766163275,0.455273558496632,135.493
18,"gaussian","cf_dglm",0.734598015035065,0.444837811373657,0.417999999999999
18,"gaussian","GAM",1.10427642327256,0.622484024120018,46.26
18,"gaussian","GLM",1.44965998915488,0.817299529972765,0.012
18,"gaussian","KFAS_K120",0.773568775993673,0.440816731528677,31.965
18,"gaussian","KFAS_K240",0.783789043302554,0.449120543061629,249.867
18,"gaussian","sdmTMB",0.755765880000095,0.435253627337233,127.682
19,"gaussian","cf_dglm",0.709766349227828,0.431628508447044,0.383000000000003
19,"gaussian","GAM",1.0582202676168,0.598092382482453,52.287
19,"gaussian","GLM",1.4616453160297,0.824477318230663,0.0110000000000001
19,"gaussian","KFAS_K120",0.74008700489255,0.421918332194193,31.309
19,"gaussian","KFAS_K240",0.740097249841434,0.425376832777002,249.91
19,"gaussian","sdmTMB",0.737597607918608,0.424676017267208,132.344
20,"gaussian","cf_dglm",0.728381832076676,0.447732504749782,0.409999999999997
20,"gaussian","GAM",1.09853372722398,0.61978474613489,39.696
20,"gaussian","GLM",1.52615068198111,0.855043691460683,0.012
20,"gaussian","KFAS_K120",0.763695012157888,0.434327601641636,32.421
20,"gaussian","KFAS_K240",0.766149020385065,0.438139155504899,244.23
20,"gaussian","sdmTMB",0.737273098058792,0.424008490552867,152.781
21,"gaussian","cf_dglm",0.72922015131083,0.445089236462819,0.421000000000006
21,"gaussian","GAM",1.0619909558018,0.597231101388027,46.459
21,"gaussian","GLM",1.46513254476774,0.823416987443171,0.0150000000000001
21,"gaussian","KFAS_K120",0.758421515024978,0.431915627324028,32.732
21,"gaussian","KFAS_K240",0.764713303539477,0.437812127880317,263.372
21,"gaussian","sdmTMB",0.747977224944712,0.429868721027566,150.515
22,"gaussian","cf_dglm",0.724669642701973,0.446822915203432,0.417999999999999
22,"gaussian","GAM",1.08786100776638,0.612429545771463,46.483
22,"gaussian","GLM",1.47724310553258,0.834404278992603,0.0129999999999999
22,"gaussian","KFAS_K120",0.756777673384049,0.431821530756993,31.769
22,"gaussian","KFAS_K240",0.761426310598948,0.436364093924053,249.036
22,"gaussian","sdmTMB",0.751638349277994,0.433320633123631,123.613
23,"gaussian","cf_dglm",0.718181186590799,0.43627962830539,0.414000000000001
23,"gaussian","GAM",1.08681132001362,0.61341276425045,46.406
23,"gaussian","GLM",1.53633618199363,0.867190848486261,0.0150000000000001
23,"gaussian","KFAS_K120",0.754222131434263,0.43088671492229,31.88
23,"gaussian","KFAS_K240",0.761832465192672,0.437041129611083,249.745
23,"gaussian","sdmTMB",0.737162352053482,0.425815736983245,131.213
24,"gaussian","cf_dglm",0.729841871885595,0.442734139778543,0.409999999999997
24,"gaussian","GAM",1.07642588136605,0.605856144673484,46.341
24,"gaussian","GLM",1.49450501358763,0.843023990599564,0.0150000000000001
24,"gaussian","KFAS_K120",0.765576647134052,0.435477932294659,31.689
24,"gaussian","KFAS_K240",0.77755439882375,0.444899187827769,250.021
24,"gaussian","sdmTMB",0.756552099278154,0.436214430981828,127.432
25,"gaussian","cf_dglm",0.751491185250862,0.45369152968584,0.427
25,"gaussian","GAM",1.10460375353872,0.622412092063304,46.391
25,"gaussian","GLM",1.46480896274541,0.821160041655516,0.0190000000000001
25,"gaussian","KFAS_K120",0.794640419207225,0.451876248931598,31.703
25,"gaussian","KFAS_K240",0.801552004915,0.458295128557454,248.862
25,"gaussian","sdmTMB",0.775619768360528,0.447977695299742,149.086
26,"gaussian","cf_dglm",0.731012486207407,0.453579219209902,0.475999999999999
26,"gaussian","GAM",1.11450513779996,0.630008381188286,53.328
26,"gaussian","GLM",1.48023574528397,0.832802037853973,0.0209999999999999
26,"gaussian","KFAS_K120",0.76123636875206,0.435324499172443,30.724
26,"gaussian","KFAS_K240",0.768763561802477,0.44156338860969,263.976
26,"gaussian","sdmTMB",0.751600113253504,0.433441266448954,116.879
27,"gaussian","cf_dglm",0.700402740023329,0.428767633228787,0.393999999999998
27,"gaussian","GAM",1.07277420196333,0.605325204657865,46.456
27,"gaussian","GLM",1.37106146656898,0.774993712019435,0.0180000000000002
27,"gaussian","KFAS_K120",0.734696896106217,0.416737430369366,31.907
27,"gaussian","KFAS_K240",0.736043155012086,0.41936286924965,250.112
27,"gaussian","sdmTMB",0.717879187455243,0.410899058400277,109.308
28,"gaussian","cf_dglm",0.721755539701696,0.443792581581082,0.408000000000001
28,"gaussian","GAM",1.10140724299235,0.621654481809976,46.363
28,"gaussian","GLM",1.62644539970557,0.91663009281925,0.0179999999999998
28,"gaussian","KFAS_K120",0.752235853204891,0.43013117417454,32.653
28,"gaussian","KFAS_K240",0.755021251856869,0.433975586186716,264.032
28,"gaussian","sdmTMB",0.748880147555438,0.431232428772733,121.715
29,"gaussian","cf_dglm",0.724102491547093,0.443298586501789,0.386000000000003
29,"gaussian","GAM",1.07268061706228,0.60523381187916,53.265
29,"gaussian","GLM",1.48290012852042,0.838710392863053,0.0190000000000001
29,"gaussian","KFAS_K120",0.756092385235243,0.433032043759885,30.458
29,"gaussian","KFAS_K240",0.766400835080221,0.442039009438678,249.292
29,"gaussian","sdmTMB",0.738961505062139,0.42811101885954,126.861
30,"gaussian","cf_dglm",0.730555587167241,0.447573628865493,0.408999999999999
30,"gaussian","GAM",1.12213638692982,0.632781816801746,53.051
30,"gaussian","GLM",1.48340294112518,0.836186763665692,0.024
30,"gaussian","KFAS_K120",0.755016659205026,0.433474232877891,30.556
30,"gaussian","KFAS_K240",0.762074331848323,0.440689634518416,250.029
30,"gaussian","sdmTMB",0.746814568526343,0.43078271391134,130.32
31,"gaussian","cf_dglm",0.731153704034288,0.456038832545865,0.366999999999962
31,"gaussian","GAM",1.08517205673821,0.61351418451628,48.033
31,"gaussian","GLM",1.53267501751895,0.86414028358588,0.00799999999998136
31,"gaussian","KFAS_K120",0.785003906312404,0.449194885479746,37.718
31,"gaussian","KFAS_K240",0.79066545626311,0.455806172053034,249.114
31,"gaussian","sdmTMB",0.747581722023288,0.432799918067955,134.026
32,"gaussian","cf_dglm",0.729976718271298,0.44150321177051,0.381000000000029
32,"gaussian","GAM",1.09954555762993,0.618181945700016,40.957
32,"gaussian","GLM",1.48809073737054,0.836443308276421,0.00799999999998136
32,"gaussian","KFAS_K120",0.756215090562971,0.430425877835606,34.765
32,"gaussian","KFAS_K240",0.766114076475082,0.438374778963977,250.492
32,"gaussian","sdmTMB",0.740745910636327,0.428978003569636,140.9
33,"gaussian","cf_dglm",0.726042901684414,0.437704481120063,0.40300000000002
33,"gaussian","GAM",1.04464278375095,0.589102326127144,40.85
33,"gaussian","GLM",1.37683309465199,0.781128285897807,0.00799999999998136
33,"gaussian","KFAS_K120",0.74814689735675,0.426870035710991,34.881
33,"gaussian","KFAS_K240",0.751333712758781,0.431400646687274,272.693
33,"gaussian","sdmTMB",0.742540734701614,0.427656479916997,149.022
34,"gaussian","cf_dglm",0.726234984764237,0.443407023441602,0.392999999999972
34,"gaussian","GAM",1.10574879046192,0.62473488942984,41.545
34,"gaussian","GLM",1.43939548274252,0.815640153106857,0.00799999999998136
34,"gaussian","KFAS_K120",0.750942602563528,0.428525885883847,33.139
34,"gaussian","KFAS_K240",0.756674070698695,0.433982517537966,249.978
34,"gaussian","sdmTMB",0.746873906013669,0.430577381589804,115.038
35,"gaussian","cf_dglm",0.714471092319373,0.435923916687502,0.458000000000027
35,"gaussian","GAM",1.05795222622144,0.596874376638424,40.752
35,"gaussian","GLM",1.48113641544199,0.836114218329827,0.0120000000000005
35,"gaussian","KFAS_K120",0.743765665242684,0.424482103053759,34.4280000000001
35,"gaussian","KFAS_K240",0.751816889274002,0.430516122079149,249.905
35,"gaussian","sdmTMB",0.733636399059641,0.422946248289212,124.832
36,"gaussian","cf_dglm",0.742633640668208,0.452495855927339,0.452999999999975
36,"gaussian","GAM",1.09912886911065,0.619701466122077,41.96
36,"gaussian","GLM",1.53852352162065,0.869874018998565,0.00900000000001455
36,"gaussian","KFAS_K120",0.777003252857323,0.441654636023845,33.396
36,"gaussian","KFAS_K240",0.779176105905751,0.44544460944474,250.046
36,"gaussian","sdmTMB",0.779915836422254,0.447260732274646,138.44
37,"gaussian","cf_dglm",0.7524654204762,0.463318062950859,0.467999999999961
37,"gaussian","GAM",1.13014325938388,0.637190368512521,43.966
37,"gaussian","GLM",1.48910284558625,0.842558093403136,0.0130000000000337
37,"gaussian","KFAS_K120",0.789695671885425,0.450973594784344,33.8530000000001
37,"gaussian","KFAS_K240",0.791349124681914,0.45373082845225,249.2
37,"gaussian","sdmTMB",0.779157305385643,0.449771187818298,139.789
38,"gaussian","cf_dglm",0.756435064333172,0.469385694610146,0.35899999999998
38,"gaussian","GAM",1.12916126977249,0.638842720937844,41.911
38,"gaussian","GLM",1.42461911865853,0.805232314649044,0.007000000000005
38,"gaussian","KFAS_K120",0.790525815196636,0.451923064009754,32.03
38,"gaussian","KFAS_K240",0.790191329061503,0.453382452113885,251.049
38,"gaussian","sdmTMB",0.764767937879884,0.444707014269843,156.369
39,"gaussian","cf_dglm",0.763593199283217,0.476480504050969,0.391999999999996
39,"gaussian","GAM",1.10667027458393,0.623792179298221,41.67
39,"gaussian","GLM",1.48595874658525,0.837004395642464,0.00900000000001455
39,"gaussian","KFAS_K120",0.785140977202774,0.450092301794047,31.617
39,"gaussian","KFAS_K240",0.791136383604755,0.456444744663331,249.962
39,"gaussian","sdmTMB",0.780439786138365,0.45024972330977,110.644
40,"gaussian","cf_dglm",0.721703492915465,0.449550194477786,0.350999999999999
40,"gaussian","GAM",1.12094733029147,0.634418324724071,41.908
40,"gaussian","GLM",1.47784516710919,0.831802738806742,0.00799999999998136
40,"gaussian","KFAS_K120",0.759374606006781,0.434882888762123,31.401
40,"gaussian","KFAS_K240",0.768019489731531,0.442506926302943,249.984
40,"gaussian","sdmTMB",0.74528585793788,0.429533494261524,110.575
41,"gaussian","cf_dglm",0.756429870382507,0.467108779657427,0.456000000000017
41,"gaussian","GAM",1.08430133747777,0.61273087237506,44.419
41,"gaussian","GLM",1.42073250014149,0.801665339433025,0.00900000000001455
41,"gaussian","KFAS_K120",0.787523789083486,0.45227952254525,33.748
41,"gaussian","KFAS_K240",0.788676660832686,0.454902778713718,263.609
41,"gaussian","sdmTMB",0.77254802688345,0.448739264507617,127.094
42,"gaussian","cf_dglm",0.747204331541242,0.46025018470884,0.348000000000013
42,"gaussian","GAM",1.08492660637131,0.610700403930583,42.162
42,"gaussian","GLM",1.46494009226269,0.825920627928821,0.0080000000000382
42,"gaussian","KFAS_K120",0.771404529596015,0.442079645703896,31.967
42,"gaussian","KFAS_K240",0.780631386612262,0.449192476929798,264.975
42,"gaussian","sdmTMB",0.767379151791127,0.443898527208032,114.214
43,"gaussian","cf_dglm",0.732664559514802,0.443990860787854,0.411000000000001
43,"gaussian","GAM",1.07920109946439,0.607105472355604,44.949
43,"gaussian","GLM",1.4427564021174,0.810427334320108,0.0110000000000241
43,"gaussian","KFAS_K120",0.766449495663425,0.435647118337472,32.608
43,"gaussian","KFAS_K240",0.767121170365085,0.437822439636436,265.3
43,"gaussian","sdmTMB",0.754511730545216,0.432501870859522,117.208
44,"gaussian","cf_dglm",0.723557651149119,0.443652165201401,0.353999999999985
44,"gaussian","GAM",1.12440254580239,0.634845193875681,41.617
44,"gaussian","GLM",1.54124769365927,0.871163603418964,0.0080000000000382
44,"gaussian","KFAS_K120",0.751642596384548,0.428245417772703,30.8030000000001
44,"gaussian","KFAS_K240",0.751408200875867,0.43068943720092,249.133
44,"gaussian","sdmTMB",0.749106703594088,0.431436919615213,112.999
45,"gaussian","cf_dglm",0.74249074940231,0.450266865525912,0.355999999999995
45,"gaussian","GAM",1.10718754575816,0.623998713080723,41.407
45,"gaussian","GLM",1.42183761794157,0.800890034991969,0.00900000000001455
45,"gaussian","KFAS_K120",0.773335727624838,0.44200082277528,31.8430000000001
45,"gaussian","KFAS_K240",0.770770250286271,0.443388024450159,249.238
45,"gaussian","sdmTMB",0.746728249628783,0.431365961286218,132.837
46,"gaussian","cf_dglm",0.7358612443384,0.451313178957676,0.34699999999998
46,"gaussian","GAM",1.08856030330276,0.614342581730705,45.8299999999999
46,"gaussian","GLM",1.42765023740143,0.808674185441117,0.00900000000001455
46,"gaussian","KFAS_K120",0.774646502655514,0.445067820487879,30.3829999999999
46,"gaussian","KFAS_K240",0.772589558123971,0.447249232622666,244.224
46,"gaussian","sdmTMB",0.752629404579793,0.434913447990842,99.6089999999999
47,"gaussian","cf_dglm",0.77132304991397,0.482222234444157,0.336000000000013
47,"gaussian","GAM",1.1498888390298,0.648062271869209,45.85
47,"gaussian","GLM",1.48091560582853,0.83805674946017,0.0129999999999768
47,"gaussian","KFAS_K120",0.796333251487548,0.458126644090708,30.977
47,"gaussian","KFAS_K240",0.795146702442535,0.460493553381116,249.054
47,"gaussian","sdmTMB",0.803350212589896,0.466485453295529,107.896
48,"gaussian","cf_dglm",0.741476330676683,0.458618495771474,0.354000000000042
48,"gaussian","GAM",1.14053954240898,0.644637521318376,40.247
48,"gaussian","GLM",1.53282756326472,0.86544457631249,0.0099999999999909
48,"gaussian","KFAS_K120",0.783105925602954,0.445668075656917,30.985
48,"gaussian","KFAS_K240",0.796132553945438,0.455046514846501,249.836
48,"gaussian","sdmTMB",0.772033093767159,0.44576691844775,131.983
49,"gaussian","cf_dglm",0.739293446122296,0.451745681571389,0.392999999999915
49,"gaussian","GAM",1.1262971865067,0.635960963392478,44.159
49,"gaussian","GLM",1.53011632881072,0.864167438072252,0.0080000000000382
49,"gaussian","KFAS_K120",0.764834232230922,0.43604390984198,30.332
49,"gaussian","KFAS_K240",0.778293794155218,0.444858190484175,249.099
49,"gaussian","sdmTMB",0.750744533248959,0.432507417922784,134.41
50,"gaussian","cf_dglm",0.706426258560073,0.432972897459068,0.400000000000034
50,"gaussian","GAM",1.06218734422745,0.59782885824104,40.006
50,"gaussian","GLM",1.482965271606,0.834682662189682,0.0110000000000241
50,"gaussian","KFAS_K120",0.749221908596339,0.426369151147223,30.398
50,"gaussian","KFAS_K240",0.758325179750994,0.434043626286961,249.124
50,"gaussian","sdmTMB",0.736849878729716,0.424368464772451,113.481
51,"gaussian","cf_dglm",0.772824464228465,0.48208843408867,0.350000000000023
51,"gaussian","GAM",1.1486020918993,0.648165350187453,33.533
51,"gaussian","GLM",1.43759462814947,0.810416511186865,0.00899999999995771
51,"gaussian","KFAS_K120",0.808849913200397,0.464244668887095,32.1619999999999
51,"gaussian","KFAS_K240",0.813001902713399,0.469234393249155,248.97
51,"gaussian","sdmTMB",0.802292800434376,0.466019089907739,133.796
52,"gaussian","cf_dglm",0.724456456287755,0.451121281127561,0.34800000000007
52,"gaussian","GAM",1.06847452853557,0.602499276085133,40.246
52,"gaussian","GLM",1.48491163349212,0.836814501391332,0.01400000000001
52,"gaussian","KFAS_K120",0.748500820425902,0.429644703371217,30.2139999999999
52,"gaussian","KFAS_K240",0.751018018579692,0.433239842302098,249.996
52,"gaussian","sdmTMB",0.735510891024486,0.42574277566873,119.288
53,"gaussian","cf_dglm",0.719718804923512,0.442552870640013,0.38799999999992
53,"gaussian","GAM",1.13580166607588,0.639566036041833,40.28
53,"gaussian","GLM",1.47083717650906,0.827929205758348,0.0120000000000005
53,"gaussian","KFAS_K120",0.760857854342133,0.433422284452886,30.183
53,"gaussian","KFAS_K240",0.767576424854293,0.43913504245654,250.094
53,"gaussian","sdmTMB",0.746303837280704,0.43117930253963,144.377
54,"gaussian","cf_dglm",0.732056404663804,0.443768074371308,0.31899999999996
54,"gaussian","GAM",1.06946681269352,0.60486856945442,45.419
54,"gaussian","GLM",1.47074642542616,0.830662232494276,0.0080000000000382
54,"gaussian","KFAS_K120",0.7552931154918,0.430895193496352,30.0169999999999
54,"gaussian","KFAS_K240",0.763987025427534,0.438598765753819,249.896
54,"gaussian","sdmTMB",0.747254333405078,0.431658729208602,128.845
55,"gaussian","cf_dglm",0.740518385619329,0.454697233470866,0.324999999999932
55,"gaussian","GAM",1.0998802882074,0.620162862703436,46.52
55,"gaussian","GLM",1.54307110677483,0.870576001192349,0.0149999999999864
55,"gaussian","KFAS_K120",0.76683167602535,0.438737759251106,30.0020000000001
55,"gaussian","KFAS_K240",0.772081481497463,0.442741672749554,249.92
55,"gaussian","sdmTMB",0.758486260838369,0.43731747943596,114.711
56,"gaussian","cf_dglm",0.722013519076088,0.442289779668996,0.33400000000006
56,"gaussian","GAM",1.07091275547431,0.604066702565764,39.4349999999999
56,"gaussian","GLM",1.4377430649453,0.812629989457366,0.0130000000000337
56,"gaussian","KFAS_K120",0.742916070647189,0.422996562455327,30.091
56,"gaussian","KFAS_K240",0.74517091598386,0.426765868241179,250.106
56,"gaussian","sdmTMB",0.73012013758568,0.418454839037108,157.428
57,"gaussian","cf_dglm",0.7176744525573,0.441913314207757,0.372000000000071
57,"gaussian","GAM",1.12537775624139,0.636115231846486,44.601
57,"gaussian","GLM",1.56110977782909,0.88301375028519,0.0080000000000382
57,"gaussian","KFAS_K120",0.754589563619725,0.430284981297439,31.2339999999999
57,"gaussian","KFAS_K240",0.758502870444205,0.434846485692725,249.085
57,"gaussian","sdmTMB",0.747310909913212,0.430537711345009,130.606
58,"gaussian","cf_dglm",0.721597927398824,0.438313977963749,0.376999999999953
58,"gaussian","GAM",1.07054428872592,0.603181888136707,49.478
58,"gaussian","GLM",1.47778720317114,0.831361967147236,0.00799999999998136
58,"gaussian","KFAS_K120",0.752928915506526,0.429696928113328,31.1210000000001
58,"gaussian","KFAS_K240",0.754479953854961,0.4328642650686,244.243
58,"gaussian","sdmTMB",0.739219998174501,0.428121879841527,160.368
59,"gaussian","cf_dglm",0.73029789559581,0.452921929215665,0.386000000000081
59,"gaussian","GAM",1.09918344202016,0.621343018574984,43.506
59,"gaussian","GLM",1.44889226886698,0.819606533259882,0.00899999999995771
59,"gaussian","KFAS_K120",0.770040989630139,0.441928011447781,31.726
59,"gaussian","KFAS_K240",0.769917235797873,0.444145548398122,264.173
59,"gaussian","sdmTMB",0.75489704039197,0.43727574288418,151.797
60,"gaussian","cf_dglm",0.739184217171558,0.451089766712778,0.377000000000066
60,"gaussian","GAM",1.12188343508564,0.634377867371418,41.141
60,"gaussian","GLM",1.44104506017729,0.811581010855785,0.0080000000000382
60,"gaussian","KFAS_K120",0.778208544807038,0.444946368268726,31.207
60,"gaussian","KFAS_K240",0.777645016267805,0.447610552145626,244.329
60,"gaussian","sdmTMB",0.765330171957563,0.441833934719903,123.057
61,"gaussian","cf_dglm",0.757792253735077,0.465785383156825,0.519999999999982
61,"gaussian","GAM",1.11026742767476,0.621911123310326,41.3390000000001
61,"gaussian","GLM",1.39426081230616,0.78614451812139,0.0080000000000382
61,"gaussian","KFAS_K120",0.776735018312432,0.443631942957467,32.5890000000001
61,"gaussian","KFAS_K240",0.786015619337337,0.452052470863569,264.991
61,"gaussian","sdmTMB",0.769589003883972,0.443673147335253,118.97
62,"gaussian","cf_dglm",0.723262210199496,0.447546109256926,0.456000000000017
62,"gaussian","GAM",1.10957217583119,0.625444232358185,41.395
62,"gaussian","GLM",1.46474657638698,0.826691391580036,0.0080000000000382
62,"gaussian","KFAS_K120",0.758798463414855,0.434507895371957,32.562
62,"gaussian","KFAS_K240",0.762754298524365,0.438670378701918,249.649
62,"gaussian","sdmTMB",0.744001420641635,0.430213117971679,113.128
63,"gaussian","cf_dglm",0.72455331928854,0.44605068655609,0.496999999999957
63,"gaussian","GAM",1.07445432265532,0.606087513893912,47.937
63,"gaussian","GLM",1.53514253184061,0.868676933011401,0.0080000000000382
63,"gaussian","KFAS_K120",0.752563362235037,0.431526586406471,32.3820000000001
63,"gaussian","KFAS_K240",0.75779245816975,0.436736600972625,249.405
63,"gaussian","sdmTMB",0.746948570086091,0.43340194830203,117.395
64,"gaussian","cf_dglm",0.720493296741486,0.448901678257592,0.41599999999994
64,"gaussian","GAM",1.09988548832793,0.620674962359906,41.532
64,"gaussian","GLM",1.4780311548496,0.837713720526615,0.0080000000000382
64,"gaussian","KFAS_K120",0.758917851106084,0.435011107186054,32.739
64,"gaussian","KFAS_K240",0.768933170299921,0.442478351017729,249.186
64,"gaussian","sdmTMB",0.760947091500127,0.439292014109107,133.948
65,"gaussian","cf_dglm",0.736319105736306,0.449707867261485,0.349000000000046
65,"gaussian","GAM",1.10578805631933,0.62446173496752,40.111
65,"gaussian","GLM",1.44446352484979,0.813076054083915,0.0080000000000382
65,"gaussian","KFAS_K120",0.766335892225167,0.439262211287258,31.324
65,"gaussian","KFAS_K240",0.765476002603346,0.44204994503159,250.082
65,"gaussian","sdmTMB",0.757230245186357,0.43768825849525,132.972
66,"gaussian","cf_dglm",0.736562675992663,0.443048504060926,0.444000000000074
66,"gaussian","GAM",1.09453827239386,0.617450979731121,41.751
66,"gaussian","GLM",1.49026396608837,0.842904428136336,0.0120000000000573
66,"gaussian","KFAS_K120",0.750576749577195,0.426233769374658,32.5599999999999
66,"gaussian","KFAS_K240",0.75254104362459,0.43030678849098,250.102
66,"gaussian","sdmTMB",0.745425953992888,0.425491844513735,135.788
67,"gaussian","cf_dglm",0.737729094614893,0.449631084035706,0.436999999999898
67,"gaussian","GAM",1.11591948788579,0.628745406562658,41.8860000000001
67,"gaussian","GLM",1.45269784685621,0.821697008718747,0.00900000000001455
67,"gaussian","KFAS_K120",0.775488246941987,0.442531203997156,35.013
67,"gaussian","KFAS_K240",0.784172425668171,0.449934518845969,244.162
67,"gaussian","sdmTMB",0.762672483593055,0.437724245297069,120.387
68,"gaussian","cf_dglm",0.727247578467951,0.453749103297639,0.415000000000077
68,"gaussian","GAM",1.11235525104659,0.629209485652839,41.8679999999999
68,"gaussian","GLM",1.43012818462434,0.808548702016656,0.00899999999990087
68,"gaussian","KFAS_K120",0.759128567991807,0.436181357056097,32.526
68,"gaussian","KFAS_K240",0.763340597431839,0.441504244737169,264.542
68,"gaussian","sdmTMB",0.748176345887971,0.432695366484448,116.858
69,"gaussian","cf_dglm",0.760476487742531,0.465365870290644,0.394999999999982
69,"gaussian","GAM",1.11288857044414,0.62841632943354,42.145
69,"gaussian","GLM",1.49982890276266,0.849083342267485,0.0080000000000382
69,"gaussian","KFAS_K120",0.783637151631727,0.449990729141271,32.358
69,"gaussian","KFAS_K240",0.792903185757155,0.457637848451376,249.957
69,"gaussian","sdmTMB",0.781721283045262,0.450666962585481,118.738
70,"gaussian","cf_dglm",0.750415194365576,0.463557104607918,0.346000000000004
70,"gaussian","GAM",1.14303255637068,0.643221409327439,41.3159999999999
70,"gaussian","GLM",1.4937249298676,0.841429641263465,0.00799999999992451
70,"gaussian","KFAS_K120",0.781251971369124,0.446863796303601,31.61
70,"gaussian","KFAS_K240",0.785805024211494,0.452074001333466,249.851
70,"gaussian","sdmTMB",0.771470794188985,0.44687601829473,119.912
71,"gaussian","cf_dglm",0.725561406918675,0.446425042688348,0.40300000000002
71,"gaussian","GAM",1.1034744646982,0.623475126935912,42.268
71,"gaussian","GLM",1.51972780789961,0.855978132081198,0.0080000000000382
71,"gaussian","KFAS_K120",0.757046688279367,0.434989018579412,32.369
71,"gaussian","KFAS_K240",0.765566192444968,0.44237753366192,263.685
71,"gaussian","sdmTMB",0.739717762325236,0.428137503296632,133.119
72,"gaussian","cf_dglm",0.734193271260364,0.454236154448094,0.394000000000005
72,"gaussian","GAM",1.08867733009268,0.614343575314076,48.8580000000001
72,"gaussian","GLM",1.4719621364359,0.832864272361367,0.0180000000000291
72,"gaussian","KFAS_K120",0.764061160768973,0.43726902622764,31.897
72,"gaussian","KFAS_K240",0.770133647160958,0.443164884817776,249.058
72,"gaussian","sdmTMB",0.759796846057086,0.438786522167637,119.995
73,"gaussian","cf_dglm",0.739153859582804,0.450797573280073,0.394000000000005
73,"gaussian","GAM",1.12754377626189,0.635740743239144,35.962
73,"gaussian","GLM",1.43549775001079,0.808982114001765,0.0119999999999436
73,"gaussian","KFAS_K120",0.76809484924121,0.439423178306999,31.847
73,"gaussian","KFAS_K240",0.776797485878019,0.447041956772898,249.115
73,"gaussian","sdmTMB",0.76699953430903,0.444420419849976,137.417
74,"gaussian","cf_dglm",0.721725435236841,0.443699283316786,0.420000000000073
74,"gaussian","GAM",1.04794973544533,0.591185319965292,38.682
74,"gaussian","GLM",1.40530135101132,0.794793339752731,0.0130000000000337
74,"gaussian","KFAS_K120",0.764008235504518,0.436199607934717,30.3119999999999
74,"gaussian","KFAS_K240",0.766450313387042,0.439781072162325,249.039
74,"gaussian","sdmTMB",0.733253735817587,0.425242341361069,169.023
75,"gaussian","cf_dglm",0.754265314163244,0.461457164155081,0.423999999999978
75,"gaussian","GAM",1.09362568145911,0.617548190709256,40.096
75,"gaussian","GLM",1.44751444288003,0.814692946373191,0.00900000000001455
75,"gaussian","KFAS_K120",0.780577724131943,0.448606888302016,30.356
75,"gaussian","KFAS_K240",0.786286138840833,0.45475451709179,264.44
75,"gaussian","sdmTMB",0.763174800740629,0.441594434057214,106.614
76,"gaussian","cf_dglm",0.714249453529407,0.444550013848816,0.33400000000006
76,"gaussian","GAM",1.12012525394454,0.631740411697767,45.077
76,"gaussian","GLM",1.5315695408804,0.85945290647158,0.0110000000000809
76,"gaussian","KFAS_K120",0.743159893174527,0.422896472757612,30.076
76,"gaussian","KFAS_K240",0.744860278883998,0.425998036165126,249.846
76,"gaussian","sdmTMB",0.734458264608299,0.423256413998478,139.33
77,"gaussian","cf_dglm",0.763541960269788,0.460003906743176,0.412000000000035
77,"gaussian","GAM",1.08664947926428,0.612701776812205,39.379
77,"gaussian","GLM",1.42235997215998,0.804948673435165,0.01400000000001
77,"gaussian","KFAS_K120",0.794889782334646,0.454374710558394,30.1600000000001
77,"gaussian","KFAS_K240",0.798042005589763,0.458437701710784,249.809
77,"gaussian","sdmTMB",0.783172474764025,0.452518473299724,121.103
78,"gaussian","cf_dglm",0.714017322468101,0.442157362712113,0.333999999999946
78,"gaussian","GAM",1.08740441674472,0.613030858272466,45.704
78,"gaussian","GLM",1.46208504616406,0.825690494770406,0.00900000000001455
78,"gaussian","KFAS_K120",0.754880891599753,0.430166165362264,30.112
78,"gaussian","KFAS_K240",0.754490988026706,0.432967814500632,249.917
78,"gaussian","sdmTMB",0.73772791835727,0.426993422700917,171.295
79,"gaussian","cf_dglm",0.732694210672645,0.446106901970507,0.33400000000006
79,"gaussian","GAM",1.13461417860329,0.63895845873212,45.548
79,"gaussian","GLM",1.49458566924449,0.843181715226063,0.01400000000001
79,"gaussian","KFAS_K120",0.782385027642485,0.445072507922558,30.038
79,"gaussian","KFAS_K240",0.783326325831078,0.448289518007571,249.056
79,"gaussian","sdmTMB",0.766455896126719,0.440646021183562,154.479
80,"gaussian","cf_dglm",0.719901376710885,0.443694136030231,0.395999999999958
80,"gaussian","GAM",1.08100707976028,0.608243451025652,39.8290000000001
80,"gaussian","GLM",1.42781508416913,0.799712736183879,0.0130000000000337
80,"gaussian","KFAS_K120",0.746228204421363,0.424794228527565,30.845
80,"gaussian","KFAS_K240",0.748220371114143,0.428443870218584,264.245
80,"gaussian","sdmTMB",0.740229603835298,0.426493490313255,142.701
81,"gaussian","cf_dglm",0.732169988219672,0.455206672651493,0.480999999999995
81,"gaussian","GAM",1.08614383499614,0.613233522346814,42.697
81,"gaussian","GLM",1.42560815485005,0.804353413446945,0.01299999999992
81,"gaussian","KFAS_K120",0.760561115776976,0.435131806537787,31.279
81,"gaussian","KFAS_K240",0.763186000283114,0.439493148071803,249.779
81,"gaussian","sdmTMB",0.756636936306036,0.437301928637545,110.314
82,"gaussian","cf_dglm",0.737279958057444,0.454163634407143,0.451999999999998
82,"gaussian","GAM",1.09296299985181,0.616440286234437,42.545
82,"gaussian","GLM",1.51108531637469,0.853668184731049,0.00900000000001455
82,"gaussian","KFAS_K120",0.768268630381153,0.437935466214019,31.1940000000001
82,"gaussian","KFAS_K240",0.773650282776374,0.443405574512951,249.838
82,"gaussian","sdmTMB",0.760688552549032,0.436167131066452,121.059
83,"gaussian","cf_dglm",0.745925275241427,0.449268186339209,0.447000000000003
83,"gaussian","GAM",1.07990412764635,0.610242102595859,42.583
83,"gaussian","GLM",1.42075892303451,0.799274801122756,0.0119999999999436
83,"gaussian","KFAS_K120",0.773218469355451,0.441201184556967,31.1550000000001
83,"gaussian","KFAS_K240",0.784515624769643,0.451098980269013,249.148
83,"gaussian","sdmTMB",0.759463747022738,0.438598460754443,129.649
84,"gaussian","cf_dglm",0.746723141520751,0.460112596504468,0.453999999999951
84,"gaussian","GAM",1.11864240320464,0.631512636674043,42.2950000000001
84,"gaussian","GLM",1.5507442095182,0.879394432129759,0.0159999999999627
84,"gaussian","KFAS_K120",0.775579652244773,0.441735948232474,31.125
84,"gaussian","KFAS_K240",0.784347912251096,0.449514384290137,264.596
84,"gaussian","sdmTMB",0.769700628354451,0.440397749295976,114.683
85,"gaussian","cf_dglm",0.741160460201159,0.443357266065043,0.464000000000055
85,"gaussian","GAM",1.07536872862126,0.606451256170471,42.252
85,"gaussian","GLM",1.5355075533158,0.869326455237458,0.0080000000000382
85,"gaussian","KFAS_K120",0.768286715223511,0.438216068047693,31.133
85,"gaussian","KFAS_K240",0.772034945522279,0.442882657566212,248.166
85,"gaussian","sdmTMB",0.751907663458643,0.431783913847799,117.167
86,"gaussian","cf_dglm",0.755630866886053,0.460722523692163,0.45799999999997
86,"gaussian","GAM",1.1645910246685,0.654552633734753,42.1569999999999
86,"gaussian","GLM",1.52937827008085,0.863734047390935,0.00799999999992451
86,"gaussian","KFAS_K120",0.774281747601118,0.443401626164061,31.2529999999999
86,"gaussian","KFAS_K240",0.780325723603101,0.450356433439577,263.581
86,"gaussian","sdmTMB",0.770248098181145,0.445872859489534,127.846
87,"gaussian","cf_dglm",0.745237043326487,0.45063953673483,0.442000000000007
87,"gaussian","GAM",1.08391311885822,0.612455431246328,41.4349999999999
87,"gaussian","GLM",1.42833439652003,0.806683441078178,0.00799999999992451
87,"gaussian","KFAS_K120",0.776163293330708,0.442672643497484,31.13
87,"gaussian","KFAS_K240",0.785392327061835,0.449952037339865,249.901
87,"gaussian","sdmTMB",0.746837496527689,0.431758937712538,161.163
88,"gaussian","cf_dglm",0.744808010046985,0.449395163675562,0.430000000000064
88,"gaussian","GAM",1.09740550112965,0.617651773351066,41.409
88,"gaussian","GLM",1.37184832278937,0.770586161909877,0.0120000000000573
88,"gaussian","KFAS_K120",0.763229421505314,0.436651281578108,31.2400000000001
88,"gaussian","KFAS_K240",0.768250123588958,0.442942969778066,249.766
88,"gaussian","sdmTMB",0.754056458714743,0.435278605549803,123.491
89,"gaussian","cf_dglm",0.734905709069952,0.451550156072702,0.422000000000025
89,"gaussian","GAM",1.10858554241674,0.624499578250278,47.2139999999999
89,"gaussian","GLM",1.51084023641048,0.85019803424059,0.0080000000000382
89,"gaussian","KFAS_K120",0.759990605546063,0.433605770123167,31.1100000000001
89,"gaussian","KFAS_K240",0.758851636392904,0.436276356171497,249.184
89,"gaussian","sdmTMB",0.749783083129544,0.431384885569727,113.575
90,"gaussian","cf_dglm",0.768505542342601,0.479678527971182,0.370999999999867
90,"gaussian","GAM",1.11106614627214,0.626216045206016,47.2140000000001
90,"gaussian","GLM",1.54726047863972,0.872560646515051,0.00799999999992451
90,"gaussian","KFAS_K120",0.796106583710831,0.453881598885113,33.7910000000002
90,"gaussian","KFAS_K240",0.798828369619205,0.458161648666079,244.177
90,"gaussian","sdmTMB",0.773038564116095,0.447779046610059,114.2
91,"gaussian","cf_dglm",0.728029832795463,0.452975944871796,0.479000000000042
91,"gaussian","GAM",1.10399452642682,0.623729342635457,41.2860000000001
91,"gaussian","GLM",1.50350485836541,0.851641434711441,0.0080000000000382
91,"gaussian","KFAS_K120",0.756954633981924,0.431225538412849,31.6890000000001
91,"gaussian","KFAS_K240",0.762352418969491,0.436241979135159,250.154
91,"gaussian","sdmTMB",0.746441777077747,0.43040883829444,113.456
92,"gaussian","cf_dglm",0.726664064949287,0.442921961656363,0.466000000000122
92,"gaussian","GAM",1.08920745909145,0.61548717210763,41.3999999999999
92,"gaussian","GLM",1.50411494283253,0.848495233896745,0.0080000000000382
92,"gaussian","KFAS_K120",0.752276580782187,0.430814947341277,31.656
92,"gaussian","KFAS_K240",0.757912154661742,0.436916642007941,250.059
92,"gaussian","sdmTMB",0.748746032391349,0.433881413480568,127.378
93,"gaussian","cf_dglm",0.727667609181513,0.451094812533962,0.494999999999891
93,"gaussian","GAM",1.09216461029551,0.61455460604425,41.4160000000002
93,"gaussian","GLM",1.48345686831716,0.834464378232882,0.0080000000000382
93,"gaussian","KFAS_K120",0.761671986730177,0.434601745029402,31.5740000000001
93,"gaussian","KFAS_K240",0.768282287262596,0.440178297974524,250.066
93,"gaussian","sdmTMB",0.755871583756915,0.434699434331152,124.579
94,"gaussian","cf_dglm",0.744678187079154,0.461784358178596,0.480999999999995
94,"gaussian","GAM",1.10812201079662,0.62536370075796,41.471
94,"gaussian","GLM",1.48984882185706,0.84242893330168,0.0080000000000382
94,"gaussian","KFAS_K120",0.788277116135758,0.451613434939238,32.531
94,"gaussian","KFAS_K240",0.789226518267291,0.454524759264125,250.025
94,"gaussian","sdmTMB",0.772321945453838,0.446447967915231,158.211
95,"gaussian","cf_dglm",0.737957883211963,0.449887594966943,0.565000000000055
95,"gaussian","GAM",1.07555379175633,0.607075767885419,41.578
95,"gaussian","GLM",1.52888835357664,0.861113276097095,0.0080000000000382
95,"gaussian","KFAS_K120",0.770502733925572,0.440087657871152,31.4380000000001
95,"gaussian","KFAS_K240",0.775375894937341,0.445178610314097,250.213
95,"gaussian","sdmTMB",0.759136878956028,0.435797206723647,108.897
96,"gaussian","cf_dglm",0.72045457798809,0.445445919542533,0.347999999999956
96,"gaussian","GAM",1.10380177520425,0.622097532759767,40.431
96,"gaussian","GLM",1.47769426752941,0.831615263672587,0.0080000000000382
96,"gaussian","KFAS_K120",0.752715722845469,0.429351514754452,31.1210000000001
96,"gaussian","KFAS_K240",0.755964412776508,0.433794905354463,249.442
96,"gaussian","sdmTMB",0.741272686110188,0.425853437937504,120.667
97,"gaussian","cf_dglm",0.720735912417014,0.44115097703989,0.40300000000002
97,"gaussian","GAM",1.08718874199451,0.612625122276532,47.95
97,"gaussian","GLM",1.38783000469544,0.782450217618569,0.0080000000000382
97,"gaussian","KFAS_K120",0.752214141606614,0.428372543534135,32.3509999999999
97,"gaussian","KFAS_K240",0.745950507416785,0.426869414016355,250.156
97,"gaussian","sdmTMB",0.730776674460256,0.41900477043052,119.073
98,"gaussian","cf_dglm",0.747704606188812,0.457307246227893,0.351999999999862
98,"gaussian","GAM",1.10254800404013,0.621118217255754,47.5930000000001
98,"gaussian","GLM",1.46333799538626,0.827427250014224,0.0110000000001946
98,"gaussian","KFAS_K120",0.7762887985193,0.443619429880351,30.068
98,"gaussian","KFAS_K240",0.775285605988496,0.446210741257321,249.401
98,"gaussian","sdmTMB",0.749541674478773,0.432804591974111,143.877
99,"gaussian","cf_dglm",0.715908804419539,0.436301298847663,0.337999999999965
99,"gaussian","GAM",1.086073809,0.614074713508043,45.873
99,"gaussian","GLM",1.49203935980084,0.842901219386818,0.00900000000001455
99,"gaussian","KFAS_K120",0.736317808612059,0.419801562312353,30.876
99,"gaussian","KFAS_K240",0.742914325356394,0.425857458535422,249.924
99,"gaussian","sdmTMB",0.735774246957008,0.425260031943634,138.609
100,"gaussian","cf_dglm",0.747799841536192,0.457636855922663,0.411000000000058
100,"gaussian","GAM",1.08173099107416,0.6095917352985,41.634
100,"gaussian","GLM",1.45600403193736,0.819805443929315,0.0080000000000382
100,"gaussian","KFAS_K120",0.779105303994058,0.445252698074691,32.386
100,"gaussian","KFAS_K240",0.777715666042449,0.4487167283981,263.992
100,"gaussian","sdmTMB",0.780170108027453,0.450902497957513,114.541
1,"poisson","cf_dglm",1.75325566237142,0.853585399692865,0.528999999999996
1,"poisson","GAM",2.00550798047554,0.967187673051028,56.1560000000002
1,"poisson","GLM",2.44455433228511,1.17354663292152,0.0609999999999218
1,"poisson","KFAS_K120",1.86000883781436,0.887913142909117,37.28
1,"poisson","KFAS_K240",1.85926365722269,0.887120187355612,247.795
1,"poisson","sdmTMB",1.72025304798062,0.838192401231477,136.561
2,"poisson","cf_dglm",1.76574520612931,0.838893947410584,0.536000000000058
2,"poisson","GAM",1.97515535575478,0.931912867609624,47.5130000000001
2,"poisson","GLM",2.26003713511489,1.07296072330834,0.0620000000001255
2,"poisson","KFAS_K120",1.87137797167393,0.870256377445488,37.0739999999998
2,"poisson","KFAS_K240",1.88321218348721,0.873349847701025,247.7
2,"poisson","sdmTMB",1.76649991958609,0.834852422109918,141.052
3,"poisson","cf_dglm",1.75040407554402,0.867565927742396,0.548000000000002
3,"poisson","GAM",1.93864707597384,0.961902632103626,46.329
3,"poisson","GLM",2.29321875976593,1.14383276654944,0.0599999999999454
3,"poisson","KFAS_K120",1.81773885578352,0.893469290751237,37.4369999999999
3,"poisson","KFAS_K240",1.81326848094025,0.891748651127774,269.71
3,"poisson","sdmTMB",1.73569054496198,0.858095960378567,159.976
4,"poisson","cf_dglm",1.64679672326528,0.818591736738251,0.55600000000004
4,"poisson","GAM",1.72788485436152,0.866885938643351,47.54
4,"poisson","GLM",1.99642135754668,1.0197421864665,0.0589999999999691
4,"poisson","KFAS_K120",1.66153630831787,0.826862595275615,37.4879999999998
4,"poisson","KFAS_K240",1.6628113522216,0.827012814426019,288.933
4,"poisson","sdmTMB",1.61933682629398,0.804273929888923,144.076
5,"poisson","cf_dglm",1.83365478334619,0.90241619823432,0.538000000000011
5,"poisson","GAM",2.12796600452808,1.02785517591454,46.3130000000001
5,"poisson","GLM",2.48263279529741,1.22874693185168,0.0650000000000546
5,"poisson","KFAS_K120",1.96635544759883,0.940827712847726,37.3019999999999
5,"poisson","KFAS_K240",1.96569217515972,0.941893038790561,247.488
5,"poisson","sdmTMB",1.82982450146213,0.899758811190796,154.808
6,"poisson","cf_dglm",1.88745646939386,0.910651885436294,0.528999999999996
6,"poisson","GAM",2.16468126252032,1.05317606079183,47.405
6,"poisson","GLM",2.56004398287338,1.26105222014782,0.0670000000000073
6,"poisson","KFAS_K120",2.02203252051841,0.962667384810482,41.818
6,"poisson","KFAS_K240",2.0287469199162,0.964478470158736,247.617
6,"poisson","sdmTMB",1.88178897842556,0.910230052087601,137.043
7,"poisson","cf_dglm",1.84899543520175,0.916364667282859,0.526000000000067
7,"poisson","GAM",2.10365573867761,1.02605337243017,47.422
7,"poisson","GLM",2.46509852453159,1.20746490776967,0.0610000000001492
7,"poisson","KFAS_K120",1.91437759057741,0.937205791961845,37.8600000000001
7,"poisson","KFAS_K240",1.92480110610264,0.941275886954954,284.041
7,"poisson","sdmTMB",1.83702450122826,0.90547509215536,132.586
8,"poisson","cf_dglm",1.7975547253043,0.888808895682319,0.572999999999865
8,"poisson","GAM",2.07184863514357,1.01643769663658,54.74
8,"poisson","GLM",2.54175011350259,1.26048830439111,0.0609999999999218
8,"poisson","KFAS_K120",1.92257337123201,0.92711276443162,39.347
8,"poisson","KFAS_K240",1.92744186941786,0.927987108621699,246.794
8,"poisson","sdmTMB",1.81739659594951,0.89215433760828,128.441
9,"poisson","cf_dglm",1.7951041186709,0.882201752928767,0.532000000000153
9,"poisson","GAM",2.02890688814363,0.990363355866493,47.3630000000001
9,"poisson","GLM",2.39616485448893,1.19852799891855,0.0650000000000546
9,"poisson","KFAS_K120",1.89944897014123,0.912838200112,37.6949999999999
9,"poisson","KFAS_K240",1.9078246589927,0.916125767719781,246.485
9,"poisson","sdmTMB",1.80837562927792,0.880763749395618,116.736
10,"poisson","cf_dglm",1.86257179323772,0.900025784050071,0.605000000000018
10,"poisson","GAM",2.07844500250698,1.00611778879386,54.546
10,"poisson","GLM",2.5133820774174,1.21532139484563,0.0579999999999927
10,"poisson","KFAS_K120",1.94373295862361,0.920570590610299,37.3869999999999
10,"poisson","KFAS_K240",1.95854157260078,0.923385102179816,242.604
10,"poisson","sdmTMB",1.85725369286312,0.894783240708596,152.5
11,"poisson","cf_dglm",1.78565293525574,0.880909496412258,0.605000000000018
11,"poisson","GAM",2.02231453412816,0.999301422391691,54.4300000000001
11,"poisson","GLM",2.40739535793357,1.20994006837825,0.0620000000001255
11,"poisson","KFAS_K120",1.87821712284416,0.918984104466035,37.1400000000001
11,"poisson","KFAS_K240",1.87937304618632,0.919095247939494,285.097
11,"poisson","sdmTMB",1.78320011460732,0.881395943512495,159.025
12,"poisson","cf_dglm",1.74481333196737,0.855572740138906,0.598999999999933
12,"poisson","GAM",2.01944295031977,0.978665698354874,47.048
12,"poisson","GLM",2.37864842496498,1.13879552983416,0.0709999999999127
12,"poisson","KFAS_K120",1.86838640914621,0.88772296539651,37.672
12,"poisson","KFAS_K240",1.86821575784195,0.889293523081787,247.691
12,"poisson","sdmTMB",1.74066672079509,0.85197150866905,132.118
13,"poisson","cf_dglm",1.60260418422246,0.780084488512375,0.508000000000038
13,"poisson","GAM",1.78028272728562,0.866276104640077,45.78
13,"poisson","GLM",2.09575081740465,1.01754612265802,0.0589999999999691
13,"poisson","KFAS_K120",1.68476691182766,0.812329793449241,37.1019999999999
13,"poisson","KFAS_K240",1.68496912530897,0.811502042887981,247.481
13,"poisson","sdmTMB",1.59215275361769,0.77375531904138,152.234
14,"poisson","cf_dglm",1.735462028266,0.846754121062892,0.5300000000002
14,"poisson","GAM",1.94379937450713,0.949969999658132,46.9259999999999
14,"poisson","GLM",2.39533826954228,1.17060938145271,0.0570000000000164
14,"poisson","KFAS_K120",1.84955207386142,0.888134830284077,37.056
14,"poisson","KFAS_K240",1.86147334066699,0.891159278449293,269.497
14,"poisson","sdmTMB",1.74824265860417,0.849584495376085,148.246
15,"poisson","cf_dglm",1.86538190291934,0.911507085712735,0.531000000000176
15,"poisson","GAM",2.05992240656179,1.01071309522097,45.7549999999999
15,"poisson","GLM",2.50117353358903,1.24685510264496,0.0629999999998745
15,"poisson","KFAS_K120",1.9212682284701,0.935244460034953,36.991
15,"poisson","KFAS_K240",1.9288374819746,0.938807705358146,247.46
15,"poisson","sdmTMB",1.85584494657309,0.906492882862906,147.759
16,"poisson","cf_dglm",1.85110963041299,0.871102680305929,0.513999999999896
16,"poisson","GAM",2.0821161865556,0.981276994778532,45.71
16,"poisson","GLM",2.50474212255578,1.17813106833762,0.0550000000000637
16,"poisson","KFAS_K120",1.97850236992222,0.910140792681239,37.079
16,"poisson","KFAS_K240",1.98794608525946,0.912631603014723,247.493
16,"poisson","sdmTMB",1.8521996866252,0.869725289590031,149.518
17,"poisson","cf_dglm",1.91255290046302,0.948772402314887,0.5
17,"poisson","GAM",2.19256675353966,1.09626610547769,55.432
17,"poisson","GLM",2.55229275428286,1.27282698798366,0.0540000000000873
17,"poisson","KFAS_K120",2.01247486294049,0.986908729339795,36.7929999999999
17,"poisson","KFAS_K240",2.02425899959966,0.990634348309655,269.594
17,"poisson","sdmTMB",1.9392422045308,0.953179579836822,142.603
18,"poisson","cf_dglm",1.77223105863197,0.870262275877578,0.514999999999873
18,"poisson","GAM",1.96177509243205,0.967050730549285,46.7669999999998
18,"poisson","GLM",2.29547999584328,1.13299472282029,0.056999999999789
18,"poisson","KFAS_K120",1.84558333502198,0.896836389120257,37.4279999999999
18,"poisson","KFAS_K240",1.84966190573369,0.899213369028744,269.478
18,"poisson","sdmTMB",1.75769648111787,0.863136015643812,140.635
19,"poisson","cf_dglm",1.87122256902355,0.883809657447966,0.496000000000095
19,"poisson","GAM",2.16759662430714,0.982988022923128,55.344
19,"poisson","GLM",2.83943451804246,1.22847923410637,0.05600000000004
19,"poisson","KFAS_K120",2.05887817546624,0.911560944697134,37.5230000000001
19,"poisson","KFAS_K240",2.09848346047361,0.915831000647642,285.148
19,"poisson","sdmTMB",1.96111497636261,0.888952022275885,135.763
20,"poisson","cf_dglm",1.80700671206673,0.887784534941425,0.602000000000089
20,"poisson","GAM",2.12276392750584,1.0321084465244,38.095
20,"poisson","GLM",2.62086016528622,1.26119625936466,0.0570000000000164
20,"poisson","KFAS_K120",1.91852175112043,0.924886834277843,36.962
20,"poisson","KFAS_K240",1.93037867734778,0.927748507357543,246.942
20,"poisson","sdmTMB",1.79540852479235,0.881115397263271,147.237
21,"poisson","cf_dglm",1.76509602546213,0.862331759881604,0.530999999999949
21,"poisson","GAM",2.01822800788941,0.973243828816894,45.73
21,"poisson","GLM",2.38863244507214,1.1764620414036,0.0509999999999309
21,"poisson","KFAS_K120",1.8829279232324,0.899235344685046,37.268
21,"poisson","KFAS_K240",1.88648567210196,0.899470225975375,248.107
21,"poisson","sdmTMB",1.77060045784783,0.861151154141951,124.416
22,"poisson","cf_dglm",1.7042168272344,0.837572497831154,0.602999999999838
22,"poisson","GAM",1.88948545441503,0.92858343309067,54.3309999999999
22,"poisson","GLM",2.19912937441964,1.10174212560076,0.0520000000001346
22,"poisson","KFAS_K120",1.76436630880797,0.861679620773947,40.866
22,"poisson","KFAS_K240",1.76717930264966,0.862729419330292,270.734
22,"poisson","sdmTMB",1.71015757835373,0.838169624279289,141.347
23,"poisson","cf_dglm",1.88142778422738,0.923596599660637,0.524000000000115
23,"poisson","GAM",2.19239372474916,1.0704006686614,54.0119999999999
23,"poisson","GLM",2.64412073416876,1.3111643812693,0.0570000000000164
23,"poisson","KFAS_K120",1.97169186147628,0.956340605504376,35.316
23,"poisson","KFAS_K240",1.97626316403958,0.957958267011028,283.464
23,"poisson","sdmTMB",1.88854735921596,0.922996921655935,140.078
24,"poisson","cf_dglm",1.8455531870983,0.88448559860564,0.531999999999925
24,"poisson","GAM",2.02708537215374,0.981176524799072,47.059
24,"poisson","GLM",2.56766086686161,1.21204487408423,0.0540000000000873
24,"poisson","KFAS_K120",1.95156802870618,0.91722372332182,37.144
24,"poisson","KFAS_K240",1.97444696271277,0.922771311683995,281.872
24,"poisson","sdmTMB",1.81481236425004,0.876751571334636,143.803
25,"poisson","cf_dglm",1.81913100243092,0.904828113625716,0.667999999999893
25,"poisson","GAM",2.08596045863403,1.01974647498174,38.288
25,"poisson","GLM",2.4667071444372,1.20695496512995,0.0629999999998745
25,"poisson","KFAS_K120",1.93169947860475,0.942876251796251,37.1379999999999
25,"poisson","KFAS_K240",1.93700463893755,0.945160017377165,248.106
25,"poisson","sdmTMB",1.81501902767834,0.89881544851561,121.593
26,"poisson","cf_dglm",1.72904916246997,0.849935597614022,0.588000000000193
26,"poisson","GAM",1.95712494982476,0.958585298717083,54.4639999999999
26,"poisson","GLM",2.37213397467271,1.16430876677121,0.0570000000000164
26,"poisson","KFAS_K120",1.80693999800558,0.879740312154025,38.8219999999999
26,"poisson","KFAS_K240",1.81988578792611,0.884128530957657,246.666
26,"poisson","sdmTMB",1.70952099330223,0.839041977786562,129.343
27,"poisson","cf_dglm",1.71102086502917,0.866751184461247,0.529999999999973
27,"poisson","GAM",1.94823844283305,0.990547673729884,47.0810000000001
27,"poisson","GLM",2.18827011227273,1.12902468114571,0.053000000000111
27,"poisson","KFAS_K120",1.77136306037738,0.891885910360624,37.7740000000001
27,"poisson","KFAS_K240",1.77034883770637,0.89048063000004,247.607
27,"poisson","sdmTMB",1.70902310723196,0.864573612170955,140.81
28,"poisson","cf_dglm",1.79167509842505,0.897658509041962,0.530999999999949
28,"poisson","GAM",2.01795612188411,1.00721288406694,47.104
28,"poisson","GLM",2.34480691142233,1.202274299766,0.0579999999999927
28,"poisson","KFAS_K120",1.88742121223455,0.937364295367332,38.1189999999999
28,"poisson","KFAS_K240",1.87976801827665,0.933577549910127,292.415
28,"poisson","sdmTMB",1.80678859542902,0.902593390451431,112.775
29,"poisson","cf_dglm",1.68208447344927,0.803312195685801,0.686999999999898
29,"poisson","GAM",1.9011358839798,0.885409112633097,54.509
29,"poisson","GLM",2.27079988900192,1.0670567812866,0.0579999999999927
29,"poisson","KFAS_K120",1.83661025958291,0.838711142243611,37.6609999999998
29,"poisson","KFAS_K240",1.84161167959644,0.840829757829375,282.596
29,"poisson","sdmTMB",1.66111072619652,0.796199048515799,169.191
30,"poisson","cf_dglm",1.88664722740722,0.924678058180208,0.689000000000078
30,"poisson","GAM",2.16794213604358,1.07216964116856,54.4010000000001
30,"poisson","GLM",2.55487491358224,1.27695829875184,0.0579999999999927
30,"poisson","KFAS_K120",1.95646050085897,0.954846330380181,38.1199999999999
30,"poisson","KFAS_K240",1.95761170860904,0.954986156394219,282.613
30,"poisson","sdmTMB",1.87715403509496,0.921014949456159,126.926
31,"poisson","cf_dglm",1.83497825663571,0.896724833238772,0.542000000000144
31,"poisson","GAM",2.01251726879983,0.988572656917185,55.711
31,"poisson","GLM",2.46176777365128,1.21916639530355,0.0589999999999691
31,"poisson","KFAS_K120",1.9280330791953,0.933881559153013,37.203
31,"poisson","KFAS_K240",1.93130510463724,0.935028504457774,292.482
31,"poisson","sdmTMB",1.83694605508875,0.894089955294265,170.7
32,"poisson","cf_dglm",1.96016420012949,0.965894149772102,0.605000000000018
32,"poisson","GAM",2.31952319451291,1.12032158374822,54.5
32,"poisson","GLM",2.8340316271196,1.3725654826555,0.0579999999999927
32,"poisson","KFAS_K120",2.13511705126271,1.01495726268198,37
32,"poisson","KFAS_K240",2.15537567496254,1.02100481316245,283.915
32,"poisson","sdmTMB",1.95649776497625,0.960987462896083,179.006
33,"poisson","cf_dglm",1.80257464272759,0.884659975368784,0.605000000000018
33,"poisson","GAM",2.08199351931538,1.01952943130039,54.4689999999998
33,"poisson","GLM",2.47349175556516,1.23227873136602,0.0579999999999927
33,"poisson","KFAS_K120",1.92214564741993,0.924425007730751,37.2080000000001
33,"poisson","KFAS_K240",1.92791800640664,0.925354302835054,262.257
33,"poisson","sdmTMB",1.80804219109807,0.883915575926016,164.357
34,"poisson","cf_dglm",1.69753857775485,0.850157355985434,0.5150000000001
34,"poisson","GAM",1.91921205045046,0.967850552780146,47.0159999999998
34,"poisson","GLM",2.20777000455437,1.14197608910857,0.0589999999999691
34,"poisson","KFAS_K120",1.76250971375184,0.87988117678509,36.7070000000001
34,"poisson","KFAS_K240",1.76163972724093,0.879577261796416,285.88
34,"poisson","sdmTMB",1.68832051860922,0.843772054966155,150.848
35,"poisson","cf_dglm",1.77489973188961,0.868864518504413,0.509000000000015
35,"poisson","GAM",1.96548662563299,0.951826197043357,45.8130000000001
35,"poisson","GLM",2.36932744001967,1.17584747881232,0.0620000000001255
35,"poisson","KFAS_K120",1.83022720524888,0.890321599784154,38.444
35,"poisson","KFAS_K240",1.83436971099676,0.891590079434648,242.611
35,"poisson","sdmTMB",1.75039334709659,0.85854287069397,114.367
36,"poisson","cf_dglm",1.7439853705034,0.836141712570992,0.520999999999958
36,"poisson","GAM",1.92098204449974,0.928824605864542,45.8230000000001
36,"poisson","GLM",2.28373362644041,1.1213538473035,0.05600000000004
36,"poisson","KFAS_K120",1.83026999538996,0.872112630531539,37.0400000000002
36,"poisson","KFAS_K240",1.83763379151502,0.873678020541906,295.635
36,"poisson","sdmTMB",1.73198088661363,0.829688601567625,152.421
37,"poisson","cf_dglm",1.87883373283049,0.922338383022861,0.503999999999905
37,"poisson","GAM",2.08801162690192,1.03131491952658,46.95
37,"poisson","GLM",2.47786154612352,1.22628461210975,0.0570000000000164
37,"poisson","KFAS_K120",1.94227674176662,0.946369603541185,37.1289999999999
37,"poisson","KFAS_K240",1.94509903219515,0.94748714766991,247.621
37,"poisson","sdmTMB",1.83917370109549,0.906806713038191,130.657
38,"poisson","cf_dglm",1.91429208360504,0.938028762049263,0.585000000000036
38,"poisson","GAM",2.18703334537466,1.08197827829094,54.316
38,"poisson","GLM",2.55523396127513,1.25882269970426,0.0559999999998126
38,"poisson","KFAS_K120",2.00031293965509,0.960830664824555,38.1980000000001
38,"poisson","KFAS_K240",2.00237172764485,0.961645785609145,247.468
38,"poisson","sdmTMB",1.88355120206296,0.922118262329833,174.537
39,"poisson","cf_dglm",1.88835170506174,0.934240579174788,0.535000000000082
39,"poisson","GAM",2.14081700146177,1.06278571848559,45.819
39,"poisson","GLM",2.42139996865002,1.23275391181903,0.0660000000000309
39,"poisson","KFAS_K120",1.95057108208216,0.960351546085423,37.7430000000002
39,"poisson","KFAS_K240",1.95651344203486,0.96232564569673,247.42
39,"poisson","sdmTMB",1.86945095115014,0.927475292303608,112.163
40,"poisson","cf_dglm",1.79740676769121,0.893255099901246,0.503000000000156
40,"poisson","GAM",2.01574186205982,1.00896262692954,46.892
40,"poisson","GLM",2.37706986234639,1.20150120851662,0.0550000000000637
40,"poisson","KFAS_K120",1.83376676834634,0.909986467158761,36.951
40,"poisson","KFAS_K240",1.83017343747606,0.908079839786992,280.24
40,"poisson","sdmTMB",1.79030996469997,0.888491170272968,123.921
41,"poisson","cf_dglm",1.86130156707363,0.909768609417843,0.52800000000002
41,"poisson","GAM",2.08662011478192,1.01380779064093,45.7720000000002
41,"poisson","GLM",2.4381478637796,1.20100453518231,0.0609999999999218
41,"poisson","KFAS_K120",1.97538998966793,0.94588540466795,37.443
41,"poisson","KFAS_K240",1.98084259754708,0.947664348144814,246.484
41,"poisson","sdmTMB",1.85802075435156,0.905258179219013,128.865
42,"poisson","cf_dglm",1.65801991131835,0.827527629120736,0.530999999999949
42,"poisson","GAM",1.85789207102405,0.925726684066441,46.8529999999998
42,"poisson","GLM",2.14033999424101,1.08905779287989,0.0609999999999218
42,"poisson","KFAS_K120",1.69545684272549,0.848453739427935,33.1750000000002
42,"poisson","KFAS_K240",1.69494922750993,0.848339940700554,284.179
42,"poisson","sdmTMB",1.64360251014125,0.821002351259407,152.009
43,"poisson","cf_dglm",1.5328651496108,0.753708460586117,0.533999999999878
43,"poisson","GAM",1.72510784964139,0.831084525107781,45.731
43,"poisson","GLM",1.97885469492507,0.95660588842503,0.0629999999998745
43,"poisson","KFAS_K120",1.62082627561033,0.777268402853497,38.079
43,"poisson","KFAS_K240",1.61991071502728,0.777540086037233,268.782
43,"poisson","sdmTMB",1.54037930587728,0.751859732563573,120.541
44,"poisson","cf_dglm",1.76164388758669,0.869047498066098,0.519999999999982
44,"poisson","GAM",2.05105607830333,0.99814635269195,45.761
44,"poisson","GLM",2.45595894187528,1.21223109607444,0.05600000000004
44,"poisson","KFAS_K120",1.81927706589827,0.891010120053251,37.0930000000001
44,"poisson","KFAS_K240",1.81906614929271,0.891296372506224,279.273
44,"poisson","sdmTMB",1.74726316672954,0.859682182327917,127.976
45,"poisson","cf_dglm",1.67888090181088,0.811165605412224,0.518999999999778
45,"poisson","GAM",1.94287216056089,0.925044791725043,45.606
45,"poisson","GLM",2.20114422653112,1.0475902089602,0.0540000000000873
45,"poisson","KFAS_K120",1.8059378413652,0.854084120957484,37.434
45,"poisson","KFAS_K240",1.80860873772445,0.854351510015114,291.719
45,"poisson","sdmTMB",1.67550779336247,0.806439556685334,133.748
46,"poisson","cf_dglm",1.80307507891231,0.886093070490261,0.637000000000171
46,"poisson","GAM",2.08617129507327,1.01956834943062,54.251
46,"poisson","GLM",2.47494256542011,1.2414109807109,0.0609999999999218
46,"poisson","KFAS_K120",1.9190117077551,0.924280340064061,37.011
46,"poisson","KFAS_K240",1.92079831111948,0.92400800079592,247.537
46,"poisson","sdmTMB",1.7841704225009,0.878129374019125,127.879
47,"poisson","cf_dglm",1.90109639347082,0.945997346564131,0.510999999999967
47,"poisson","GAM",2.15047882275078,1.08270970403355,46.7740000000001
47,"poisson","GLM",2.4270006070539,1.25391885659482,0.0589999999999691
47,"poisson","KFAS_K120",1.93789464499636,0.960844572796552,37.0100000000002
47,"poisson","KFAS_K240",1.94358331236696,0.961838364901051,247.435
47,"poisson","sdmTMB",1.8886450299229,0.937675187552257,118.078
48,"poisson","cf_dglm",1.76692839023485,0.868169650099291,0.519000000000005
48,"poisson","GAM",2.05097933961612,0.988426307266281,45.655
48,"poisson","GLM",2.44199558373737,1.1722681144184,0.053000000000111
48,"poisson","KFAS_K120",1.89997601495512,0.914025401167896,37.4350000000002
48,"poisson","KFAS_K240",1.91334078935018,0.916847562349897,246.582
48,"poisson","sdmTMB",1.76867245671172,0.86588002552259,122.18
49,"poisson","cf_dglm",1.80760862622141,0.887867389927654,0.501999999999953
49,"poisson","GAM",2.02174308233646,1.00503464649158,45.5450000000001
49,"poisson","GLM",2.4272108436848,1.20442861336312,0.0550000000000637
49,"poisson","KFAS_K120",1.91106045835095,0.91927779493729,38.077
49,"poisson","KFAS_K240",1.93005191085156,0.92441766064465,272.931
49,"poisson","sdmTMB",1.78996694343819,0.88086833256746,145.444
50,"poisson","cf_dglm",1.89704038598202,0.918864821758483,0.501000000000204
50,"poisson","GAM",2.14657296888192,1.03007054155747,45.597
50,"poisson","GLM",2.5795763552325,1.23072199552628,0.0599999999999454
50,"poisson","KFAS_K120",2.03081012614448,0.950435766133568,37.751
50,"poisson","KFAS_K240",2.03366433970197,0.951562562691478,247.597
50,"poisson","sdmTMB",1.89601181815946,0.916522985924094,143.451
51,"poisson","cf_dglm",1.88797014254218,0.935201672092866,0.659000000000106
51,"poisson","GAM",2.25011071830715,1.09897446399937,38.0920000000001
51,"poisson","GLM",2.55912742834391,1.26207710960439,0.0499999999997272
51,"poisson","KFAS_K120",2.02841695416898,0.975483790540271,38.6460000000002
51,"poisson","KFAS_K240",2.04483238344141,0.979929586154254,247.319
51,"poisson","sdmTMB",1.92053064900665,0.939876682720812,117.087
52,"poisson","cf_dglm",1.60287660735132,0.807006706213374,0.539999999999964
52,"poisson","GAM",1.79448155623239,0.902387046319176,46.904
52,"poisson","GLM",2.03003236928412,1.04945988950962,0.0530000000003383
52,"poisson","KFAS_K120",1.65201760149183,0.833866540433541,37.2049999999999
52,"poisson","KFAS_K240",1.65089642185972,0.833248177389191,247.961
52,"poisson","sdmTMB",1.58961920733468,0.799855160937578,117.415
53,"poisson","cf_dglm",1.87329159497481,0.932956188607873,0.537000000000262
53,"poisson","GAM",2.24159149166974,1.10137784368356,45.6909999999998
53,"poisson","GLM",2.59036191580369,1.29266949239562,0.0529999999998836
53,"poisson","KFAS_K120",1.98271522922926,0.964339368672353,38.4970000000003
53,"poisson","KFAS_K240",1.98830496245996,0.966819940512136,247.807
53,"poisson","sdmTMB",1.86838826545837,0.928851933830968,138.368
54,"poisson","cf_dglm",1.65325030016118,0.821067675248962,0.535000000000309
54,"poisson","GAM",1.87673396470749,0.928309796159413,55.5070000000001
54,"poisson","GLM",2.22062079061835,1.11871040363743,0.0480000000002292
54,"poisson","KFAS_K120",1.74490551594171,0.862403293260254,38.4560000000001
54,"poisson","KFAS_K240",1.7457089777773,0.863319016870359,247.033
54,"poisson","sdmTMB",1.65857446610536,0.823729124416944,148.194
55,"poisson","cf_dglm",1.79812868080536,0.890380724982985,0.583999999999833
55,"poisson","GAM",2.00352768956837,0.984772278451987,54.3609999999999
55,"poisson","GLM",2.38046233933251,1.19248963241469,0.0549999999998363
55,"poisson","KFAS_K120",1.86176059774461,0.911330081464236,37.6320000000001
55,"poisson","KFAS_K240",1.86932781038445,0.91273593899425,247.62
55,"poisson","sdmTMB",1.76638674261346,0.8745733902958,137.508
56,"poisson","cf_dglm",1.81004639495534,0.900097443037508,0.558999999999742
56,"poisson","GAM",2.04860572429589,1.02360005374737,45.7529999999997
56,"poisson","GLM",2.44493333861046,1.23854310346428,0.0590000000001965
56,"poisson","KFAS_K120",1.89571954450311,0.932308135959069,37.078
56,"poisson","KFAS_K240",1.89018064287617,0.929992432322306,270.567
56,"poisson","sdmTMB",1.80829084353113,0.896627398617805,135.41
57,"poisson","cf_dglm",1.71754355110287,0.848179503677734,0.532000000000153
57,"poisson","GAM",1.97069480413475,0.963411167319931,45.8139999999999
57,"poisson","GLM",2.30058988073432,1.14318882143769,0.0629999999996471
57,"poisson","KFAS_K120",1.80604203715233,0.879104150063506,37.0419999999999
57,"poisson","KFAS_K240",1.81199374088373,0.880575374838325,247.753
57,"poisson","sdmTMB",1.71274680183772,0.844421995722718,126.23
58,"poisson","cf_dglm",1.83913548771585,0.911441575979479,0.600000000000364
58,"poisson","GAM",2.09714296193763,1.03053544725312,54.3740000000003
58,"poisson","GLM",2.63426235438291,1.26682174865153,0.0570000000002437
58,"poisson","KFAS_K120",1.93577132764375,0.945560762397072,37.3049999999998
58,"poisson","KFAS_K240",1.93658431769741,0.94573220539004,247.722
58,"poisson","sdmTMB",1.83341129410686,0.906351861996255,162.407
59,"poisson","cf_dglm",2.01062590127181,0.973128231935368,0.539999999999964
59,"poisson","GAM",2.31657864841613,1.11749889620848,45.7930000000001
59,"poisson","GLM",2.68221429018031,1.32663881024853,0.0589999999997417
59,"poisson","KFAS_K120",2.09900553753706,1.00451984738128,37.1599999999999
59,"poisson","KFAS_K240",2.10409923642491,1.00688626781464,284.25
59,"poisson","sdmTMB",1.98938851355924,0.965592341835414,175.788
60,"poisson","cf_dglm",1.87777895525569,0.909780483277049,0.550000000000182
60,"poisson","GAM",2.13859836552553,1.04671533600987,46.915
60,"poisson","GLM",2.51575905188028,1.23683547282396,0.0599999999999454
60,"poisson","KFAS_K120",2.01072294900469,0.960778876301948,37.1709999999998
60,"poisson","KFAS_K240",2.00430788698392,0.958781860413202,270.69
60,"poisson","sdmTMB",1.88373481039422,0.914619722992416,146.483
61,"poisson","cf_dglm",1.83412352540775,0.900725901180766,0.527999999999793
61,"poisson","GAM",2.09040853483458,1.01610245237906,46.9879999999998
61,"poisson","GLM",2.4293259586385,1.18326225618614,0.0549999999998363
61,"poisson","KFAS_K120",1.92532431727566,0.922559422252567,37.9100000000003
61,"poisson","KFAS_K240",1.94423943942795,0.927573247298877,247.433
61,"poisson","sdmTMB",1.80845676038786,0.885491017343533,123.343
62,"poisson","cf_dglm",1.8727977918034,0.92008778633454,0.527000000000044
62,"poisson","GAM",2.13377567971691,1.04860605654904,46.9699999999998
62,"poisson","GLM",2.56167894940659,1.27505334945071,0.0659999999998035
62,"poisson","KFAS_K120",1.96470543339295,0.952716393367297,38.594
62,"poisson","KFAS_K240",1.97931822460985,0.955805957547892,270.51
62,"poisson","sdmTMB",1.85931794003192,0.914193438413705,150.52
63,"poisson","cf_dglm",1.70629896468493,0.834533503661204,0.519999999999982
63,"poisson","GAM",1.89821538510487,0.924367013039101,55.5880000000002
63,"poisson","GLM",2.29312310607847,1.13282697872248,0.056999999999789
63,"poisson","KFAS_K120",1.82311344606508,0.874839987553523,37.0249999999996
63,"poisson","KFAS_K240",1.83464444697743,0.878828391784541,282.669
63,"poisson","sdmTMB",1.70317777012977,0.83144046659012,109.418
64,"poisson","cf_dglm",1.70902725705911,0.842962125246069,0.552999999999884
64,"poisson","GAM",1.94132146402691,0.965779442322144,46.9630000000002
64,"poisson","GLM",2.25038542561369,1.15203683377443,0.0579999999999927
64,"poisson","KFAS_K120",1.7943966061218,0.883327535816543,37.7200000000003
64,"poisson","KFAS_K240",1.79698771343159,0.884117466893013,292.394
64,"poisson","sdmTMB",1.72483934969254,0.851286674047855,152.376
65,"poisson","cf_dglm",1.83748777953072,0.874732187032691,0.528999999999996
65,"poisson","GAM",2.14724578812439,1.01490651733101,45.73
65,"poisson","GLM",2.53097673537447,1.20187915317615,0.0589999999997417
65,"poisson","KFAS_K120",1.95789203314761,0.915459243781783,43.1309999999999
65,"poisson","KFAS_K240",1.95910521430105,0.913861247668499,247.461
65,"poisson","sdmTMB",1.8425954581109,0.872439758055762,150.892
66,"poisson","cf_dglm",1.70468605067112,0.855993075662368,0.509000000000015
66,"poisson","GAM",1.92196643742156,0.963716256611443,45.7310000000002
66,"poisson","GLM",2.29372508094793,1.15920090139107,0.0559999999995853
66,"poisson","KFAS_K120",1.79313687898774,0.882703754939999,34.7360000000003
66,"poisson","KFAS_K240",1.80221901158993,0.885714647453071,268.753
66,"poisson","sdmTMB",1.68235069541615,0.844400159564529,161.602
67,"poisson","cf_dglm",1.88480738921943,0.923331130540002,0.545000000000073
67,"poisson","GAM",2.23770607169704,1.07695529786962,45.8119999999999
67,"poisson","GLM",2.71190355979538,1.30643228631676,0.0529999999998836
67,"poisson","KFAS_K120",2.03420289437028,0.968292324797348,37.156
67,"poisson","KFAS_K240",2.04045270529679,0.969357080341835,262.224
67,"poisson","sdmTMB",1.88778053229773,0.922173162314997,138.065
68,"poisson","cf_dglm",1.84172042735131,0.903277369563413,0.5949999999998
68,"poisson","GAM",2.09743367561529,1.03277705518863,46.9650000000001
68,"poisson","GLM",2.43250495320992,1.20618671115918,0.0670000000000073
68,"poisson","KFAS_K120",1.92412272747931,0.926393390518006,36.8660000000004
68,"poisson","KFAS_K240",1.92621383219504,0.926834098137925,247.69
68,"poisson","sdmTMB",1.83816607860642,0.895992832824465,134.926
69,"poisson","cf_dglm",1.78947057115036,0.859725444567077,0.540999999999713
69,"poisson","GAM",2.00911989042035,0.968071056291789,45.7580000000003
69,"poisson","GLM",2.32024152416786,1.13903506074176,0.0540000000000873
69,"poisson","KFAS_K120",1.87924394458267,0.891881711960612,36.971
69,"poisson","KFAS_K240",1.88756207925047,0.894494283412689,270.488
69,"poisson","sdmTMB",1.7842037370036,0.856575246585738,130.811
70,"poisson","cf_dglm",1.76438180566922,0.837466091049175,0.617999999999938
70,"poisson","GAM",2.09943391806522,0.97059758471472,54.2959999999998
70,"poisson","GLM",2.53015666433819,1.17134715359158,0.0579999999999927
70,"poisson","KFAS_K120",1.92970474830495,0.878212947319308,37.6799999999998
70,"poisson","KFAS_K240",1.93304276747891,0.879318329427224,246.586
70,"poisson","sdmTMB",1.73410010075472,0.825466054869154,149.17
71,"poisson","cf_dglm",1.90631207663475,0.936103419513673,0.514000000000124
71,"poisson","GAM",2.20787440587289,1.07428981155575,45.779
71,"poisson","GLM",2.73781981696551,1.34055057646294,0.0579999999999927
71,"poisson","KFAS_K120",1.99590673555724,0.965023987420959,37.8240000000001
71,"poisson","KFAS_K240",1.98796163288059,0.962212706691819,290.717
71,"poisson","sdmTMB",1.91666769360563,0.928662926919804,152.677
72,"poisson","cf_dglm",1.7318616715708,0.857093453363539,0.601000000000113
72,"poisson","GAM",1.9452731305642,0.958539882797111,54.277
72,"poisson","GLM",2.36109361833462,1.17685776237648,0.0609999999996944
72,"poisson","KFAS_K120",1.82343582918365,0.892125213912714,37.0589999999997
72,"poisson","KFAS_K240",1.82850447235864,0.892669943527082,247.332
72,"poisson","sdmTMB",1.73838917902027,0.857788216877896,137.605
73,"poisson","cf_dglm",1.61473203055766,0.798268444165741,0.528999999999996
73,"poisson","GAM",1.84650788411778,0.916783920432402,45.7359999999999
73,"poisson","GLM",2.08636914708655,1.04451968801652,0.0609999999996944
73,"poisson","KFAS_K120",1.67620421443395,0.82754102332493,33.3739999999998
73,"poisson","KFAS_K240",1.67511430437283,0.826919288178597,270.375
73,"poisson","sdmTMB",1.59440554665237,0.791635991339348,143.939
74,"poisson","cf_dglm",1.76252846965428,0.878960223855982,0.5300000000002
74,"poisson","GAM",1.9993772129031,0.992006205338001,46.9409999999998
74,"poisson","GLM",2.35717598607916,1.18564278765467,0.0579999999999927
74,"poisson","KFAS_K120",1.85120924000275,0.915488445954367,37.1260000000002
74,"poisson","KFAS_K240",1.85113565460639,0.915881630706731,270.435
74,"poisson","sdmTMB",1.76726667868375,0.878234243207904,177.077
75,"poisson","cf_dglm",1.83838745340154,0.902182787127025,0.538000000000011
75,"poisson","GAM",2.03302108058525,1.00209587924211,45.7509999999997
75,"poisson","GLM",2.37135344043529,1.17685692024548,0.0579999999999927
75,"poisson","KFAS_K120",1.91429334295109,0.926764769002364,34.4940000000001
75,"poisson","KFAS_K240",1.91541210393524,0.92737860913988,269.598
75,"poisson","sdmTMB",1.84901736469069,0.903326188871994,122.555
76,"poisson","cf_dglm",1.70796115467961,0.841977063499444,0.554999999999836
76,"poisson","GAM",1.99691609270909,0.967513189864432,54.2930000000001
76,"poisson","GLM",2.38049674542689,1.15039142947698,0.0579999999999927
76,"poisson","KFAS_K120",1.79839859873091,0.876770038195129,37.9040000000005
76,"poisson","KFAS_K240",1.79698900386744,0.875196651296503,246.913
76,"poisson","sdmTMB",1.71203250093877,0.841414046340613,124.639
77,"poisson","cf_dglm",1.70077979102253,0.852263765456575,0.574999999999818
77,"poisson","GAM",1.90043179965731,0.950908675307556,46.877
77,"poisson","GLM",2.20855344199708,1.10076573506169,0.0589999999997417
77,"poisson","KFAS_K120",1.81817240183122,0.89536547871553,37.076
77,"poisson","KFAS_K240",1.83032779038079,0.899432412564581,242.868
77,"poisson","sdmTMB",1.70732371752099,0.852792302138905,128.381
78,"poisson","cf_dglm",1.71889514278524,0.84503215937202,0.55600000000004
78,"poisson","GAM",1.95044572989995,0.950919636607583,54.1990000000001
78,"poisson","GLM",2.27250601738721,1.11600495008772,0.0540000000000873
78,"poisson","KFAS_K120",1.81749043937276,0.880199283278458,36.8360000000002
78,"poisson","KFAS_K240",1.81989859820429,0.880890150079304,270.384
78,"poisson","sdmTMB",1.71190680607337,0.841270585699694,144.306
79,"poisson","cf_dglm",1.76381055028505,0.873668513702518,0.511999999999716
79,"poisson","GAM",2.00917675832751,0.991228875014627,55.2629999999999
79,"poisson","GLM",2.32543457813419,1.17260553549939,0.0570000000002437
79,"poisson","KFAS_K120",1.86326498507062,0.910578835089232,37.2850000000003
79,"poisson","KFAS_K240",1.87050186961381,0.912554079908354,247.518
79,"poisson","sdmTMB",1.78356712550478,0.877853957905932,163.187
80,"poisson","cf_dglm",1.77810311034696,0.873259748352944,0.574000000000069
80,"poisson","GAM",2.06445756894735,1.00413732535861,46.73
80,"poisson","GLM",2.35970635159107,1.15992104567792,0.0520000000001346
80,"poisson","KFAS_K120",1.87575232436147,0.910099098104987,38.4369999999999
80,"poisson","KFAS_K240",1.88185450215435,0.910228511620081,270.665
80,"poisson","sdmTMB",1.7787856730807,0.871770596726026,128.9
81,"poisson","cf_dglm",1.80323026694603,0.900484016717783,0.519000000000233
81,"poisson","GAM",2.03263473035386,1.02139975445286,45.5120000000002
81,"poisson","GLM",2.32270688531942,1.18527876679493,0.0500000000001819
81,"poisson","KFAS_K120",1.86021795457703,0.922638885537809,38.335
81,"poisson","KFAS_K240",1.8627860255349,0.92285769164649,237.349
81,"poisson","sdmTMB",1.79854498134832,0.898785963849958,108.675
82,"poisson","cf_dglm",1.6141903170964,0.801412131179559,0.51299999999992
82,"poisson","GAM",1.81110730262273,0.894568578685212,45.5929999999998
82,"poisson","GLM",2.16472115116392,1.08561480213365,0.0529999999998836
82,"poisson","KFAS_K120",1.68861902389399,0.835999155864497,37.1790000000001
82,"poisson","KFAS_K240",1.69116322064926,0.837403635180313,254.493
82,"poisson","sdmTMB",1.61467633329215,0.80116385573251,117.891
83,"poisson","cf_dglm",1.9926453258086,0.978284682164073,0.523000000000138
83,"poisson","GAM",2.30787871515774,1.12222974306516,46.9430000000002
83,"poisson","GLM",2.75541558396898,1.34467605280822,0.0540000000000873
83,"poisson","KFAS_K120",2.12887039961894,1.02167203464807,36.9070000000002
83,"poisson","KFAS_K240",2.15011973170228,1.0297945853733,248.664
83,"poisson","sdmTMB",1.99987233592925,0.975641343210445,133.126
84,"poisson","cf_dglm",1.7968268097519,0.896520536223638,0.534000000000106
84,"poisson","GAM",2.00944293998716,1.00705004942951,46.9699999999998
84,"poisson","GLM",2.36650403810302,1.21478759226819,0.0529999999998836
84,"poisson","KFAS_K120",1.85688026954404,0.918912843525059,37.7709999999997
84,"poisson","KFAS_K240",1.86308228916328,0.921663135810994,258.861
84,"poisson","sdmTMB",1.77011636901452,0.884932671927261,110.506
85,"poisson","cf_dglm",1.66971609946767,0.820541159794971,0.528999999999996
85,"poisson","GAM",1.86921273728867,0.918333536488102,45.7339999999999
85,"poisson","GLM",2.20738455275696,1.11217076429855,0.05600000000004
85,"poisson","KFAS_K120",1.76328836300181,0.862551962974206,37.049
85,"poisson","KFAS_K240",1.75931151599989,0.860614447679135,226.23
85,"poisson","sdmTMB",1.68204800592754,0.823241074449596,103.599
86,"poisson","cf_dglm",1.83624953968806,0.908200159923386,0.54300000000012
86,"poisson","GAM",2.10396065091678,1.03986728436929,46.9429999999998
86,"poisson","GLM",2.40237735414389,1.21430837206268,0.0540000000000873
86,"poisson","KFAS_K120",1.91402875989173,0.932369586510145,37.2069999999999
86,"poisson","KFAS_K240",1.91522025383205,0.932900240463311,253.349
86,"poisson","sdmTMB",1.83984275610254,0.904537367135862,112.839
87,"poisson","cf_dglm",1.80561737505886,0.903362300926323,0.550000000000182
87,"poisson","GAM",1.99599353496528,1.00667937247524,45.7460000000001
87,"poisson","GLM",2.33594386150737,1.19172538923859,0.0540000000000873
87,"poisson","KFAS_K120",1.8603246039866,0.926811484361822,36.998
87,"poisson","KFAS_K240",1.85630428883504,0.925493343313821,223.625
87,"poisson","sdmTMB",1.78140696181345,0.891177233324157,162.053
88,"poisson","cf_dglm",1.88955021295348,0.888832221756678,0.601000000000113
88,"poisson","GAM",2.12002454064524,1.0048403942414,55.576
88,"poisson","GLM",2.6628305157035,1.20505301948043,0.0599999999999454
88,"poisson","KFAS_K120",2.04505385314158,0.927649928544261,38.299
88,"poisson","KFAS_K240",2.07923933379195,0.933744450872413,243.654
88,"poisson","sdmTMB",1.9039661019261,0.883171756404479,127.572
89,"poisson","cf_dglm",1.77605357800809,0.875186060473548,0.541000000000167
89,"poisson","GAM",2.02105019866086,0.991146482094631,55.5120000000002
89,"poisson","GLM",2.30442124955275,1.15161287464541,0.0589999999997417
89,"poisson","KFAS_K120",1.83756999514863,0.893765547025321,35.4740000000002
89,"poisson","KFAS_K240",1.83828585418285,0.893029358433579,222.827
89,"poisson","sdmTMB",1.76665286589217,0.866136625318357,116.774
90,"poisson","cf_dglm",1.89739813143964,0.942013857950728,0.511999999999716
90,"poisson","GAM",2.13913351647254,1.05936574687559,55.248
90,"poisson","GLM",2.6198015167137,1.30060634219432,0.055000000000291
90,"poisson","KFAS_K120",1.97577444762983,0.967691506289126,35.7799999999997
90,"poisson","KFAS_K240",1.97812973387766,0.969010268469572,222.547
90,"poisson","sdmTMB",1.90689967759176,0.939009197233341,132.389
91,"poisson","cf_dglm",1.72624529924895,0.85245000677795,0.515000000000327
91,"poisson","GAM",1.91402002133555,0.944584633320255,45.5240000000003
91,"poisson","GLM",2.21709381234477,1.11272592854718,0.0540000000000873
91,"poisson","KFAS_K120",1.8162241827214,0.88619143848186,34.5429999999997
91,"poisson","KFAS_K240",1.81894868543868,0.887193964243919,221.786
91,"poisson","sdmTMB",1.72459315715451,0.853838559753323,125.866
92,"poisson","cf_dglm",1.66166997785331,0.825679794582613,0.501000000000204
92,"poisson","GAM",1.83470674936943,0.910124569032325,45.2489999999998
92,"poisson","GLM",2.18568773987548,1.0991532969827,0.0549999999998363
92,"poisson","KFAS_K120",1.72437581352504,0.850224441896116,34.9090000000001
92,"poisson","KFAS_K240",1.72699449958122,0.851165095909,221.76
92,"poisson","sdmTMB",1.67155755411272,0.828286699394702,120.259
93,"poisson","cf_dglm",1.79991830818124,0.881080501083585,0.520999999999731
93,"poisson","GAM",2.01308406116374,0.992340502600525,53.174
93,"poisson","GLM",2.48376599872638,1.20066632855483,0.0529999999998836
93,"poisson","KFAS_K120",1.89043000287566,0.9128618795813,34.0610000000001
93,"poisson","KFAS_K240",1.8937137720903,0.913482627381815,241.984
93,"poisson","sdmTMB",1.79457806080114,0.879664859832059,117.391
94,"poisson","cf_dglm",1.90285149008131,0.9347601776269,0.474999999999909
94,"poisson","GAM",2.20521858732242,1.07009468538974,45.7199999999998
94,"poisson","GLM",2.60675868213346,1.28739026339281,0.0599999999999454
94,"poisson","KFAS_K120",2.04024086592597,0.975257715203449,34.1469999999999
94,"poisson","KFAS_K240",2.05808700462774,0.981434937386633,255.851
94,"poisson","sdmTMB",1.91617651590137,0.93432256668464,126.054
95,"poisson","cf_dglm",1.68456894437559,0.834221185604771,0.462999999999738
95,"poisson","GAM",1.90854117300585,0.927516064334443,44.326
95,"poisson","GLM",2.23878332887654,1.13106670595003,0.0610000000001492
95,"poisson","KFAS_K120",1.76544754547592,0.864981177767552,35.0499999999997
95,"poisson","KFAS_K240",1.76268819721349,0.8647307613422,222.321
95,"poisson","sdmTMB",1.67894565605555,0.828698953859704,120.734
96,"poisson","cf_dglm",1.82862414525776,0.891362802046697,0.438999999999851
96,"poisson","GAM",2.07589157611766,1.00427999410061,45.2219999999998
96,"poisson","GLM",2.46294055300472,1.21441657129937,0.0599999999999454
96,"poisson","KFAS_K120",1.91485978504699,0.921611045779283,34.3029999999999
96,"poisson","KFAS_K240",1.92673077567459,0.926798686202126,222.476
96,"poisson","sdmTMB",1.84195623326674,0.891036391758456,116.048
97,"poisson","cf_dglm",1.73102905752841,0.854111973305656,0.436999999999898
97,"poisson","GAM",1.96394711356221,0.960115964436161,45.1680000000001
97,"poisson","GLM",2.25268181477228,1.10207624449677,0.05600000000004
97,"poisson","KFAS_K120",1.81570181620867,0.878946025463334,31.0939999999996
97,"poisson","KFAS_K240",1.81532817584426,0.876787817772069,222.37
97,"poisson","sdmTMB",1.71426845631454,0.843977228939747,115.602
98,"poisson","cf_dglm",1.81560978520255,0.904561565951359,0.509000000000015
98,"poisson","GAM",2.07199999287093,1.03492989395641,51.942
98,"poisson","GLM",2.39292535109768,1.2162691642189,0.0589999999997417
98,"poisson","KFAS_K120",1.91838958559778,0.942116616669487,33.3029999999999
98,"poisson","KFAS_K240",1.92035885405159,0.941616476214584,221.655
98,"poisson","sdmTMB",1.79088398929721,0.894769937483822,118.014
99,"poisson","cf_dglm",1.94516491598086,0.966466162285127,0.489999999999782
99,"poisson","GAM",2.2509899845123,1.11490541965298,51.9279999999999
99,"poisson","GLM",2.6829236280626,1.36329493011436,0.0619999999998981
99,"poisson","KFAS_K120",2.02897674647204,0.997903566582715,27.7259999999997
99,"poisson","KFAS_K240",2.03256051984118,0.999522976959987,254.803
99,"poisson","sdmTMB",1.93139254540257,0.959508798404084,133.564
100,"poisson","cf_dglm",1.69128244952574,0.82320117142655,0.475000000000364
100,"poisson","GAM",1.83796210015998,0.890157197559097,43.875
100,"poisson","GLM",2.12788776336189,1.06159016100705,0.0650000000000546
100,"poisson","KFAS_K120",1.76044982086171,0.851562368034646,34.462
100,"poisson","KFAS_K240",1.76203337233771,0.852551573863163,222.32
100,"poisson","sdmTMB",1.6969832781885,0.823456221718831,109.866
1,"binary","cf_dglm",0.448433088298866,0.201092234681258,0.640000000000001
1,"binary","GAM",0.458820669596093,0.210516406848607,48.394
1,"binary","GLM",0.48508848848063,0.235310841656423,0.0990000000000002
1,"binary","KFAS_K120",0.46058775806691,0.212141082881103,31.437
1,"binary","KFAS_K240",0.460753032254158,0.212293356731401,246.741
1,"binary","sdmTMB",0.447741355456689,0.200472321386193,97.121
2,"binary","cf_dglm",0.450256209258791,0.202730653976096,0.427000000000007
2,"binary","GAM",0.46207790513133,0.213515990410558,65.239
2,"binary","GLM",0.483985751206138,0.23424220737057,0.0949999999999998
2,"binary","KFAS_K120",0.46477350148804,0.216014407685453,29.913
2,"binary","KFAS_K240",0.465071997020044,0.216291962412212,282.088
2,"binary","sdmTMB",0.449875509796976,0.202387974315089,110.183
3,"binary","cf_dglm",0.455365386877116,0.207357635565746,0.539999999999999
3,"binary","GAM",0.461381749490887,0.212873118763272,48.645
3,"binary","GLM",0.488727118865465,0.238854196714539,0.102
3,"binary","KFAS_K120",0.465282525900101,0.216487828907978,31.589
3,"binary","KFAS_K240",0.465295442389143,0.216499848708108,282.018
3,"binary","sdmTMB",0.454316051065764,0.20640307425599,119.998
4,"binary","cf_dglm",0.457256423660365,0.209083436978667,0.647000000000006
4,"binary","GAM",0.464488414160655,0.21574948688948,41.113
4,"binary","GLM",0.486315740030324,0.236502999001241,0.111
4,"binary","KFAS_K120",0.466151816933933,0.217297516430807,32.957
4,"binary","KFAS_K240",0.466442843752216,0.217568926487654,286.524
4,"binary","sdmTMB",0.455815035996448,0.207767347040443,127.925
5,"binary","cf_dglm",0.456253050104002,0.208166845729205,0.634
5,"binary","GAM",0.465533765102355,0.216721686450375,48.595
5,"binary","GLM",0.491714091381063,0.241782747662705,0.113
5,"binary","KFAS_K120",0.466480925796778,0.217604454132219,37.659
5,"binary","KFAS_K240",0.46665624218708,0.217768048372166,268.821
5,"binary","sdmTMB",0.455709683111538,0.207671315281619,115.945
6,"binary","cf_dglm",0.450562250732693,0.20300634178531,0.615000000000002
6,"binary","GAM",0.46344791176989,0.214783966923872,48.729
6,"binary","GLM",0.484417127411252,0.234659953329369,0.108
6,"binary","KFAS_K120",0.463114598727226,0.214475131554279,34.687
6,"binary","KFAS_K240",0.462955760973343,0.214328036618407,246.741
6,"binary","sdmTMB",0.450799405900251,0.203220104360019,108.607
7,"binary","cf_dglm",0.45240430950964,0.204669659262894,0.593000000000004
7,"binary","GAM",0.460687267704975,0.212232758625475,48.334
7,"binary","GLM",0.484073592785057,0.234327243231833,0.117
7,"binary","KFAS_K120",0.465330241610962,0.216532233757716,31.394
7,"binary","KFAS_K240",0.465690631634685,0.216867764392312,313.108
7,"binary","sdmTMB",0.451052431912133,0.203448296333849,105.87
8,"binary","cf_dglm",0.45097180288122,0.203375566993938,0.412999999999997
8,"binary","GAM",0.461959521357522,0.213406599372871,55.838
8,"binary","GLM",0.485875915400667,0.236075405166436,0.115
8,"binary","KFAS_K120",0.46522455868279,0.216433890001597,35.875
8,"binary","KFAS_K240",0.465225642243782,0.216434898201139,282.063
8,"binary","sdmTMB",0.450663939927806,0.203097986751253,122.127
9,"binary","cf_dglm",0.45628070280025,0.20819207974789,0.495999999999995
9,"binary","GAM",0.464346525705169,0.215617695934461,56.358
9,"binary","GLM",0.485108178867256,0.235329945203905,0.127
9,"binary","KFAS_K120",0.466019954162275,0.217174597677409,35.81
9,"binary","KFAS_K240",0.466268068057087,0.217405911289689,281.82
9,"binary","sdmTMB",0.455352480705685,0.207345881684821,96.491
10,"binary","cf_dglm",0.456551043397506,0.208438855227351,0.613
10,"binary","GAM",0.464407839890037,0.21567464175133,41.516
10,"binary","GLM",0.485424196617816,0.235636650662052,0.128
10,"binary","KFAS_K120",0.466461230985754,0.217586080012745,36.098
10,"binary","KFAS_K240",0.466593086037944,0.217709107938412,246.843
10,"binary","sdmTMB",0.455480528076283,0.20746251145665,130.576
11,"binary","cf_dglm",0.44777689102224,0.200504144133543,0.637999999999998
11,"binary","GAM",0.457174933446156,0.209008919771497,48.571
11,"binary","GLM",0.478939340920817,0.229382892281667,0.131
11,"binary","KFAS_K120",0.461144796782943,0.212654523599981,31.326
11,"binary","KFAS_K240",0.461286057201304,0.212784826568325,284.363
11,"binary","sdmTMB",0.447043822978408,0.19984817966315,126.031
12,"binary","cf_dglm",0.454415696967595,0.206493625650546,0.565999999999995
12,"binary","GAM",0.466089713799142,0.217239621309367,41.46
12,"binary","GLM",0.487269621407206,0.237431683946322,0.134
12,"binary","KFAS_K120",0.466248539758907,0.217387700827314,33.013
12,"binary","KFAS_K240",0.466420590630554,0.217548167364155,304.825
12,"binary","sdmTMB",0.454292954269432,0.206382088298849,119.603
13,"binary","cf_dglm",0.456874687670718,0.208734480234216,0.472999999999999
13,"binary","GAM",0.463289312106171,0.214636986711809,47.363
13,"binary","GLM",0.484057796730047,0.234311950575148,0.131
13,"binary","KFAS_K120",0.466110020317793,0.217258551040654,34.598
13,"binary","KFAS_K240",0.466051669184096,0.217204158349282,247.022
13,"binary","sdmTMB",0.45358239088749,0.205736985323212,145.124
14,"binary","cf_dglm",0.449888859170786,0.202399985605991,0.616000000000007
14,"binary","GAM",0.45965228174549,0.211280220113836,41.817
14,"binary","GLM",0.482693006738407,0.232992538754164,0.135
14,"binary","KFAS_K120",0.463069321726669,0.214433196724397,33.255
14,"binary","KFAS_K240",0.463267029916311,0.21461634100748,305.255
14,"binary","sdmTMB",0.449672913064563,0.20220572874397,101.621
15,"binary","cf_dglm",0.450704220007717,0.203134293932765,0.535000000000004
15,"binary","GAM",0.458895883467171,0.210585431863116,49.296
15,"binary","GLM",0.481657065400547,0.231993528650267,0.153
15,"binary","KFAS_K120",0.463162372452864,0.214519383256166,31.214
15,"binary","KFAS_K240",0.463413552722124,0.214752120846541,284.376
15,"binary","sdmTMB",0.448880197947677,0.201493432109545,109.692
16,"binary","cf_dglm",0.45285511987031,0.205077759592753,0.552999999999997
16,"binary","GAM",0.462768928372864,0.214155081067369,49.439
16,"binary","GLM",0.487973311359587,0.238117952599241,0.144
16,"binary","KFAS_K120",0.464371587072204,0.215640970879958,31.224
16,"binary","KFAS_K240",0.464488704678009,0.215749756773455,246.42
16,"binary","sdmTMB",0.45227071855214,0.204548802859669,138.256
17,"binary","cf_dglm",0.452293418773813,0.204569336666104,0.454000000000001
17,"binary","GAM",0.462897159534537,0.214273780305143,58.051
17,"binary","GLM",0.479883163199141,0.230287850322013,0.149
17,"binary","KFAS_K120",0.464167370375008,0.21545134772085,30.092
17,"binary","KFAS_K240",0.464290392268237,0.215565568352593,268.972
17,"binary","sdmTMB",0.450667185380532,0.203100911978811,122.994
18,"binary","cf_dglm",0.455047091882733,0.207067855830932,0.585000000000001
18,"binary","GAM",0.462324664715832,0.213744095604606,49.556
18,"binary","GLM",0.480580575216998,0.230957689275901,0.149
18,"binary","KFAS_K120",0.465632442568676,0.216813571572471,31.141
18,"binary","KFAS_K240",0.465918588457633,0.217080131070353,281.979
18,"binary","sdmTMB",0.453105739070366,0.205304810778503,107.239
19,"binary","cf_dglm",0.450020300513169,0.202518270873963,0.569000000000003
19,"binary","GAM",0.458052553306787,0.209812141590867,41.744
19,"binary","GLM",0.484993149553452,0.235218355113777,0.151
19,"binary","KFAS_K120",0.462685720537024,0.214078075988865,33.016
19,"binary","KFAS_K240",0.463002291599617,0.214371122026497,284.953
19,"binary","sdmTMB",0.448665224685327,0.201300483841935,110.076
20,"binary","cf_dglm",0.455459781424988,0.207443612495698,0.548000000000002
20,"binary","GAM",0.463616948970497,0.214940675372713,40.255
20,"binary","GLM",0.484998669794397,0.235223709702335,0.147
20,"binary","KFAS_K120",0.46625936182056,0.217397792485316,33.107
20,"binary","KFAS_K240",0.466320978549336,0.217455255035211,284.421
20,"binary","sdmTMB",0.452984402768352,0.205194869151401,133.797
21,"binary","cf_dglm",0.458421321231828,0.210150107759935,0.491999999999997
21,"binary","GAM",0.463417268566812,0.214755564805925,49.852
21,"binary","GLM",0.486930340658471,0.237101156653774,0.146
21,"binary","KFAS_K120",0.467827600967597,0.218862664227097,31.002
21,"binary","KFAS_K240",0.467951896804766,0.218978977723178,285.327
21,"binary","sdmTMB",0.456803611470758,0.208669539452727,102.559
22,"binary","cf_dglm",0.451183142968469,0.203566228498906,0.537999999999997
22,"binary","GAM",0.459990794095941,0.211591530653015,49.22
22,"binary","GLM",0.487956894429379,0.238101930821164,0.152
22,"binary","KFAS_K120",0.463427311453311,0.214764873000844,31.094
22,"binary","KFAS_K240",0.463736933887556,0.215051943851432,282.747
22,"binary","sdmTMB",0.450441057235572,0.2028971460435,105.328
23,"binary","cf_dglm",0.455223984239054,0.207228875826479,0.539999999999999
23,"binary","GAM",0.4631580928866,0.214515419006352,49.693
23,"binary","GLM",0.486756842115736,0.236932223346483,0.159
23,"binary","KFAS_K120",0.465774937910498,0.216946292785528,31.263
23,"binary","KFAS_K240",0.465983001330546,0.217140157529024,260.38
23,"binary","sdmTMB",0.454911120489902,0.206944127545378,137.887
24,"binary","cf_dglm",0.456427036170745,0.20832563934761,0.599000000000004
24,"binary","GAM",0.459627690192343,0.211257613591548,41.783
24,"binary","GLM",0.48530796552277,0.23552382139985,0.149
24,"binary","KFAS_K120",0.465521442770161,0.216710213678813,39.275
24,"binary","KFAS_K240",0.465855389399282,0.217021243832356,282.654
24,"binary","sdmTMB",0.455834198531474,0.207784816550831,117.895
25,"binary","cf_dglm",0.458373662442171,0.210106414420649,0.464999999999996
25,"binary","GAM",0.46633600501828,0.217469269576409,49.817
25,"binary","GLM",0.487733289809963,0.237883761988849,0.158
25,"binary","KFAS_K120",0.468749719361924,0.219726299401882,30.977
25,"binary","KFAS_K240",0.468675065784402,0.219656317288014,284.528
25,"binary","sdmTMB",0.456984034838161,0.208834408096965,109.451
26,"binary","cf_dglm",0.456039080266462,0.207971642730281,0.524000000000001
26,"binary","GAM",0.461903833068858,0.213355151003703,49.435
26,"binary","GLM",0.483848347078495,0.234109222970592,0.145
26,"binary","KFAS_K120",0.466973157643472,0.218063929959515,31.172
26,"binary","KFAS_K240",0.467355698962632,0.21842134935285,287.134
26,"binary","sdmTMB",0.454377864313196,0.206459243577821,118.411
27,"binary","cf_dglm",0.457558279329368,0.209359578982852,0.536999999999999
27,"binary","GAM",0.466913095458105,0.218007838710269,49.6
27,"binary","GLM",0.486907126905111,0.23707855023099,0.143
27,"binary","KFAS_K120",0.467341790595515,0.218408349237022,31.268
27,"binary","KFAS_K240",0.467419975362692,0.21848143336806,282.897
27,"binary","sdmTMB",0.456397367047968,0.208298556648317,115.578
28,"binary","cf_dglm",0.446626075343633,0.199474851176856,0.516999999999996
28,"binary","GAM",0.454067489431426,0.206177284958559,49.603
28,"binary","GLM",0.48505328949501,0.23527669364993,0.144
28,"binary","KFAS_K120",0.461005588391621,0.212526152528305,31.205
28,"binary","KFAS_K240",0.461030729630433,0.212549333663569,282.52
28,"binary","sdmTMB",0.446427311256214,0.199297344235453,102.466
29,"binary","cf_dglm",0.451246150715389,0.203623088535456,0.597999999999999
29,"binary","GAM",0.45562139119062,0.207590852110476,41.806
29,"binary","GLM",0.481130750499655,0.231486799076361,0.147
29,"binary","KFAS_K120",0.462411376060766,0.213824280710411,33.265
29,"binary","KFAS_K240",0.4626488335471,0.214043943182492,280.871
29,"binary","sdmTMB",0.449374350483546,0.201937306872509,128.014
30,"binary","cf_dglm",0.453227099792981,0.205414803986757,0.448
30,"binary","GAM",0.46444872066721,0.215712614129408,57.963
30,"binary","GLM",0.485836747398319,0.236037345122578,0.146
30,"binary","KFAS_K120",0.46521126211997,0.216421518403255,30.152
30,"binary","KFAS_K240",0.465281812828315,0.216487165348803,269.11
30,"binary","sdmTMB",0.451880995150311,0.204196433778036,120.108
31,"binary","cf_dglm",0.451973361473389,0.204279919481555,0.557999999999993
31,"binary","GAM",0.458714774697,0.21041924452532,45.415
31,"binary","GLM",0.484742583740458,0.234975372491375,0.0520000000000209
31,"binary","KFAS_K120",0.464611774776676,0.215864101261133,43.893
31,"binary","KFAS_K240",0.464896877272043,0.216129106497297,286.034
31,"binary","sdmTMB",0.45128429156821,0.203657511816221,134
32,"binary","cf_dglm",0.453044386361645,0.2052492160138,0.574999999999989
32,"binary","GAM",0.461258065270914,0.212759002777467,45.582
32,"binary","GLM",0.485686430647157,0.235891308914775,0.0510000000000446
32,"binary","KFAS_K120",0.464724361238481,0.215968731928515,41.384
32,"binary","KFAS_K240",0.465004512524905,0.216229196668524,286.777
32,"binary","sdmTMB",0.452152208256907,0.204441619431597,150.968
33,"binary","cf_dglm",0.457745773727637,0.209531193365513,0.58299999999997
33,"binary","GAM",0.467840444487235,0.218874681498013,38.414
33,"binary","GLM",0.488872169993995,0.238995998594638,0.0520000000000209
33,"binary","KFAS_K120",0.468574926811003,0.219562462035936,38.213
33,"binary","KFAS_K240",0.468772430724462,0.21974759180732,281.393
33,"binary","sdmTMB",0.457130121316531,0.208967947814866,130.754
34,"binary","cf_dglm",0.453091826435109,0.205292203182303,0.479000000000042
34,"binary","GAM",0.466869227335113,0.217966875432485,45.917
34,"binary","GLM",0.487192933934915,0.237356954876111,0.0509999999999877
34,"binary","KFAS_K120",0.465083968386696,0.216303097650317,37.079
34,"binary","KFAS_K240",0.465417031717056,0.216613013412315,283.869
34,"binary","sdmTMB",0.452882071824278,0.205102170979851,115.909
35,"binary","cf_dglm",0.453598330931312,0.205751445823672,0.389999999999986
35,"binary","GAM",0.462374334859596,0.213790025536854,45.256
35,"binary","GLM",0.486176944834812,0.236368021688912,0.0500000000000114
35,"binary","KFAS_K120",0.465158286120519,0.216372231146578,32.876
35,"binary","KFAS_K240",0.465095180003325,0.216313526462325,286.753
35,"binary","sdmTMB",0.452781487495607,0.205011075418734,109.667
36,"binary","cf_dglm",0.450667029409247,0.203100771396555,0.503000000000043
36,"binary","GAM",0.459336732108521,0.210990233464135,45.378
36,"binary","GLM",0.484565795403002,0.234804010074544,0.0579999999999927
36,"binary","KFAS_K120",0.461517063906355,0.212998000276742,33.2860000000001
36,"binary","KFAS_K240",0.461615285992693,0.213088672262116,245.883
36,"binary","sdmTMB",0.450320248232351,0.202788325968046,123.667
37,"binary","cf_dglm",0.454372477312732,0.206454348139309,0.495999999999981
37,"binary","GAM",0.465795576453065,0.216965519043243,46.4230000000001
37,"binary","GLM",0.489650240323073,0.239757357848443,0.0609999999999786
37,"binary","KFAS_K120",0.465748266746007,0.21692144797691,31.531
37,"binary","KFAS_K240",0.465634219097821,0.216815225994838,282.364
37,"binary","sdmTMB",0.453616513613761,0.205767941423103,123.268
38,"binary","cf_dglm",0.456231666499965,0.208147333517335,0.393000000000029
38,"binary","GAM",0.467980679378217,0.219005916271297,53.694
38,"binary","GLM",0.485496220000926,0.235706579635187,0.0500000000000114
38,"binary","KFAS_K120",0.466995065698026,0.218084391386304,30.396
38,"binary","KFAS_K240",0.467068526574904,0.218153008516851,280.811
38,"binary","sdmTMB",0.45496851615873,0.206996350695676,129.483
39,"binary","cf_dglm",0.449185673749975,0.201767769502219,0.494000000000028
39,"binary","GAM",0.458806766560883,0.210503649042053,45.1
39,"binary","GLM",0.484720171224645,0.234953644392049,0.0589999999999691
39,"binary","KFAS_K120",0.464645096049404,0.215895065282759,34.646
39,"binary","KFAS_K240",0.464602580635219,0.215855557932905,281.521
39,"binary","sdmTMB",0.448441929805976,0.201100164408108,119.791
40,"binary","cf_dglm",0.456666742314961,0.208544513536559,0.54200000000003
40,"binary","GAM",0.467703825040544,0.218746867957556,39.808
40,"binary","GLM",0.48873382550333,0.238860752191119,0.0680000000000405
40,"binary","KFAS_K120",0.466951710728522,0.218043900152293,37.77
40,"binary","KFAS_K240",0.467018226324374,0.218106023719164,286.282
40,"binary","sdmTMB",0.455372354385084,0.207363981138214,118.87
41,"binary","cf_dglm",0.458182757181151,0.209931438978121,0.560999999999979
41,"binary","GAM",0.466335558620346,0.21746885323375,37.554
41,"binary","GLM",0.486075287294362,0.236269184918297,0.0589999999999691
41,"binary","KFAS_K120",0.467132792888016,0.218213046191358,32.564
41,"binary","KFAS_K240",0.467350127929097,0.218416142075343,288.253
41,"binary","sdmTMB",0.455948077895885,0.207888649736952,104.609
42,"binary","cf_dglm",0.451587014327299,0.203930831509044,0.503999999999905
42,"binary","GAM",0.460796366070932,0.212333290984176,37.943
42,"binary","GLM",0.48567259204139,0.235877866660202,0.0579999999999927
42,"binary","KFAS_K120",0.46418028404581,0.215463336096849,32.207
42,"binary","KFAS_K240",0.464406781606979,0.215673658802552,281.174
42,"binary","sdmTMB",0.451343323020289,0.203710795234997,101.225
43,"binary","cf_dglm",0.454221796820982,0.206317440707281,0.478999999999928
43,"binary","GAM",0.461702670848588,0.21316935626872,45.186
43,"binary","GLM",0.484905617114695,0.235133457509384,0.0579999999999927
43,"binary","KFAS_K120",0.465188657484421,0.216400487052158,31.1130000000001
43,"binary","KFAS_K240",0.465236459152095,0.216444962924379,281.007
43,"binary","sdmTMB",0.453146182916309,0.205341463091621,88.274
44,"binary","cf_dglm",0.451819907029767,0.204141228388387,0.507000000000062
44,"binary","GAM",0.459413659912357,0.211060910914067,37.6709999999999
44,"binary","GLM",0.484757449678963,0.234989785019252,0.0600000000000023
44,"binary","KFAS_K120",0.463212551254314,0.214565867639531,31.85
44,"binary","KFAS_K240",0.463272935873087,0.214621813112469,281.885
44,"binary","sdmTMB",0.450374120517267,0.202836848431702,104.909
45,"binary","cf_dglm",0.458914839079416,0.210602829527286,0.492000000000075
45,"binary","GAM",0.467751198855464,0.218791184030724,44.7669999999999
45,"binary","GLM",0.485042578975134,0.235266303418849,0.0640000000000214
45,"binary","KFAS_K120",0.467257714767174,0.218329772009442,32.043
45,"binary","KFAS_K240",0.467419687895772,0.218481164632581,245.714
45,"binary","sdmTMB",0.458226619672604,0.209971634976581,131.24
46,"binary","cf_dglm",0.465709281492437,0.216885134868202,0.521999999999935
46,"binary","GAM",0.470195631336336,0.221083931727776,45.467
46,"binary","GLM",0.490900956218529,0.240983748816266,0.0620000000000118
46,"binary","KFAS_K120",0.471475419846255,0.222289071519202,31.489
46,"binary","KFAS_K240",0.471705412578141,0.222505996255514,280.648
46,"binary","sdmTMB",0.462204289663186,0.21363280538305,118.087
47,"binary","cf_dglm",0.454611921925454,0.206671999556755,0.509999999999991
47,"binary","GAM",0.463797210812705,0.215107852757644,46.25
47,"binary","GLM",0.483114015606097,0.233399152075048,0.0660000000000309
47,"binary","KFAS_K120",0.466189283047411,0.217332447628259,37.3
47,"binary","KFAS_K240",0.466426097283697,0.217553304227301,267.93
47,"binary","sdmTMB",0.45355374677998,0.205711001218159,91.683
48,"binary","cf_dglm",0.455980731642798,0.207918427629502,0.509000000000015
48,"binary","GAM",0.465041869265911,0.216263940170333,44.989
48,"binary","GLM",0.48600716751901,0.236202966879851,0.0559999999999832
48,"binary","KFAS_K120",0.46695256126552,0.21804469447243,30.499
48,"binary","KFAS_K240",0.46704588180303,0.21813185570917,289.993
48,"binary","sdmTMB",0.455928125633856,0.207870455744001,115.176
49,"binary","cf_dglm",0.455453218435774,0.207437634183505,0.495000000000005
49,"binary","GAM",0.462738131104922,0.214126577978476,44.861
49,"binary","GLM",0.486758998374704,0.236934322498745,0.0610000000000355
49,"binary","KFAS_K120",0.466626511991343,0.217740301693207,30.374
49,"binary","KFAS_K240",0.46667957896647,0.217789829424322,280.773
49,"binary","sdmTMB",0.453946876488763,0.206067766673905,128.651
50,"binary","cf_dglm",0.461139640971994,0.212649768475779,0.494000000000028
50,"binary","GAM",0.466404650252745,0.217533297777385,45.8419999999999
50,"binary","GLM",0.489911317708454,0.240013099218834,0.0660000000000309
50,"binary","KFAS_K120",0.468927259254545,0.219892774471979,36.2810000000001
50,"binary","KFAS_K240",0.46892238225086,0.219888200575822,288.957
50,"binary","sdmTMB",0.458793552608196,0.21049152391485,136.128
51,"binary","cf_dglm",0.463616299049659,0.214940072744503,0.464000000000055
51,"binary","GAM",0.466894279999367,0.217990268696127,36.477
51,"binary","GLM",0.487591598127173,0.237745566564211,0.0699999999999932
51,"binary","KFAS_K120",0.469140261458504,0.220092584921354,30.99
51,"binary","KFAS_K240",0.469608864130804,0.220532485270224,281.508
51,"binary","sdmTMB",0.460332695906706,0.211906190920736,105.208
52,"binary","cf_dglm",0.45117300637755,0.203557081683757,0.600999999999999
52,"binary","GAM",0.457027843853616,0.208874450057485,47.2370000000001
52,"binary","GLM",0.48746582095867,0.23762292660291,0.0670000000000073
52,"binary","KFAS_K120",0.464161659481675,0.215446046132783,31.68
52,"binary","KFAS_K240",0.464612959325094,0.215865201972822,281.662
52,"binary","sdmTMB",0.449172051605931,0.201755531943881,117.793
53,"binary","cf_dglm",0.455423933270094,0.207410958995203,0.56899999999996
53,"binary","GAM",0.464702680661593,0.21594858141407,54.792
53,"binary","GLM",0.485924668452573,0.236122783410743,0.0620000000000118
53,"binary","KFAS_K120",0.466141266552498,0.217287680383167,31.211
53,"binary","KFAS_K240",0.466171857440492,0.217316200669518,278.417
53,"binary","sdmTMB",0.45381323614686,0.205946453302086,132.527
54,"binary","cf_dglm",0.448341154631984,0.201009790936741,0.471000000000004
54,"binary","GAM",0.458475080295421,0.210199399251893,37.575
54,"binary","GLM",0.484470924602572,0.234712076785271,0.0629999999999882
54,"binary","KFAS_K120",0.463196154673082,0.21455067770393,30.3869999999999
54,"binary","KFAS_K240",0.463551715010678,0.214880192489341,285.824
54,"binary","sdmTMB",0.448097082692007,0.200790995517087,129.514
55,"binary","cf_dglm",0.451320842399959,0.203690502784608,0.438999999999965
55,"binary","GAM",0.458472338622394,0.210196885281887,44.1609999999999
55,"binary","GLM",0.484576597406745,0.234814478754298,0.0669999999999504
55,"binary","KFAS_K120",0.464133467494285,0.215419875648268,30.116
55,"binary","KFAS_K240",0.464000213704239,0.21529619831758,281.274
55,"binary","sdmTMB",0.450507873721607,0.202957344285163,114.055
56,"binary","cf_dglm",0.447064900455495,0.199867025219281,0.474000000000046
56,"binary","GAM",0.456018728176939,0.207953080448113,37.961
56,"binary","GLM",0.483565589640556,0.233835679484419,0.0579999999999927
56,"binary","KFAS_K120",0.461651907344971,0.21312248355525,30.337
56,"binary","KFAS_K240",0.461339510578642,0.212834144020941,277.784
56,"binary","sdmTMB",0.445645027919513,0.198599490909383,115.204
57,"binary","cf_dglm",0.451893484065589,0.204207720940937,0.383000000000038
57,"binary","GAM",0.459739755575072,0.211360642856227,53.049
57,"binary","GLM",0.486818151193094,0.236991912331062,0.0670000000000073
57,"binary","KFAS_K120",0.463799714854652,0.215110175499256,29.876
57,"binary","KFAS_K240",0.46379982377418,0.215110276532961,282.477
57,"binary","sdmTMB",0.450863992113367,0.203278339384403,110.887
58,"binary","cf_dglm",0.4537930051044,0.205928091481682,0.476999999999975
58,"binary","GAM",0.462271117819268,0.213694586369875,44.561
58,"binary","GLM",0.486564851276657,0.236745354497876,0.0600000000000023
58,"binary","KFAS_K120",0.466518909844175,0.217639893242197,30.015
58,"binary","KFAS_K240",0.466656270711837,0.217768074994679,282.571
58,"binary","sdmTMB",0.454415519545217,0.206493464403549,135.1
59,"binary","cf_dglm",0.453697510652981,0.205841431172712,0.444999999999936
59,"binary","GAM",0.462866737369508,0.214245616563093,45.923
59,"binary","GLM",0.484041009730821,0.234295699101232,0.0929999999999609
59,"binary","KFAS_K120",0.464765239555184,0.216006727898788,29.866
59,"binary","KFAS_K240",0.465083823510803,0.216302962891428,280.894
59,"binary","sdmTMB",0.451825579174481,0.204146353996356,121.641
60,"binary","cf_dglm",0.452724819847729,0.204959762506159,0.44500000000005
60,"binary","GAM",0.463292595686678,0.2146400292181,69.2499999999999
60,"binary","GLM",0.485145279707072,0.235365942422053,0.0860000000000127
60,"binary","KFAS_K120",0.464978716344618,0.216205206653489,31.033
60,"binary","KFAS_K240",0.464952826637215,0.216181130997936,245.948
60,"binary","sdmTMB",0.452002438122285,0.20430620406849,111.985
61,"binary","cf_dglm",0.45941370384341,0.211060951279121,0.636999999999944
61,"binary","GAM",0.467978348597084,0.219003734755654,45.719
61,"binary","GLM",0.482836019549102,0.23313062177402,0.0500000000000682
61,"binary","KFAS_K120",0.4674678254647,0.218526167844695,34.437
61,"binary","KFAS_K240",0.467696051471581,0.218739596562108,290.341
61,"binary","sdmTMB",0.457448294189496,0.209258941856879,100.893
62,"binary","cf_dglm",0.455813154797778,0.207765632086703,0.437000000000012
62,"binary","GAM",0.465674824817742,0.216853042469035,68.5550000000001
62,"binary","GLM",0.483553263922825,0.233823759050417,0.05499999999995
62,"binary","KFAS_K120",0.466934077346717,0.21802743258763,30.8829999999999
62,"binary","KFAS_K240",0.467219296815159,0.218293871316452,282.375
62,"binary","sdmTMB",0.454795339557417,0.206838800883146,114.512
63,"binary","cf_dglm",0.451233829375432,0.203611968772817,0.559000000000083
63,"binary","GAM",0.458586163446209,0.210301269304313,45.5650000000001
63,"binary","GLM",0.484726273335568,0.234959560061788,0.0510000000000446
63,"binary","KFAS_K120",0.463988026498799,0.21528488873425,35.389
63,"binary","KFAS_K240",0.464047572343499,0.215340149397895,284.447
63,"binary","sdmTMB",0.449606919467862,0.202146382033381,122.983
64,"binary","cf_dglm",0.456087983299055,0.208016248509799,0.447000000000003
64,"binary","GAM",0.465965216727728,0.217123583200119,60.682
64,"binary","GLM",0.489100406866688,0.23921920799716,0.0489999999999782
64,"binary","KFAS_K120",0.465710065234509,0.216885864860731,31.0310000000001
64,"binary","KFAS_K240",0.466280445473658,0.217417453831113,282.313
64,"binary","sdmTMB",0.454711979414918,0.206762984223433,112.931
65,"binary","cf_dglm",0.4465217746759,0.199381695259715,0.610000000000014
65,"binary","GAM",0.458716912130431,0.210421205474478,37.294
65,"binary","GLM",0.482031606722062,0.232354469879053,0.0529999999999973
65,"binary","KFAS_K120",0.462416587933361,0.213829100795932,34.415
65,"binary","KFAS_K240",0.462517174132666,0.213922136367667,281.345
65,"binary","sdmTMB",0.447318755975165,0.200094069447169,106.002
66,"binary","cf_dglm",0.453939292690742,0.206060881448571,0.622000000000071
66,"binary","GAM",0.46498713082461,0.216213031832503,46.936
66,"binary","GLM",0.491031989152177,0.241112414370744,0.0610000000000355
66,"binary","KFAS_K120",0.46590768365026,0.217069969684351,33.57
66,"binary","KFAS_K240",0.466319496600385,0.217453872909636,281.643
66,"binary","sdmTMB",0.453774705160556,0.20591148304355,145.167
67,"binary","cf_dglm",0.456106872123219,0.208033478798027,0.559999999999945
67,"binary","GAM",0.464553418665621,0.215809878793916,45.018
67,"binary","GLM",0.485899585205041,0.236098406902431,0.05600000000004
67,"binary","KFAS_K120",0.466752923309074,0.217858291417567,38.907
67,"binary","KFAS_K240",0.466896684427675,0.217992513929556,280.683
67,"binary","sdmTMB",0.454173808777938,0.206273848579859,131.379
68,"binary","cf_dglm",0.458897355325109,0.210586782724379,0.603000000000065
68,"binary","GAM",0.46970893790996,0.220626486352502,47.2869999999999
68,"binary","GLM",0.489221021389408,0.239337207769295,0.05499999999995
68,"binary","KFAS_K120",0.468742617374873,0.219719641343447,33.1899999999999
68,"binary","KFAS_K240",0.468758361090328,0.21973440109209,283.09
68,"binary","sdmTMB",0.458296222372132,0.210035427440567,105.544
69,"binary","cf_dglm",0.446664785628069,0.199509430720168,0.506999999999948
69,"binary","GAM",0.454187925143189,0.206286671345875,37.804
69,"binary","GLM",0.481265445320493,0.231616428859532,0.0589999999999691
69,"binary","KFAS_K120",0.460402822597104,0.21197075905538,36.11
69,"binary","KFAS_K240",0.460830626030245,0.212364865887428,282.554
69,"binary","sdmTMB",0.446694293539069,0.199535791880368,106.016
70,"binary","cf_dglm",0.456850093603751,0.208712008025756,0.52800000000002
70,"binary","GAM",0.46514665568458,0.216361411294549,46.6
70,"binary","GLM",0.486745470634417,0.23692115318312,0.0610000000000355
70,"binary","KFAS_K120",0.467413080033034,0.218474987385967,32.7979999999999
70,"binary","KFAS_K240",0.467430812935105,0.218491564881173,283.292
70,"binary","sdmTMB",0.452974477903112,0.205185877631597,111.813
71,"binary","cf_dglm",0.455483265269519,0.207465004940583,0.530000000000086
71,"binary","GAM",0.46428766495956,0.215563035833601,45.9019999999999
71,"binary","GLM",0.484769877280651,0.235001833918698,0.0550000000000637
71,"binary","KFAS_K120",0.465676181349428,0.216854305876185,30.7779999999999
71,"binary","KFAS_K240",0.465510842363366,0.216700344357851,281.547
71,"binary","sdmTMB",0.45471952648257,0.206769847764533,114.11
72,"binary","cf_dglm",0.453481927930047,0.205645858959153,0.447999999999979
72,"binary","GAM",0.462458962058601,0.213868291588319,44.025
72,"binary","GLM",0.486933767963132,0.237104494382773,0.0570000000000164
72,"binary","KFAS_K120",0.465783250371056,0.216954036326225,30.487
72,"binary","KFAS_K240",0.465857909330634,0.21702359168591,286.431
72,"binary","sdmTMB",0.453840095010051,0.205970831838732,105.403
73,"binary","cf_dglm",0.453323685969412,0.205502364260894,0.543000000000006
73,"binary","GAM",0.466903022379955,0.217998432307537,39.434
73,"binary","GLM",0.485015296159458,0.235239837508647,0.0570000000000164
73,"binary","KFAS_K120",0.466003969777341,0.217159699848241,32.5049999999999
73,"binary","KFAS_K240",0.466347921003962,0.217480383424717,279.808
73,"binary","sdmTMB",0.453588703418352,0.205742711868742,116.984
74,"binary","cf_dglm",0.461175873729024,0.212683186509729,0.45799999999997
74,"binary","GAM",0.466197280151763,0.217339904020901,44.293
74,"binary","GLM",0.486674721929334,0.236852284964995,0.0690000000000737
74,"binary","KFAS_K120",0.468695463403891,0.219675437415388,30.3489999999999
74,"binary","KFAS_K240",0.46898897551546,0.21995065915504,261.326
74,"binary","sdmTMB",0.460596148853783,0.212148812338936,160.08
75,"binary","cf_dglm",0.454465377146733,0.206538779025122,0.483999999999924
75,"binary","GAM",0.464501676536818,0.215761807505515,44.2099999999999
75,"binary","GLM",0.485785985805583,0.235988024005102,0.0670000000000073
75,"binary","KFAS_K120",0.467127023188525,0.218207655792973,30.303
75,"binary","KFAS_K240",0.467268127756604,0.218339503217162,284.133
75,"binary","sdmTMB",0.454830658191022,0.206870927630479,119.839
76,"binary","cf_dglm",0.449674459177948,0.20220711923698,0.524999999999977
76,"binary","GAM",0.459729047237786,0.211350796874163,36.867
76,"binary","GLM",0.485516114591244,0.235725897527778,0.0610000000000355
76,"binary","KFAS_K120",0.462631111535822,0.21402754536087,36.422
76,"binary","KFAS_K240",0.46260847411152,0.214006600319789,285.491
76,"binary","sdmTMB",0.449778929582001,0.202301085495931,126.811
77,"binary","cf_dglm",0.453417330929998,0.205587275987683,0.41700000000003
77,"binary","GAM",0.464347953371602,0.215619021800395,52.2429999999999
77,"binary","GLM",0.486021972577767,0.236217357828384,0.0629999999999882
77,"binary","KFAS_K120",0.466492066493444,0.217614848101324,29.8169999999999
77,"binary","KFAS_K240",0.466674039141063,0.217784658808235,267.831
77,"binary","sdmTMB",0.453030172833664,0.205236337497699,117.59
78,"binary","cf_dglm",0.452737199681009,0.204970971975002,0.47199999999998
78,"binary","GAM",0.461985501166434,0.213430603288001,43.798
78,"binary","GLM",0.487338996984313,0.237499297981676,0.0650000000000546
78,"binary","KFAS_K120",0.463540407501974,0.214869709387096,36.0649999999999
78,"binary","KFAS_K240",0.463840163699054,0.215147697460365,285.516
78,"binary","sdmTMB",0.452146274547916,0.20443625358756,124.212
79,"binary","cf_dglm",0.450696589710356,0.203127415976545,0.495999999999981
79,"binary","GAM",0.46178924813704,0.213249309694973,43.272
79,"binary","GLM",0.482734774734908,0.233032862738362,0.0590000000000828
79,"binary","KFAS_K120",0.464247593698639,0.215525828254977,30.116
79,"binary","KFAS_K240",0.464294300540196,0.21556919751411,282.409
79,"binary","sdmTMB",0.450823803353661,0.20324210167026,117.37
80,"binary","cf_dglm",0.4542967158235,0.206385506008018,0.38900000000001
80,"binary","GAM",0.464388071899626,0.215656281322653,44.9749999999999
80,"binary","GLM",0.484752205571534,0.234984700806467,0.0589999999999691
80,"binary","KFAS_K120",0.4647652696636,0.216006755885479,29.942
80,"binary","KFAS_K240",0.464991782873436,0.216217358139817,287.249
80,"binary","sdmTMB",0.453071407915573,0.205273700670599,116.07
81,"binary","cf_dglm",0.457961212173661,0.209728471855569,0.484000000000037
81,"binary","GAM",0.468512000561652,0.219503494670281,42.9879999999999
81,"binary","GLM",0.488864285510358,0.238988289647553,0.0650000000000546
81,"binary","KFAS_K120",0.467698288208279,0.218741688792954,35.7399999999999
81,"binary","KFAS_K240",0.467582727506919,0.21863360706281,281.614
81,"binary","sdmTMB",0.456651609313139,0.20853069228828,104.943
82,"binary","cf_dglm",0.455489223522413,0.207470432745051,0.444999999999936
82,"binary","GAM",0.461763809386579,0.213225815659205,43.42
82,"binary","GLM",0.485841397247292,0.236041863279201,0.0650000000000546
82,"binary","KFAS_K120",0.465100019602649,0.216318028234385,29.973
82,"binary","KFAS_K240",0.465275590439119,0.216481375058471,280.7
82,"binary","sdmTMB",0.455485071862412,0.207466650689507,109.341
83,"binary","cf_dglm",0.453246447081721,0.205432341792203,0.615000000000009
83,"binary","GAM",0.46318062649952,0.214536292764488,41.4010000000001
83,"binary","GLM",0.483837469223423,0.234098696624527,0.0600000000000591
83,"binary","KFAS_K120",0.466083902210549,0.217234203899812,31.2109999999999
83,"binary","KFAS_K240",0.46658309462984,0.217699784194358,281.529
83,"binary","sdmTMB",0.452955814380095,0.205168969780735,168.205
84,"binary","cf_dglm",0.444827108082752,0.197871156085264,0.535999999999945
84,"binary","GAM",0.455388611479079,0.207378787464844,48.765
84,"binary","GLM",0.486327839548592,0.236514767520002,0.0629999999999882
84,"binary","KFAS_K120",0.460653407844951,0.212201562159167,30.999
84,"binary","KFAS_K240",0.460835726842223,0.2123695671342,280.905
84,"binary","sdmTMB",0.444923079011676,0.19795654623723,94.693
85,"binary","cf_dglm",0.446986201411284,0.199796664252089,0.497999999999934
85,"binary","GAM",0.4548874646614,0.206922605506077,48.608
85,"binary","GLM",0.483453827359098,0.23372760318816,0.0680000000000973
85,"binary","KFAS_K120",0.461858145753263,0.213312946798642,34.7830000000001
85,"binary","KFAS_K240",0.461766515522614,0.213228314857897,284.014
85,"binary","sdmTMB",0.444523010897221,0.197600707217131,116.019
86,"binary","cf_dglm",0.458663708236583,0.210372397253334,0.442000000000007
86,"binary","GAM",0.465118899347444,0.216335590530177,47.3159999999999
86,"binary","GLM",0.486017095952965,0.236212617558554,0.0659999999999172
86,"binary","KFAS_K120",0.46678309255445,0.217886455494697,31.6400000000001
86,"binary","KFAS_K240",0.467123819743786,0.218204662972025,288.967
86,"binary","sdmTMB",0.455980945748594,0.207918622885782,110.14
87,"binary","cf_dglm",0.456507909052423,0.208399471027415,0.490999999999985
87,"binary","GAM",0.464348533067704,0.215619560162129,46.4590000000001
87,"binary","GLM",0.48682770490573,0.237001214263781,0.0789999999999509
87,"binary","KFAS_K120",0.466552817573237,0.217671531585527,31.0219999999999
87,"binary","KFAS_K240",0.466967214808301,0.218058379705822,282.262
87,"binary","sdmTMB",0.454596894706393,0.206658336676695,120.756
88,"binary","cf_dglm",0.454585668729211,0.206648130213984,0.537000000000035
88,"binary","GAM",0.4641786287622,0.215461799399557,46.979
88,"binary","GLM",0.486436793185023,0.236620753764129,0.0600000000000591
88,"binary","KFAS_K120",0.465604994151681,0.216788010578987,37.049
88,"binary","KFAS_K240",0.465617825210895,0.216799959154123,267.803
88,"binary","sdmTMB",0.4522560161927,0.204535504182492,124.678
89,"binary","cf_dglm",0.454504531858143,0.20657436947959,0.534000000000106
89,"binary","GAM",0.461544719618896,0.213023528208085,46.563
89,"binary","GLM",0.487130160383925,0.237295793155668,0.0610000000000355
89,"binary","KFAS_K120",0.467032350288051,0.21811921621558,30.9580000000001
89,"binary","KFAS_K240",0.466834455229073,0.217934408589025,284.196
89,"binary","sdmTMB",0.454080645628995,0.206189232734845,97.107
90,"binary","cf_dglm",0.450538410751069,0.202984859562099,0.496999999999844
90,"binary","GAM",0.456110193727164,0.208036508821831,46.382
90,"binary","GLM",0.480986134582273,0.231347661660396,0.0600000000000591
90,"binary","KFAS_K120",0.462113777791827,0.213549143625034,30.999
90,"binary","KFAS_K240",0.462562707406507,0.213964258283238,245.621
90,"binary","sdmTMB",0.449894907592739,0.202405427877879,122.905
91,"binary","cf_dglm",0.45594121117017,0.207882388043322,0.541999999999916
91,"binary","GAM",0.462986834171418,0.214356808616072,37.806
91,"binary","GLM",0.483346385824819,0.233623728689914,0.0559999999998126
91,"binary","KFAS_K120",0.464721780678359,0.215966333436865,31.335
91,"binary","KFAS_K240",0.464651994784066,0.215901476256812,254.398
91,"binary","sdmTMB",0.455218933571342,0.20722427748183,112.594
92,"binary","cf_dglm",0.454664306890659,0.206719631960364,0.463999999999942
92,"binary","GAM",0.463631371631735,0.214954048761124,44.6130000000001
92,"binary","GLM",0.484518003270798,0.234757695493521,0.0510000000001583
92,"binary","KFAS_K120",0.466771972740986,0.217876074536512,32.9060000000002
92,"binary","KFAS_K240",0.466730471848455,0.217837333351882,250.705
92,"binary","sdmTMB",0.453198508172056,0.205388887809378,110.194
93,"binary","cf_dglm",0.447555470430519,0.200305899112283,0.476000000000113
93,"binary","GAM",0.459372287055453,0.211022898114557,43.9540000000002
93,"binary","GLM",0.485234327984191,0.23545235305427,0.05600000000004
93,"binary","KFAS_K120",0.464355531775932,0.215626059890908,27.674
93,"binary","KFAS_K240",0.464858255381599,0.216093197596424,251.195
93,"binary","sdmTMB",0.446769597217032,0.199603072997469,94.1190000000001
94,"binary","cf_dglm",0.454591935386681,0.206653827718609,0.45900000000006
94,"binary","GAM",0.466624149633103,0.217738097020817,43.578
94,"binary","GLM",0.489959517805815,0.240060329088507,0.0550000000000637
94,"binary","KFAS_K120",0.466771114842697,0.217875273651494,27.6409999999998
94,"binary","KFAS_K240",0.46726980515069,0.218341070805563,251.349
94,"binary","sdmTMB",0.453763914814266,0.205901690387569,101.382
95,"binary","cf_dglm",0.455566353108605,0.207540702084674,0.442999999999984
95,"binary","GAM",0.460580104638808,0.212134032789095,42.9489999999998
95,"binary","GLM",0.486852926805956,0.237025772339526,0.053000000000111
95,"binary","KFAS_K120",0.465235155530942,0.2164437499419,27.5990000000002
95,"binary","KFAS_K240",0.465175531564561,0.216388275166372,250.322
95,"binary","sdmTMB",0.453966067477533,0.206085190421016,96.51
96,"binary","cf_dglm",0.453996050119858,0.206112413524433,0.40300000000002
96,"binary","GAM",0.463533755093736,0.2148635421113,50.692
96,"binary","GLM",0.483999998344733,0.234255998397701,0.0540000000000873
96,"binary","KFAS_K120",0.465522767163135,0.216711446747223,27.683
96,"binary","KFAS_K240",0.465940336540208,0.217100397215202,251.111
96,"binary","sdmTMB",0.452672600403019,0.204912483155631,97.982
97,"binary","cf_dglm",0.454498631413921,0.206569005957128,0.445999999999913
97,"binary","GAM",0.466174382757198,0.217318555139054,42.684
97,"binary","GLM",0.485567535139887,0.235775831181825,0.0609999999999218
97,"binary","KFAS_K120",0.46646830840697,0.21759268274806,27.5900000000001
97,"binary","KFAS_K240",0.466385789475807,0.217515704624972,252.011
97,"binary","sdmTMB",0.452871476656615,0.205092574369143,88.3409999999999
98,"binary","cf_dglm",0.462366688307422,0.213782954456373,0.476999999999862
98,"binary","GAM",0.468127057314395,0.219142941789835,49.4299999999998
98,"binary","GLM",0.48870682238721,0.238834358247804,0.0629999999998745
98,"binary","KFAS_K120",0.46994687476755,0.220850065103787,27.6119999999999
98,"binary","KFAS_K240",0.470180039481848,0.221069269527152,256.525
98,"binary","sdmTMB",0.460647132766159,0.212195780925683,111.866
99,"binary","cf_dglm",0.451312826513089,0.203683267375233,0.455999999999904
99,"binary","GAM",0.459743794657659,0.211364356726224,35.6899999999998
99,"binary","GLM",0.482131029528756,0.232450329634458,0.0589999999999691
99,"binary","KFAS_K120",0.46214876352219,0.213581479625089,35.049
99,"binary","KFAS_K240",0.462411844338459,0.213824713784495,219.578
99,"binary","sdmTMB",0.450293350333502,0.20276410135457,108.186
100,"binary","cf_dglm",0.451526878116298,0.20387652166145,0.451999999999998
100,"binary","GAM",0.458883600833699,0.210574159114102,42.528
100,"binary","GLM",0.479835734783323,0.230242332375051,0.0540000000000873
100,"binary","KFAS_K120",0.462472949612455,0.213881229123244,27.6099999999999
100,"binary","KFAS_K240",0.462747412282718,0.214135167574351,251.23
100,"binary","sdmTMB",0.450649247608417,0.203084744370033,92.8689999999999
