"seed","family","method","rmse","crps","time"
1,"gaussian","GLM",1.137600863729,0.639634758044432,0.01
1,"gaussian","GAM",0.974413653295819,0.549794077761414,36.42
1,"gaussian","cf_dglm",0.529301641950411,0.300640232278113,13.159
1,"gaussian","KFAS_K120",0.536064505200005,0.305035728377766,30.073
1,"gaussian","KFAS_K240",0.538857831610162,0.307130515288382,245.86
1,"gaussian","sdmTMB",0.530978695199429,0.302227809296142,725.982
2,"gaussian","GLM",1.17203002450283,0.663264859521896,0.01
2,"gaussian","GAM",1.0356082745079,0.583033481837827,42.374
2,"gaussian","cf_dglm",0.523877066673565,0.296547108738873,14.936
2,"gaussian","KFAS_K120",0.533603410206399,0.302624848341115,29.93
2,"gaussian","KFAS_K240",0.53541488336802,0.304196968993252,230.595
2,"gaussian","sdmTMB",0.52294086347133,0.296602702798874,452.843
3,"gaussian","GLM",1.13221383832469,0.638226415209876,0.01
3,"gaussian","GAM",1.02618843010169,0.575674191124138,41.986
3,"gaussian","cf_dglm",0.524737703664097,0.296540162731213,14.777
3,"gaussian","KFAS_K120",0.533619902028737,0.302307932529449,31.154
3,"gaussian","KFAS_K240",0.535956891410332,0.304336437502922,230.501
3,"gaussian","sdmTMB",0.524597071793584,0.297273215321163,603.317
4,"gaussian","GLM",1.14918509334488,0.64224440701726,0.01
4,"gaussian","GAM",1.03658250826602,0.579270134498435,42.408
4,"gaussian","cf_dglm",0.527150463460193,0.297596480854434,14.894
4,"gaussian","KFAS_K120",0.540698832907957,0.306282317447102,29.955
4,"gaussian","KFAS_K240",0.542685377757232,0.308054678089547,230.902
4,"gaussian","sdmTMB",0.530750458247493,0.30066811860411,645.005
5,"gaussian","GLM",1.12907126422252,0.637752643860603,0.01
5,"gaussian","GAM",0.972635644166275,0.547383562739195,42.042
5,"gaussian","cf_dglm",0.530114893603783,0.299607139165146,16.804
5,"gaussian","KFAS_K120",0.537853131053701,0.304147458261324,29.946
5,"gaussian","KFAS_K240",0.540346685944702,0.30607642182799,230.571
5,"gaussian","sdmTMB",0.531769616914593,0.301037393355078,827.722
6,"gaussian","GLM",1.173456533652,0.661018872579537,0.012
6,"gaussian","GAM",0.962130366632389,0.544334891857238,42.572
6,"gaussian","cf_dglm",0.521004177977354,0.295047223359246,15.121
6,"gaussian","KFAS_K120",0.529990364491824,0.301161062031459,29.951
6,"gaussian","KFAS_K240",0.532368497349751,0.303275047157304,246.906
6,"gaussian","sdmTMB",0.522085650656091,0.296558316647246,527.215
7,"gaussian","GLM",1.13063395050571,0.634112301692358,0.00900000000000001
7,"gaussian","GAM",1.01556187183308,0.571578666519688,42.554
7,"gaussian","cf_dglm",0.51909857569177,0.293232449230647,17.051
7,"gaussian","KFAS_K120",0.522951314691064,0.296022032851197,29.996
7,"gaussian","KFAS_K240",0.525473784036245,0.298048218752763,230.514
7,"gaussian","sdmTMB",0.520912972183724,0.294793052051191,549.391
8,"gaussian","GLM",1.15896392956208,0.656797031233535,0.01
8,"gaussian","GAM",1.0751987513515,0.607921261865463,43.172
8,"gaussian","cf_dglm",0.524503266609542,0.295972638060356,16.584
8,"gaussian","KFAS_K120",0.530506290400489,0.299887682764278,29.398
8,"gaussian","KFAS_K240",0.533161782371792,0.301935020166455,230.544
8,"gaussian","sdmTMB",0.525040177955706,0.296778700676937,644.116
9,"gaussian","GLM",1.14210578922257,0.638727089833804,0.013
9,"gaussian","GAM",1.03080508210262,0.576726172034396,43.117
9,"gaussian","cf_dglm",0.525878027813327,0.296539798959814,16.653
9,"gaussian","KFAS_K120",0.537330733116939,0.303453109672828,29.927
9,"gaussian","KFAS_K240",0.540895875662524,0.306092647973516,230.584
9,"gaussian","sdmTMB",0.52697148233089,0.297455730695436,664.495
10,"gaussian","GLM",1.1395873033231,0.644039856884916,0.00900000000000001
10,"gaussian","GAM",1.03237213142452,0.582786497076223,36.536
10,"gaussian","cf_dglm",0.530869072402877,0.301086526227791,11.655
10,"gaussian","KFAS_K120",0.534683541983748,0.304140131561799,30.051
10,"gaussian","KFAS_K240",0.537488035386404,0.306460767819289,230.695
10,"gaussian","sdmTMB",0.529809016640064,0.301191857221827,800.958
11,"gaussian","GLM",1.11557685576594,0.62374913239574,0.00900000000000001
11,"gaussian","GAM",0.991305180207164,0.556970032656414,37.73
11,"gaussian","cf_dglm",0.521737934506469,0.295259493407194,11.673
11,"gaussian","KFAS_K120",0.527696631214774,0.298894115879974,30.054
11,"gaussian","KFAS_K240",0.530813786016861,0.30132684276693,230.732
11,"gaussian","sdmTMB",0.520377132473526,0.295084836291642,465.175
12,"gaussian","GLM",1.12468702967854,0.636615307481376,0.0099999999999999
12,"gaussian","GAM",1.01215953356335,0.570653135280251,42.704
12,"gaussian","cf_dglm",0.523636277432055,0.29606851171676,15.287
12,"gaussian","KFAS_K120",0.530401984765762,0.300385740424227,29.483
12,"gaussian","KFAS_K240",0.532162900647132,0.301864790265647,230.582
12,"gaussian","sdmTMB",0.523731295154237,0.296500848984311,528.855
13,"gaussian","GLM",1.14257555768554,0.64656929194469,0.0149999999999999
13,"gaussian","GAM",1.04247483924902,0.586466350220801,37.704
13,"gaussian","cf_dglm",0.520654483771019,0.293972581463005,13.333
13,"gaussian","KFAS_K120",0.53162454280509,0.300971825975916,30.014
13,"gaussian","KFAS_K240",0.534255767953576,0.30306023082388,230.759
13,"gaussian","sdmTMB",0.520604170182548,0.294570462856085,554.081
14,"gaussian","GLM",1.08037366230514,0.607703567809706,0.0099999999999999
14,"gaussian","GAM",0.929865736108715,0.524871938587772,43.245
14,"gaussian","cf_dglm",0.528789796274251,0.299090777752398,15.187
14,"gaussian","KFAS_K120",0.534167727489531,0.303083260625553,30
14,"gaussian","KFAS_K240",0.535811521945676,0.304773854230605,230.491
14,"gaussian","sdmTMB",0.528121447787319,0.299536898101945,807.371
15,"gaussian","GLM",1.12198951492526,0.635783029958454,0.00900000000000001
15,"gaussian","GAM",0.990898320837151,0.558655293032421,37.618
15,"gaussian","cf_dglm",0.531454655671486,0.30073549861665,11.664
15,"gaussian","KFAS_K120",0.540725217372952,0.307053050024825,30.057
15,"gaussian","KFAS_K240",0.543866466511012,0.309456064577458,230.708
15,"gaussian","sdmTMB",0.533249289885638,0.302572637607889,514.23
16,"gaussian","GLM",1.12096221337234,0.630423487684185,0.00900000000000001
16,"gaussian","GAM",0.971981774381798,0.545141030938955,37.66
16,"gaussian","cf_dglm",0.515749595692324,0.291489836225741,11.797
16,"gaussian","KFAS_K120",0.520631229780273,0.294956564092162,30.053
16,"gaussian","KFAS_K240",0.523129180421477,0.29686756434703,230.727
16,"gaussian","sdmTMB",0.516208596585545,0.292207842416152,865.302
17,"gaussian","GLM",1.16760512724483,0.65138104432846,0.00900000000000001
17,"gaussian","GAM",1.02890982161971,0.576111627243627,43.953
17,"gaussian","cf_dglm",0.528631801182046,0.298948829843453,14.981
17,"gaussian","KFAS_K120",0.537609300363804,0.304761801732735,29.542
17,"gaussian","KFAS_K240",0.540393707980683,0.306919085873339,230.527
17,"gaussian","sdmTMB",0.529669360375544,0.299981191791932,541.686
18,"gaussian","GLM",1.12084202887168,0.634943041609383,0.01
18,"gaussian","GAM",1.03177353868052,0.584036301948712,43.971
18,"gaussian","cf_dglm",0.519539619706282,0.293032060434594,14.998
18,"gaussian","KFAS_K120",0.524092547098318,0.296227012959556,30.021
18,"gaussian","KFAS_K240",0.526025673165766,0.297788433413633,230.504
18,"gaussian","sdmTMB",0.518975669392315,0.293476866103225,505.082
19,"gaussian","GLM",1.11779978398148,0.63178923679118,0.01
19,"gaussian","GAM",1.0255951132902,0.579451712036382,37.327
19,"gaussian","cf_dglm",0.529818949288389,0.299632641924013,20.482
19,"gaussian","KFAS_K120",0.536271966144378,0.304127694594648,29.994
19,"gaussian","KFAS_K240",0.53871075640462,0.306078101703649,230.515
19,"gaussian","sdmTMB",0.530500385913134,0.300675183861012,933.373
20,"gaussian","GLM",1.09281814194289,0.618849966020162,0.00900000000000001
20,"gaussian","GAM",0.973820278166078,0.550297489374496,37.849
20,"gaussian","cf_dglm",0.520670309450875,0.294387680419794,18.105
20,"gaussian","KFAS_K120",0.530144118036089,0.300110738161391,29.49
20,"gaussian","KFAS_K240",0.532212818733623,0.301865738698534,230.616
20,"gaussian","sdmTMB",0.521943833016156,0.295417059788329,778.347
21,"gaussian","GLM",1.14949533307115,0.647666992079271,0.01
21,"gaussian","GAM",0.997156452231598,0.560960496910221,37.277
21,"gaussian","cf_dglm",0.522839215489986,0.295230196931141,19.028
21,"gaussian","KFAS_K120",0.530179118294682,0.300199412538903,30.007
21,"gaussian","KFAS_K240",0.531205843645437,0.301212379051677,230.506
21,"gaussian","sdmTMB",0.52333503826463,0.296357582367694,718.521
22,"gaussian","GLM",1.13485096856167,0.641718284112399,0.012
22,"gaussian","GAM",1.00964808700215,0.571677812000264,37.823
22,"gaussian","cf_dglm",0.526337912702658,0.297069774916463,20.266
22,"gaussian","KFAS_K120",0.531127036842618,0.300280287452871,29.97
22,"gaussian","KFAS_K240",0.534018632916716,0.302414703845608,230.534
22,"gaussian","sdmTMB",0.526926348828163,0.297980774303385,753.982
23,"gaussian","GLM",1.11971861653599,0.63266502410404,0.00900000000000001
23,"gaussian","GAM",0.969289772577943,0.546243007334797,37.633
23,"gaussian","cf_dglm",0.520735032085907,0.293477282090267,11.721
23,"gaussian","KFAS_K120",0.528968308094975,0.298814407257066,30.06
23,"gaussian","KFAS_K240",0.531397590517686,0.300649265226305,230.687
23,"gaussian","sdmTMB",0.520569448741739,0.293942938644672,693.947
24,"gaussian","GLM",1.126660653647,0.637490193772602,0.01
24,"gaussian","GAM",0.998482094430647,0.565910186194343,43.956
24,"gaussian","cf_dglm",0.530098022561519,0.300375781759323,16.766
24,"gaussian","KFAS_K120",0.535155067788507,0.304056591739604,29.927
24,"gaussian","KFAS_K240",0.538293117120469,0.306528576567523,230.576
24,"gaussian","sdmTMB",0.529893466853794,0.300866952993696,565.897
25,"gaussian","GLM",1.11872856164805,0.631941976897824,0.0100000000001046
25,"gaussian","GAM",0.994282980831512,0.561735182355419,37.913
25,"gaussian","cf_dglm",0.52602397503677,0.297329787475493,18.7199999999999
25,"gaussian","KFAS_K120",0.532781525086085,0.301982163174979,29.775
25,"gaussian","KFAS_K240",0.535844094453757,0.304282202575651,232.02
25,"gaussian","sdmTMB",0.526525623735829,0.298073961244422,786.118
26,"gaussian","GLM",1.17548990050354,0.661230788936071,0.00700000000006185
26,"gaussian","GAM",1.04447273279115,0.588675024707223,43.282
26,"gaussian","cf_dglm",0.514785782768301,0.290194094636871,16.529
26,"gaussian","KFAS_K120",0.520406714105893,0.293924856666444,30.3430000000001
26,"gaussian","KFAS_K240",0.523608977350106,0.296091709979501,232.5
26,"gaussian","sdmTMB",0.515608723372091,0.29111376955278,506.109
27,"gaussian","GLM",1.12985866315153,0.637168775771202,0.0110000000000809
27,"gaussian","GAM",1.02768149160511,0.578012442093209,37.607
27,"gaussian","cf_dglm",0.525223205101854,0.296626381043602,15.809
27,"gaussian","KFAS_K120",0.53155146010811,0.300856739085216,30.1289999999999
27,"gaussian","KFAS_K240",0.533964992778045,0.30279436801053,231.788
27,"gaussian","sdmTMB",0.52523202034301,0.2971169311187,711.014
28,"gaussian","GLM",1.13595079774267,0.637835314071933,0.0120000000000573
28,"gaussian","GAM",0.994271294924961,0.555003939893625,42.899
28,"gaussian","cf_dglm",0.530165019834379,0.300014598205517,18.277
28,"gaussian","KFAS_K120",0.535379422220953,0.303415104559054,30.225
28,"gaussian","KFAS_K240",0.53824134348801,0.30563702483489,248.503
28,"gaussian","sdmTMB",0.531100953316359,0.301072249050129,889.2
29,"gaussian","GLM",1.10490687526611,0.624588410864684,0.0100000000001046
29,"gaussian","GAM",0.934402973452938,0.529365727570098,42.622
29,"gaussian","cf_dglm",0.524026770286585,0.295555351711719,14.981
29,"gaussian","KFAS_K120",0.529194184208267,0.299249341706171,30.227
29,"gaussian","KFAS_K240",0.531030840850451,0.300768554704745,231.359
29,"gaussian","sdmTMB",0.523292219750707,0.295845218155139,515.865
30,"gaussian","GLM",1.13176649552407,0.640427037412135,0.0100000000001046
30,"gaussian","GAM",1.01161458326972,0.572765484468969,36.451
30,"gaussian","cf_dglm",0.522396836523501,0.295509723091173,16.198
30,"gaussian","KFAS_K120",0.530468594977129,0.300645622132407,30.2339999999999
30,"gaussian","KFAS_K240",0.532932465128218,0.302684478448169,231.355
30,"gaussian","sdmTMB",0.524083388686666,0.29714024981544,692.471
31,"gaussian","GLM",1.09472490985603,0.619044862898059,0.0080000000000382
31,"gaussian","GAM",0.957939966252946,0.541735676261242,46.297
31,"gaussian","cf_dglm",0.523746863301413,0.295953824647126,15.3249999999999
31,"gaussian","KFAS_K120",0.52796674674686,0.299194409031921,30.453
31,"gaussian","KFAS_K240",0.530679274107775,0.301497131512182,231.129
31,"gaussian","sdmTMB",0.522410932632688,0.2960002237412,460.928
32,"gaussian","GLM",1.1341106895695,0.634139470149527,0.00799999999992451
32,"gaussian","GAM",1.00870835296805,0.568041787544369,36.1339999999999
32,"gaussian","cf_dglm",0.526987309206025,0.297721240579874,20.415
32,"gaussian","KFAS_K120",0.53599593278518,0.303566528039885,30.147
32,"gaussian","KFAS_K240",0.538158682582841,0.305366209811276,231.865
32,"gaussian","sdmTMB",0.526698257784872,0.298133077141581,416.172
33,"gaussian","GLM",1.08138272217851,0.610534088095587,0.00899999999990087
33,"gaussian","GAM",0.953124310698268,0.537664763924114,42.1949999999999
33,"gaussian","cf_dglm",0.527659510386749,0.298213318587745,15.279
33,"gaussian","KFAS_K120",0.532401715487412,0.301664214248495,30.0490000000001
33,"gaussian","KFAS_K240",0.534714028042162,0.303457146958791,232.703
33,"gaussian","sdmTMB",0.527471727600666,0.298887742333086,566.647
34,"gaussian","GLM",1.15100039454852,0.65101923985519,0.0119999999999436
34,"gaussian","GAM",1.06759004987992,0.602218766888926,35.712
34,"gaussian","cf_dglm",0.524497161115725,0.296241426579268,15.274
34,"gaussian","KFAS_K120",0.53161726421138,0.30126874672619,29.389
34,"gaussian","KFAS_K240",0.534480602070001,0.303659065978795,231.455
34,"gaussian","sdmTMB",0.525584190996789,0.297724213046815,815.231
35,"gaussian","GLM",1.13557658660652,0.638716742718307,0.00699999999994816
35,"gaussian","GAM",1.01467660270125,0.574086063735705,35.651
35,"gaussian","cf_dglm",0.51610811782248,0.291181540536442,16.716
35,"gaussian","KFAS_K120",0.524128532896465,0.296817926165017,30.091
35,"gaussian","KFAS_K240",0.526841100019795,0.298987105227544,230.709
35,"gaussian","sdmTMB",0.517684385262593,0.29257588937657,553.07
36,"gaussian","GLM",1.10037261462418,0.622990698136819,0.0080000000000382
36,"gaussian","GAM",0.946468513241757,0.533381829036727,41.155
36,"gaussian","cf_dglm",0.519613342181,0.293063270525192,16.193
36,"gaussian","KFAS_K120",0.526550046551066,0.297430886496536,29.296
36,"gaussian","KFAS_K240",0.528343589988017,0.298853886096677,230.711
36,"gaussian","sdmTMB",0.520762139631076,0.294152309862715,720.255
37,"gaussian","GLM",1.13985824030371,0.645331403718568,0.0080000000000382
37,"gaussian","GAM",0.960432883687622,0.544266616456593,35.1709999999999
37,"gaussian","cf_dglm",0.528773035326359,0.298051592834949,16.515
37,"gaussian","KFAS_K120",0.539497918033988,0.304541467503261,29.993
37,"gaussian","KFAS_K240",0.542605275822957,0.30692788606413,247.153
37,"gaussian","sdmTMB",0.530445527344462,0.299375801635036,547.402
38,"gaussian","GLM",1.16422413451413,0.655463314942011,0.0080000000000382
38,"gaussian","GAM",1.07445680076923,0.606513344263404,41.0569999999999
38,"gaussian","cf_dglm",0.514315551221816,0.290455893140187,15.0250000000001
38,"gaussian","KFAS_K120",0.525665190886132,0.297309906046992,30.087
38,"gaussian","KFAS_K240",0.528653133303366,0.299660529741716,230.878
38,"gaussian","sdmTMB",0.515304751985805,0.291655404123503,1028.728
39,"gaussian","GLM",1.15030258239142,0.65140208886739,0.00799999999992451
39,"gaussian","GAM",1.03472040289829,0.585450853839217,40.817
39,"gaussian","cf_dglm",0.528626459745808,0.298727395408244,14.5640000000001
39,"gaussian","KFAS_K120",0.535991070368027,0.303760821788451,29.567
39,"gaussian","KFAS_K240",0.538259671903096,0.305781949281925,230.832
39,"gaussian","sdmTMB",0.529987315094459,0.300198550134004,1087.568
40,"gaussian","GLM",1.13101938501055,0.64032982958638,0.0080000000000382
40,"gaussian","GAM",0.946900410300477,0.531033699390543,40.6030000000001
40,"gaussian","cf_dglm",0.522647101031685,0.296435431028285,16.288
40,"gaussian","KFAS_K120",0.529151633440889,0.300809280883355,29.9749999999999
40,"gaussian","KFAS_K240",0.532406010171923,0.303221572071693,247.027
40,"gaussian","sdmTMB",0.522998569365139,0.297297484535837,832.565
41,"gaussian","GLM",1.08070516180669,0.609265880021503,0.0080000000000382
41,"gaussian","GAM",0.942621854417717,0.531814184988207,34.9460000000001
41,"gaussian","cf_dglm",0.525521322065759,0.297129579448004,16.319
41,"gaussian","KFAS_K120",0.530474239670837,0.3007209020697,29.9680000000001
41,"gaussian","KFAS_K240",0.532980987191589,0.30270423359116,231.092
41,"gaussian","sdmTMB",0.525571719942332,0.297605610146462,434.038
42,"gaussian","GLM",1.14670833388951,0.648528947805441,0.0080000000000382
42,"gaussian","GAM",1.06952807292654,0.603281481823015,34.8610000000001
42,"gaussian","cf_dglm",0.535010372867175,0.302834339638762,16.2089999999998
42,"gaussian","KFAS_K120",0.542842360431585,0.308278357128811,29.952
42,"gaussian","KFAS_K240",0.545950192069799,0.310896760501521,231.135
42,"gaussian","sdmTMB",0.535835395246569,0.304194440022667,774.164
43,"gaussian","GLM",1.15258450868081,0.650219409403367,0.00900000000001455
43,"gaussian","GAM",0.988238177802042,0.559178665256395,34.963
43,"gaussian","cf_dglm",0.523236341617019,0.295572080257121,16.5159999999998
43,"gaussian","KFAS_K120",0.53037418966229,0.300548984189248,29.3660000000002
43,"gaussian","KFAS_K240",0.534001699509503,0.303399634607212,231.151
43,"gaussian","sdmTMB",0.524040002311088,0.296921291702507,706.348
44,"gaussian","GLM",1.10042240217884,0.619044511835358,0.0080000000000382
44,"gaussian","GAM",0.972315961033694,0.546792335297477,40.5630000000001
44,"gaussian","cf_dglm",0.52844381047509,0.299044277796607,14.665
44,"gaussian","KFAS_K120",0.536864108053539,0.304952896675487,29.983
44,"gaussian","KFAS_K240",0.538770147323103,0.306843504126958,231.865
44,"gaussian","sdmTMB",0.53087385665605,0.301440572772762,534.757
45,"gaussian","GLM",1.11117966369732,0.628066815324662,0.00699999999983447
45,"gaussian","GAM",0.971554436150117,0.548625642560741,34.771
45,"gaussian","cf_dglm",0.524844078876249,0.296660059905947,16.27
45,"gaussian","KFAS_K120",0.53223583377111,0.30164537747528,29.9400000000001
45,"gaussian","KFAS_K240",0.53458546849511,0.303704807188214,231.803
45,"gaussian","sdmTMB",0.525121963120286,0.29736463627092,661.483
46,"gaussian","GLM",1.15186944105731,0.655774497779086,0.00699999999983447
46,"gaussian","GAM",1.04914698521386,0.592496711374625,40.5809999999999
46,"gaussian","cf_dglm",0.521099577391894,0.294444754672501,14.751
46,"gaussian","KFAS_K120",0.529351727141316,0.299859952564885,29.518
46,"gaussian","KFAS_K240",0.532184349659937,0.302107244840576,232.531
46,"gaussian","sdmTMB",0.52076640479287,0.294861940905745,759.218
47,"gaussian","GLM",1.1832637623701,0.670848191814932,0.00700000000006185
47,"gaussian","GAM",1.03879029632566,0.587878557642861,40.788
47,"gaussian","cf_dglm",0.515905912927673,0.291350713358285,16.4359999999999
47,"gaussian","KFAS_K120",0.524139777846799,0.29628173584032,29.5840000000001
47,"gaussian","KFAS_K240",0.526407035372197,0.298109594815903,232.644
47,"gaussian","sdmTMB",0.516962985679247,0.292319349288784,635.102
48,"gaussian","GLM",1.11500795614188,0.628464357758272,0.0080000000000382
48,"gaussian","GAM",0.960107436742402,0.544565543219848,41.008
48,"gaussian","cf_dglm",0.526263439885291,0.297397402722371,14.7670000000001
48,"gaussian","KFAS_K120",0.534130070090202,0.302721748294472,35.1880000000001
48,"gaussian","KFAS_K240",0.537589978474683,0.305330679156085,251.888
48,"gaussian","sdmTMB",0.526086071262447,0.298171143982227,616.883
49,"gaussian","GLM",1.18812389574399,0.670727702741697,0.0080000000000382
49,"gaussian","GAM",1.06692077892734,0.598953281978705,44.7030000000002
49,"gaussian","cf_dglm",0.531335359358926,0.301290073328715,17.156
49,"gaussian","KFAS_K120",0.538353990098008,0.305906563060313,30.1900000000001
49,"gaussian","KFAS_K240",0.540437451579199,0.307715883653206,235.555
49,"gaussian","sdmTMB",0.531640322518044,0.302179873366882,823.134
50,"gaussian","GLM",1.135277597752,0.641526692269886,0.0119999999999436
50,"gaussian","GAM",0.947517036904405,0.534235689506186,44.354
50,"gaussian","cf_dglm",0.519593675832664,0.293798020953552,18.9829999999999
50,"gaussian","KFAS_K120",0.530078591066813,0.300486424802166,30.5540000000001
50,"gaussian","KFAS_K240",0.532726452959096,0.302698623283496,236.277
50,"gaussian","sdmTMB",0.521856117881193,0.295586026695337,446.437
51,"gaussian","GLM",1.11312431995593,0.629024074542757,0.0099999999999909
51,"gaussian","GAM",1.00988536350114,0.569683912084092,37.373
51,"gaussian","cf_dglm",0.516318736915193,0.291682629681067,15.99
51,"gaussian","KFAS_K120",0.528167749049461,0.299339010325624,30.49
51,"gaussian","KFAS_K240",0.531323552156484,0.301676852647709,235.597
51,"gaussian","sdmTMB",0.519010828182397,0.293920668110494,1023.732
52,"gaussian","GLM",1.07952357300638,0.609093309864531,0.0080000000000382
52,"gaussian","GAM",0.923630520658346,0.519773169105675,39.164
52,"gaussian","cf_dglm",0.513457455636388,0.29059610543356,17.4839999999999
52,"gaussian","KFAS_K120",0.518337767678299,0.294009916485873,30.3349999999998
52,"gaussian","KFAS_K240",0.519707552152943,0.29512772654878,236.627
52,"gaussian","sdmTMB",0.512188391045005,0.290456244869447,448.439
53,"gaussian","GLM",1.13771364117651,0.639983407127736,0.0119999999999436
53,"gaussian","GAM",1.02676647117689,0.577653184136454,44.145
53,"gaussian","cf_dglm",0.531622293170153,0.301355532386299,19.2260000000001
53,"gaussian","KFAS_K120",0.540758960139968,0.306856813825645,30.5359999999998
53,"gaussian","KFAS_K240",0.544264460887722,0.309478227079982,232.441
53,"gaussian","sdmTMB",0.533234369937457,0.30289818698694,498.874
54,"gaussian","GLM",1.13397437993974,0.635217890028182,0.0140000000001237
54,"gaussian","GAM",1.02707142119485,0.577424363448313,38.502
54,"gaussian","cf_dglm",0.521144097313579,0.295097644600648,18.433
54,"gaussian","KFAS_K120",0.525721084059249,0.298291535344177,29.627
54,"gaussian","KFAS_K240",0.527090143201982,0.299610965065407,233.398
54,"gaussian","sdmTMB",0.519329518632792,0.294369190576798,513.063
55,"gaussian","GLM",1.17624678662875,0.6632595317327,0.00900000000001455
55,"gaussian","GAM",1.03580185247354,0.582483945215855,41.9680000000001
55,"gaussian","cf_dglm",0.52119739197271,0.293875360108643,16.6610000000001
55,"gaussian","KFAS_K120",0.52862339995952,0.298666461277406,30.329
55,"gaussian","KFAS_K240",0.531339925589052,0.300763862956936,232.485
55,"gaussian","sdmTMB",0.520107016232295,0.29388247010707,560.332
56,"gaussian","GLM",1.14172683423299,0.645307696782074,0.0099999999999909
56,"gaussian","GAM",1.04540007668079,0.587779202598123,36.906
56,"gaussian","cf_dglm",0.52513215802289,0.296028993476181,17.4089999999999
56,"gaussian","KFAS_K120",0.531991261850506,0.300492286788904,30.267
56,"gaussian","KFAS_K240",0.533882646324202,0.302208193622147,232.916
56,"gaussian","sdmTMB",0.524786371922314,0.296226251516406,732.328
57,"gaussian","GLM",1.18958419695733,0.672866176904869,0.00700000000006185
57,"gaussian","GAM",1.06628598838689,0.599928466771312,42.0640000000001
57,"gaussian","cf_dglm",0.524761331751201,0.297221255016569,17.797
57,"gaussian","KFAS_K120",0.533552843087961,0.302894227762314,30.2049999999999
57,"gaussian","KFAS_K240",0.535836084886688,0.304811900450028,232.602
57,"gaussian","sdmTMB",0.525574252014734,0.298317225375202,514.495
58,"gaussian","GLM",1.08732389793943,0.615445368548405,0.012000000000171
58,"gaussian","GAM",0.960376326987235,0.54153854054655,35.8129999999999
58,"gaussian","cf_dglm",0.52324241689755,0.295642617758936,15.2720000000002
58,"gaussian","KFAS_K120",0.529595184641839,0.299847061347354,29.777
58,"gaussian","KFAS_K240",0.531601099633155,0.301583106394821,235.633
58,"gaussian","sdmTMB",0.523668807370798,0.296595602798935,759.747
59,"gaussian","GLM",1.14253856403032,0.645074742535304,0.00900000000001455
59,"gaussian","GAM",1.02019308775251,0.575362433706712,41.7389999999998
59,"gaussian","cf_dglm",0.523639493824485,0.295707432888064,15.3050000000001
59,"gaussian","KFAS_K120",0.52994600750468,0.299906348183653,29.643
59,"gaussian","KFAS_K240",0.532418509539608,0.301841362852118,236.137
59,"gaussian","sdmTMB",0.524134184939279,0.29665260090476,567.496
60,"gaussian","GLM",1.12493374773024,0.636159285026262,0.0080000000000382
60,"gaussian","GAM",0.973252511137719,0.54968301762992,41.55
60,"gaussian","cf_dglm",0.531939673629706,0.299987458338123,15.4360000000001
60,"gaussian","KFAS_K120",0.538235120492815,0.304213766746194,29.867
60,"gaussian","KFAS_K240",0.540999496598215,0.306401147195277,232.061
60,"gaussian","sdmTMB",0.532894970078218,0.301146695104358,882.604
61,"gaussian","GLM",1.1720661104927,0.662052713846221,0.00700000000006185
61,"gaussian","GAM",1.03301911676851,0.582731709126662,36.0139999999999
61,"gaussian","cf_dglm",0.522085274078624,0.295188820873635,15.3000000000002
61,"gaussian","KFAS_K120",0.529003398749692,0.299902428300715,29.498
61,"gaussian","KFAS_K240",0.531763715516003,0.302002521136016,232.362
61,"gaussian","sdmTMB",0.521456943743254,0.295611260264383,1165.063
62,"gaussian","GLM",1.16145901126554,0.659435076566279,0.00700000000006185
62,"gaussian","GAM",1.01817475010675,0.575989878684971,36.4389999999999
62,"gaussian","cf_dglm",0.530613883785285,0.300442468368232,15.406
62,"gaussian","KFAS_K120",0.536354407984673,0.304112321483124,29.77
62,"gaussian","KFAS_K240",0.539179125920982,0.30624752401162,232.9
62,"gaussian","sdmTMB",0.530692991559862,0.301011386003022,819.205
63,"gaussian","GLM",1.15239316471036,0.65322369886234,0.00800000000026557
63,"gaussian","GAM",0.958085222140331,0.541168119663922,41.1530000000002
63,"gaussian","cf_dglm",0.521713735711825,0.294184068271073,15.069
63,"gaussian","KFAS_K120",0.529491273897476,0.299806694261831,29.587
63,"gaussian","KFAS_K240",0.531179020178002,0.301374197449434,232.129
63,"gaussian","sdmTMB",0.522003010431385,0.295319941164741,694.428
64,"gaussian","GLM",1.146877818504,0.648506853469085,0.00700000000006185
64,"gaussian","GAM",0.978309423072863,0.551266043858076,41.2400000000002
64,"gaussian","cf_dglm",0.527926042060529,0.297717193453277,16.3620000000001
64,"gaussian","KFAS_K120",0.536612154849719,0.302926065297659,30.2529999999997
64,"gaussian","KFAS_K240",0.540693030956811,0.305836486939896,232.601
64,"gaussian","sdmTMB",0.52950385025289,0.299083254709233,788.377
65,"gaussian","GLM",1.11348790427727,0.628893387536313,0.00799999999981083
65,"gaussian","GAM",1.02459978386198,0.578070195813805,35.6199999999999
65,"gaussian","cf_dglm",0.522980189602244,0.296221565158396,15.2109999999998
65,"gaussian","KFAS_K120",0.529760791775397,0.300918869289924,30.181
65,"gaussian","KFAS_K240",0.531994571987993,0.302764229111531,232.623
65,"gaussian","sdmTMB",0.52269351029911,0.296755720001936,1329.555
66,"gaussian","GLM",1.07847607164457,0.604818746584754,0.00700000000006185
66,"gaussian","GAM",0.950230321076041,0.535324076784859,35.7599999999998
66,"gaussian","cf_dglm",0.532112572815655,0.300685770015449,15.4929999999999
66,"gaussian","KFAS_K120",0.538670711541043,0.305274934749179,30.107
66,"gaussian","KFAS_K240",0.541842622228327,0.307695575741566,232.492
66,"gaussian","sdmTMB",0.532079652110102,0.301433134251687,1152.02
67,"gaussian","GLM",1.13779504944502,0.642557354854073,0.00700000000006185
67,"gaussian","GAM",1.03470031824478,0.58341682954804,42.4180000000001
67,"gaussian","cf_dglm",0.531442601407803,0.301075342672619,16.3330000000001
67,"gaussian","KFAS_K120",0.537633234217711,0.305197076558715,29.4839999999999
67,"gaussian","KFAS_K240",0.540038990860184,0.307093310593345,232.328
67,"gaussian","sdmTMB",0.532019990931896,0.301960933114547,550.22
68,"gaussian","GLM",1.16132100247069,0.657115055366847,0.00700000000006185
68,"gaussian","GAM",1.02393124139689,0.575091777437454,36.105
68,"gaussian","cf_dglm",0.518526335266103,0.292606317731291,15.5769999999998
68,"gaussian","KFAS_K120",0.525103046395653,0.297275527931339,30.2579999999998
68,"gaussian","KFAS_K240",0.527461965545062,0.299151231574582,232.251
68,"gaussian","sdmTMB",0.518190502096184,0.293131381767647,1545.995
69,"gaussian","GLM",1.17568032682999,0.665978988041286,0.00799999999981083
69,"gaussian","GAM",1.05591637279965,0.596176536022343,42.0639999999999
69,"gaussian","cf_dglm",0.525134201540602,0.297185646481731,17.2179999999998
69,"gaussian","KFAS_K120",0.530477694885231,0.300450379734973,30.1149999999998
69,"gaussian","KFAS_K240",0.533009273898986,0.302552917268666,233.281
69,"gaussian","sdmTMB",0.524649541933369,0.29716922461415,721.874
70,"gaussian","GLM",1.09044795115924,0.612045744667012,0.00900000000001455
70,"gaussian","GAM",1.00305936584571,0.560985306514524,36.0740000000001
70,"gaussian","cf_dglm",0.527877011146848,0.298302787856232,16.8879999999999
70,"gaussian","KFAS_K120",0.532851960738941,0.301590665010864,29.518
70,"gaussian","KFAS_K240",0.536013779929932,0.303971051899607,234.194
70,"gaussian","sdmTMB",0.526346225279107,0.298027313461749,962.732
71,"gaussian","GLM",1.11281266546844,0.628243223613318,0.0069999999996071
71,"gaussian","GAM",0.954129795911312,0.538420878056264,35.373
71,"gaussian","cf_dglm",0.521717284615269,0.294364015537777,17.0390000000002
71,"gaussian","KFAS_K120",0.533246935287227,0.301278308669525,30.2629999999999
71,"gaussian","KFAS_K240",0.534860399288822,0.302660530973043,234.871
71,"gaussian","sdmTMB",0.52333796513189,0.295713344033691,571.749
72,"gaussian","GLM",1.13376950414844,0.640064319047791,0.00799999999981083
72,"gaussian","GAM",0.930575459251795,0.525556837927585,42.1509999999998
72,"gaussian","cf_dglm",0.52420108941019,0.296155610110199,15.7130000000002
72,"gaussian","KFAS_K120",0.533268245123532,0.301624356382888,30.2249999999999
72,"gaussian","KFAS_K240",0.535414085353368,0.303347509979393,238.204
72,"gaussian","sdmTMB",0.524398191042905,0.296759669489441,853.869
73,"gaussian","GLM",1.12003569594885,0.627462666296051,0.00700000000006185
73,"gaussian","GAM",0.985676411832821,0.555407943586804,35.2380000000003
73,"gaussian","cf_dglm",0.524460153194781,0.298213504017221,16.9929999999999
73,"gaussian","KFAS_K120",0.532921703450518,0.303763402325125,30.2180000000003
73,"gaussian","KFAS_K240",0.536299712680474,0.306420963510931,254.712
73,"gaussian","sdmTMB",0.525731752677145,0.299570749468858,551.683
74,"gaussian","GLM",1.09532643459899,0.618391817653717,0.00900000000001455
74,"gaussian","GAM",1.00252234736931,0.562073945610334,42.1439999999998
74,"gaussian","cf_dglm",0.519510787946122,0.293137214418404,15.866
74,"gaussian","KFAS_K120",0.522663547011733,0.295488176912739,30.922
74,"gaussian","KFAS_K240",0.524714988614302,0.297149129322487,237.96
74,"gaussian","sdmTMB",0.518414917276778,0.293100535594245,774.118
75,"gaussian","GLM",1.14335426619537,0.64208968739766,0.0119999999997162
75,"gaussian","GAM",1.01843172398815,0.576119724848423,45.3740000000003
75,"gaussian","cf_dglm",0.524627566307117,0.296132526954862,16.4850000000001
75,"gaussian","KFAS_K120",0.531450132230833,0.300832572140095,30.5950000000003
75,"gaussian","KFAS_K240",0.534344439682041,0.303043938487922,240.486
75,"gaussian","sdmTMB",0.523638223296162,0.296473777648159,735.103
76,"gaussian","GLM",1.15580258158388,0.651942338196076,0.00900000000001455
76,"gaussian","GAM",0.997677170462894,0.563990578789752,45.4029999999998
76,"gaussian","cf_dglm",0.528031669201573,0.299094875122318,18.3539999999998
76,"gaussian","KFAS_K120",0.532299068406521,0.302170820762682,30.7419999999997
76,"gaussian","KFAS_K240",0.534988929396469,0.304416034044461,239.25
76,"gaussian","sdmTMB",0.527252341243266,0.299462617841208,579.39
77,"gaussian","GLM",1.17316220911587,0.654990345558969,0.0069999999996071
77,"gaussian","GAM",1.02726914782608,0.577556315918127,36.009
77,"gaussian","cf_dglm",0.521938804254456,0.295111191270312,16.8400000000001
77,"gaussian","KFAS_K120",0.53027905636617,0.300680112703531,29.6900000000001
77,"gaussian","KFAS_K240",0.532775985787985,0.302693499499941,236.932
77,"gaussian","sdmTMB",0.522764514339258,0.296309004940023,417.968
78,"gaussian","GLM",1.09904778258191,0.621104810813299,0.0100000000002183
78,"gaussian","GAM",0.942312614244548,0.530134950892579,43.7890000000002
78,"gaussian","cf_dglm",0.52559272400738,0.297835056898305,19.4880000000003
78,"gaussian","KFAS_K120",0.531924510304045,0.301576052882767,30.4249999999997
78,"gaussian","KFAS_K240",0.534524871342127,0.303594159114811,240.239
78,"gaussian","sdmTMB",0.526377707034598,0.298644935365114,572.467
79,"gaussian","GLM",1.12486573173402,0.635484851454418,0.00900000000001455
79,"gaussian","GAM",1.03729096398366,0.588634057316625,39.319
79,"gaussian","cf_dglm",0.52481438829379,0.297352675970911,18.5410000000002
79,"gaussian","KFAS_K120",0.530117247364904,0.300949154496326,29.9880000000003
79,"gaussian","KFAS_K240",0.53161310386867,0.302320499852037,235.746
79,"gaussian","sdmTMB",0.524990657585575,0.297954982695153,613.948
80,"gaussian","GLM",1.15757102969217,0.650621158938104,0.0100000000002183
80,"gaussian","GAM",1.04867465376118,0.58776046087081,39.3710000000001
80,"gaussian","cf_dglm",0.513472773946108,0.289997181835453,17.8380000000002
80,"gaussian","KFAS_K120",0.523866046475539,0.296764532122035,30.2629999999999
80,"gaussian","KFAS_K240",0.526817644548863,0.29888772595476,238.489
80,"gaussian","sdmTMB",0.514490215487948,0.291201676941052,496.907
81,"gaussian","GLM",1.13272763907561,0.636055555362907,0.00700000000006185
81,"gaussian","GAM",0.99035923511855,0.558778988172477,45.9360000000001
81,"gaussian","cf_dglm",0.527545099871854,0.297566208121727,15.9539999999997
81,"gaussian","KFAS_K120",0.539239055620764,0.305079152773497,29.6900000000001
81,"gaussian","KFAS_K240",0.542971498424683,0.307664126284883,237.091
81,"gaussian","sdmTMB",0.527482494251427,0.298092623050294,474.083
82,"gaussian","GLM",1.12784483399418,0.638778446555002,0.00900000000001455
82,"gaussian","GAM",1.01084827003363,0.568411829597344,38.3069999999998
82,"gaussian","cf_dglm",0.521435020675019,0.294188483107244,16.8360000000002
82,"gaussian","KFAS_K120",0.528767965899809,0.299270981902127,29.9160000000002
82,"gaussian","KFAS_K240",0.530875201022351,0.300973685429143,233.806
82,"gaussian","sdmTMB",0.521856937505136,0.295006379603648,642.23
83,"gaussian","GLM",1.15367056061097,0.654291349495288,0.00700000000006185
83,"gaussian","GAM",1.09692558945596,0.618982069013314,36.9679999999998
83,"gaussian","cf_dglm",0.524444720699447,0.296479130262024,15.73
83,"gaussian","KFAS_K120",0.530678680137811,0.300439091664093,29.7129999999997
83,"gaussian","KFAS_K240",0.532356110543445,0.301990396929002,237.026
83,"gaussian","sdmTMB",0.52378369767789,0.296745181026785,439.74
84,"gaussian","GLM",1.15756815457984,0.655917578557919,0.00799999999981083
84,"gaussian","GAM",1.01410364412238,0.570647025426897,40.1490000000003
84,"gaussian","cf_dglm",0.515845834890981,0.291198463675997,20.8200000000002
84,"gaussian","KFAS_K120",0.522647421396792,0.295468313730133,30.8299999999999
84,"gaussian","KFAS_K240",0.524525433026865,0.297207193298406,237.643
84,"gaussian","sdmTMB",0.516259093501829,0.291838895868315,816.052
85,"gaussian","GLM",1.15898335453546,0.655588864264638,0.012000000000171
85,"gaussian","GAM",1.03331628689897,0.58616042707847,38.2570000000001
85,"gaussian","cf_dglm",0.521075728370069,0.294050302857677,18.2750000000001
85,"gaussian","KFAS_K120",0.529461099299901,0.299418646241154,30.7959999999998
85,"gaussian","KFAS_K240",0.531814229076285,0.301322771629064,233.964
85,"gaussian","sdmTMB",0.522388405413163,0.295392907496148,634.388
86,"gaussian","GLM",1.08693441720485,0.616530938947295,0.00800000000026557
86,"gaussian","GAM",0.973611906178569,0.550952779110869,42.788
86,"gaussian","cf_dglm",0.532201399671779,0.300915487950452,15.1869999999999
86,"gaussian","KFAS_K120",0.539487526398774,0.305712385297514,30.2289999999998
86,"gaussian","KFAS_K240",0.540648533259389,0.307023364737937,236.627
86,"gaussian","sdmTMB",0.531855754012438,0.301493495624087,619.163
87,"gaussian","GLM",1.12638812966117,0.626073404676616,0.00900000000001455
87,"gaussian","GAM",0.990894791497518,0.554839283254952,38.5499999999997
87,"gaussian","cf_dglm",0.518868028344617,0.293822570293192,20.7270000000003
87,"gaussian","KFAS_K120",0.528763894579439,0.300605360396427,30.538
87,"gaussian","KFAS_K240",0.531679356639154,0.302950456596045,236.556
87,"gaussian","sdmTMB",0.520516434845516,0.295613629124199,529.164
88,"gaussian","GLM",1.09758552354941,0.620548572956594,0.0069999999996071
88,"gaussian","GAM",1.01242845143705,0.571082399294555,35.201
88,"gaussian","cf_dglm",0.518102386993063,0.291920271383053,17.1590000000001
88,"gaussian","KFAS_K120",0.524927664991456,0.296390916630228,30.2180000000003
88,"gaussian","KFAS_K240",0.527413730176564,0.298299372575055,234.399
88,"gaussian","sdmTMB",0.518712337377391,0.292672965992374,524.653
89,"gaussian","GLM",1.09582394415923,0.620330630144338,0.00700000000006185
89,"gaussian","GAM",0.974136689912523,0.550634989932901,41.3290000000002
89,"gaussian","cf_dglm",0.52506326206464,0.297254333773076,18.2619999999997
89,"gaussian","KFAS_K120",0.532160660504511,0.302047172513908,30.4570000000003
89,"gaussian","KFAS_K240",0.534210970364114,0.303957162287555,234.983
89,"gaussian","sdmTMB",0.526183598374964,0.298610903566597,493.749
90,"gaussian","GLM",1.13133181506468,0.639477544150754,0.00600000000031287
90,"gaussian","GAM",1.01532041807239,0.574121942521188,38.7919999999999
90,"gaussian","cf_dglm",0.530368623561108,0.300033544029124,17.4570000000003
90,"gaussian","KFAS_K120",0.541027025233934,0.306592830178501,30.377
90,"gaussian","KFAS_K240",0.544293237980734,0.309286000009388,233.396
90,"gaussian","sdmTMB",0.531722783521464,0.301641914379511,683.857
91,"gaussian","GLM",1.15640159933803,0.644804414134751,0.00799999999981083
91,"gaussian","GAM",0.981301256789232,0.549455616840706,44.3270000000002
91,"gaussian","cf_dglm",0.522035689402937,0.294329503722047,16.971
91,"gaussian","KFAS_K120",0.530503715251524,0.300010802119046,29.9379999999996
91,"gaussian","KFAS_K240",0.532651651749935,0.301648875284093,234.329
91,"gaussian","sdmTMB",0.522292336272638,0.295208542805125,621.892
92,"gaussian","GLM",1.14964701013391,0.649480130257375,0.00700000000006185
92,"gaussian","GAM",1.03593652815858,0.58402344922409,37.105
92,"gaussian","cf_dglm",0.514565158261127,0.290862488359531,18.027
92,"gaussian","KFAS_K120",0.523684011078983,0.296904937052147,30.3829999999998
92,"gaussian","KFAS_K240",0.525972067577744,0.298961763618095,249.576
92,"gaussian","sdmTMB",0.516946578860842,0.292764920378169,511.392
93,"gaussian","GLM",1.1056505778728,0.624512577989688,0.00700000000006185
93,"gaussian","GAM",1.02117033775981,0.574792251404892,36.5480000000002
93,"gaussian","cf_dglm",0.53049370861564,0.300029442376974,17.9089999999997
93,"gaussian","KFAS_K120",0.536129606243176,0.304190630684172,29.4679999999998
93,"gaussian","KFAS_K240",0.538830855954009,0.306183333093937,233.134
93,"gaussian","sdmTMB",0.530872764336197,0.300969523494029,419.91
94,"gaussian","GLM",1.14176318105317,0.641463346907455,0.00799999999981083
94,"gaussian","GAM",0.989461910653098,0.553778454561794,41.6869999999999
94,"gaussian","cf_dglm",0.519797745551944,0.293655984635311,17.7759999999998
94,"gaussian","KFAS_K120",0.528156681241099,0.299093452272988,30.4499999999998
94,"gaussian","KFAS_K240",0.531086753240354,0.301444182202194,231.992
94,"gaussian","sdmTMB",0.52009272365679,0.294398535653908,741.508
95,"gaussian","GLM",1.0824083897345,0.60571952385265,0.00700000000006185
95,"gaussian","GAM",0.945674965105427,0.532587593357784,36.259
95,"gaussian","cf_dglm",0.526597351508424,0.297857578015573,16.7379999999998
95,"gaussian","KFAS_K120",0.531814451716026,0.301328398388654,30.2749999999996
95,"gaussian","KFAS_K240",0.533644938799953,0.302889127192299,232.498
95,"gaussian","sdmTMB",0.525510919318519,0.297817070257954,418.091
96,"gaussian","GLM",1.15411255804049,0.650471528363026,0.00700000000006185
96,"gaussian","GAM",1.02509920997616,0.576411278403133,42.6820000000002
96,"gaussian","cf_dglm",0.528239248692311,0.298666080685238,18.0749999999998
96,"gaussian","KFAS_K120",0.535406547996907,0.303310689586248,30.1950000000002
96,"gaussian","KFAS_K240",0.538262688325811,0.305540065718806,232.219
96,"gaussian","sdmTMB",0.530088727053497,0.300317943848519,663.1
97,"gaussian","GLM",1.14036012920335,0.643897667847587,0.00700000000006185
97,"gaussian","GAM",1.01380228270815,0.572549609864815,42.0340000000001
97,"gaussian","cf_dglm",0.51962377406022,0.293741772735742,16.2129999999997
97,"gaussian","KFAS_K120",0.528832305889986,0.29955074799281,30.3120000000004
97,"gaussian","KFAS_K240",0.531129404630649,0.301585931018453,232.163
97,"gaussian","sdmTMB",0.520813063773964,0.295095206788493,737.438
98,"gaussian","GLM",1.10312143979898,0.624369605738068,0.00800000000026557
98,"gaussian","GAM",1.02845331543403,0.581362557758112,36.0299999999997
98,"gaussian","cf_dglm",0.52130726205027,0.294356967636643,18.0500000000002
98,"gaussian","KFAS_K120",0.531601748830401,0.301556629130215,31.6409999999996
98,"gaussian","KFAS_K240",0.534531888215167,0.303837949721889,232.191
98,"gaussian","sdmTMB",0.522227071522817,0.295779750114141,382.185
99,"gaussian","GLM",1.09782628061668,0.618884954739126,0.00800000000026557
99,"gaussian","GAM",1.02807866090487,0.575706536930737,35.8050000000003
99,"gaussian","cf_dglm",0.529169000745638,0.300547108374643,17.9429999999998
99,"gaussian","KFAS_K120",0.537850779931881,0.30614572924601,30.2039999999997
99,"gaussian","KFAS_K240",0.540423507964286,0.308430585258029,232.313
99,"gaussian","sdmTMB",0.527551370006271,0.300169301815883,469.614
100,"gaussian","GLM",1.12045013534293,0.632062018518395,0.00799999999981083
100,"gaussian","GAM",1.0157398220477,0.574755757449065,41.9569999999999
100,"gaussian","cf_dglm",0.527852201931847,0.299262159235582,17.1240000000003
100,"gaussian","KFAS_K120",0.537792266968089,0.305724038205943,30.1000000000004
100,"gaussian","KFAS_K240",0.54025683588386,0.307727251111135,231.925
100,"gaussian","sdmTMB",0.529284902402457,0.300596862628314,432.863
1,"poisson","GLM",2.47038289197786,1.11217891605704,0.0160000000000764
1,"poisson","GAM",2.04594991280806,0.972235166586114,48.2980000000002
1,"poisson","cf_dglm",1.49907342208638,0.724540553274264,32.9090000000001
1,"poisson","KFAS_K120",1.5571039623589,0.748916101160909,30.8980000000001
1,"poisson","KFAS_K240",1.56342264461693,0.750323695956492,231.739
1,"poisson","sdmTMB",1.48416442046289,0.72004313472871,686.53
2,"poisson","GLM",2.39595511528543,1.22054086968624,0.0210000000001855
2,"poisson","GAM",2.14537688767773,1.08816403570454,46.4679999999998
2,"poisson","cf_dglm",1.6081007886057,0.808086906289717,27.056
2,"poisson","KFAS_K120",1.64916192554031,0.827664076510981,30.1099999999997
2,"poisson","KFAS_K240",1.64848277758832,0.827244504268626,231.749
2,"poisson","sdmTMB",1.61184086587825,0.808067562854259,482.243
3,"poisson","GLM",2.08804639433115,1.05162275798548,0.0160000000000764
3,"poisson","GAM",1.94154068416134,0.977164393262581,46.2939999999999
3,"poisson","cf_dglm",1.4589773792612,0.729142316047169,27.0540000000001
3,"poisson","KFAS_K120",1.50540049237867,0.751543326830875,30.165
3,"poisson","KFAS_K240",1.50441159139416,0.751184484922096,232.491
3,"poisson","sdmTMB",1.4590315060946,0.729154749956598,535.027
4,"poisson","GLM",2.51713217613181,1.14157234611214,0.0209999999997308
4,"poisson","GAM",2.29447718905762,1.07550015025662,54.4789999999998
4,"poisson","cf_dglm",1.51627374980716,0.755618617256693,80.8489999999997
4,"poisson","KFAS_K120",1.56719946963552,0.77326725701245,30.2539999999999
4,"poisson","KFAS_K240",1.57329386032999,0.775074466496412,233.129
4,"poisson","sdmTMB",1.49928766003586,0.750623395075725,597.018
5,"poisson","GLM",2.38737871090652,1.16244655118644,0.0149999999998727
5,"poisson","GAM",2.14528178250348,1.05188248082177,45.8379999999997
5,"poisson","cf_dglm",1.54879656363517,0.76480945869341,30.1790000000001
5,"poisson","KFAS_K120",1.58792398921617,0.783441935030548,32.056
5,"poisson","KFAS_K240",1.59002186861578,0.784350192443154,232.502
5,"poisson","sdmTMB",1.54981812857252,0.764533750361114,786.153
6,"poisson","GLM",2.36010904429156,1.20879670445083,0.0189999999997781
6,"poisson","GAM",2.10926450591442,1.05917879359931,53.7959999999998
6,"poisson","cf_dglm",1.59061736227107,0.8073738220047,29.6730000000002
6,"poisson","KFAS_K120",1.65089277183962,0.835451944815602,30.2580000000003
6,"poisson","KFAS_K240",1.64612835245316,0.834076582842351,232.655
6,"poisson","sdmTMB",1.59627189311278,0.809725827854024,460.920999999999
7,"poisson","GLM",3.2342345341947,1.33486568302417,0.0189999999997781
7,"poisson","GAM",2.6168025179358,1.18649544847084,54.9870000000001
7,"poisson","cf_dglm",1.61481979666167,0.796663923441498,44.8159999999998
7,"poisson","KFAS_K120",1.8750981350948,0.842359374309903,30.1399999999994
7,"poisson","KFAS_K240",1.8603080141662,0.841206614789625,232.44
7,"poisson","sdmTMB",1.62452679864367,0.795649925186717,445.913
8,"poisson","GLM",2.58251245590735,1.30966344068169,0.0160000000000764
8,"poisson","GAM",2.39319205098667,1.22362462074908,47.0160000000001
8,"poisson","cf_dglm",1.66765640391548,0.837156694622342,27.6490000000003
8,"poisson","KFAS_K120",1.71620492062503,0.857582343511586,30.2160000000003
8,"poisson","KFAS_K240",1.71823204497733,0.859142967174107,231.875
8,"poisson","sdmTMB",1.66861970580644,0.836117613670059,559.061
9,"poisson","GLM",2.18880899711395,1.12783355971172,0.0160000000000764
9,"poisson","GAM",2.01224351669237,1.03673796205805,47.3089999999997
9,"poisson","cf_dglm",1.51313761135539,0.769791351448059,25.0769999999998
9,"poisson","KFAS_K120",1.55251914091259,0.787244904497466,30.0999999999995
9,"poisson","KFAS_K240",1.5562556830684,0.788809149325565,231.858
9,"poisson","sdmTMB",1.51069530838636,0.767614410075684,602.85
10,"poisson","GLM",2.26047677605359,1.12862695213131,0.0160000000000764
10,"poisson","GAM",2.0870337663457,1.05086436980306,47.2289999999998
10,"poisson","cf_dglm",1.50859002636886,0.752248230200593,74.3369999999995
10,"poisson","KFAS_K120",1.54383079626212,0.76877751932068,31.0659999999998
10,"poisson","KFAS_K240",1.54292712812461,0.768832233258692,231.505
10,"poisson","sdmTMB",1.4956872292922,0.746082053318838,666.504
11,"poisson","GLM",2.59619425766887,1.25365870539474,0.0189999999997781
11,"poisson","GAM",2.38159058830022,1.15929654143414,53.5009999999997
11,"poisson","cf_dglm",1.63947324009481,0.821984502733459,71.9219999999996
11,"poisson","KFAS_K120",1.69294131021078,0.833853248343519,30.2719999999999
11,"poisson","KFAS_K240",1.68887413997897,0.834068006303339,231.622
11,"poisson","sdmTMB",1.63060400268339,0.814767101398368,470.239
12,"poisson","GLM",2.16715525238319,1.12824825918952,0.0170000000002801
12,"poisson","GAM",1.99719662728961,1.02879724240945,46.6329999999998
12,"poisson","cf_dglm",1.55162128063546,0.780625996170701,22.7439999999997
12,"poisson","KFAS_K120",1.58021895710194,0.797757492074389,30.1699999999992
12,"poisson","KFAS_K240",1.57956144364689,0.797865843639955,232.352
12,"poisson","sdmTMB",1.54939219787429,0.778942063652077,486.791999999999
13,"poisson","GLM",2.24436904660817,1.1172856425861,0.0150000000003274
13,"poisson","GAM",2.05450554927483,1.034124345112,46.2910000000002
13,"poisson","cf_dglm",1.51981303939499,0.749051513915674,32.4760000000006
13,"poisson","KFAS_K120",1.5739471631098,0.775835092999625,30.4639999999999
13,"poisson","KFAS_K240",1.5714277018321,0.775777068689536,231.165999999999
13,"poisson","sdmTMB",1.51316748701649,0.746899026210097,528.982
14,"poisson","GLM",3.35711022538377,1.264222411763,0.0149999999994179
14,"poisson","GAM",2.66332625368687,1.13954887517596,53.4899999999998
14,"poisson","cf_dglm",1.57908825426366,0.778918461324196,52.5450000000001
14,"poisson","KFAS_K120",2.08685060856947,0.829695937143194,30.2599999999993
14,"poisson","KFAS_K240",2.11117863736535,0.831364756867028,231.531
14,"poisson","sdmTMB",1.57342765376407,0.773547257687521,718.702
15,"poisson","GLM",2.1364380001149,1.10590646021743,0.0149999999994179
15,"poisson","GAM",1.93160148217685,0.984502900533031,46.2049999999999
15,"poisson","cf_dglm",1.5190684111048,0.763690003443458,27.3559999999998
15,"poisson","KFAS_K120",1.54652422908477,0.782680885071055,31.8389999999999
15,"poisson","KFAS_K240",1.54914256544624,0.783499320156168,231.119000000001
15,"poisson","sdmTMB",1.51691316048403,0.762420377311582,536.628000000001
16,"poisson","GLM",2.44746280996581,1.19433350340853,0.0200000000004366
16,"poisson","GAM",2.19764571766306,1.06316826902088,52.9560000000001
16,"poisson","cf_dglm",1.56509436726973,0.773675239954769,37.1700000000001
16,"poisson","KFAS_K120",1.61750879207117,0.795558510321534,29.9890000000005
16,"poisson","KFAS_K240",1.61215425302894,0.794705600956372,231.586
16,"poisson","sdmTMB",1.57099983412544,0.773444972446317,860.052000000001
17,"poisson","GLM",2.76827127987178,1.30620845658405,0.0169999999998254
17,"poisson","GAM",2.51011028499142,1.20941670371006,46.3190000000004
17,"poisson","cf_dglm",1.6761362578384,0.8374479266957,40.549
17,"poisson","KFAS_K120",1.69925033038239,0.848990483383982,30.2089999999998
17,"poisson","KFAS_K240",1.70063419259253,0.849901564236958,232.175
17,"poisson","sdmTMB",1.67344918877346,0.833741311811911,508.791
18,"poisson","GLM",2.19829350672268,1.07143468794471,0.0160000000005311
18,"poisson","GAM",2.08313103628923,1.02215746587073,46.0370000000003
18,"poisson","cf_dglm",1.4602795649022,0.726758498080087,21.0290000000005
18,"poisson","KFAS_K120",1.56946689213977,0.754902737501005,29.9749999999995
18,"poisson","KFAS_K240",1.57259059689357,0.75617854378542,231.387000000001
18,"poisson","sdmTMB",1.46046398819112,0.724969986792393,488.064
19,"poisson","GLM",2.47381665390139,1.23162408361124,0.0160000000005311
19,"poisson","GAM",2.27108155174504,1.13533036719078,46.0010000000002
19,"poisson","cf_dglm",1.57189247219039,0.778921757922067,63.549
19,"poisson","KFAS_K120",1.61624801221302,0.798949929512914,30.0140000000001
19,"poisson","KFAS_K240",1.61470654924858,0.798818249360506,231.562
19,"poisson","sdmTMB",1.56401789061395,0.776481088364067,896.389999999999
20,"poisson","GLM",2.32187895566248,1.16067897222398,0.0149999999994179
20,"poisson","GAM",2.0488713348909,1.0451172781642,52.6669999999995
20,"poisson","cf_dglm",1.53419094049498,0.771280924425291,26.8000000000002
20,"poisson","KFAS_K120",1.55906645557462,0.787350943990977,30.156
20,"poisson","KFAS_K240",1.55794797716721,0.787170484804884,231.629
20,"poisson","sdmTMB",1.54021218402502,0.771675211214705,875.146
21,"poisson","GLM",2.5227087707921,1.24402855877498,0.0150000000003274
21,"poisson","GAM",2.18250302648555,1.10115577634642,45.902
21,"poisson","cf_dglm",1.5835891602841,0.79510669664335,21.0709999999999
21,"poisson","KFAS_K120",1.64135342671293,0.815318421875136,30.1030000000001
21,"poisson","KFAS_K240",1.63431522249176,0.814270914145721,231.642
21,"poisson","sdmTMB",1.57373110187656,0.791199629815431,822.459
22,"poisson","GLM",2.30838255195697,1.13747785853655,0.0180000000000291
22,"poisson","GAM",2.09665168903545,1.04212022338717,46.5969999999998
22,"poisson","cf_dglm",1.52587033134429,0.753112362595043,29.393
22,"poisson","KFAS_K120",1.56843296141501,0.776211630136117,30.0389999999998
22,"poisson","KFAS_K240",1.57562714597643,0.778521081919269,232.109
22,"poisson","sdmTMB",1.52571661529685,0.752253490082697,831.663
23,"poisson","GLM",2.70815699632345,1.32285966867403,0.0150000000003274
23,"poisson","GAM",2.36264134129702,1.14972293875668,53.4700000000003
23,"poisson","cf_dglm",1.60890607753614,0.790698361391341,34.4050000000007
23,"poisson","KFAS_K120",1.69645644700248,0.818882830190101,31.156
23,"poisson","KFAS_K240",1.69997206127947,0.81981338037903,233.608
23,"poisson","sdmTMB",1.60556460964389,0.788547847199551,755.566
24,"poisson","GLM",2.20029718419501,1.11040335674501,0.0150000000003274
24,"poisson","GAM",2.00725097327018,1.01709775287273,53.2089999999998
24,"poisson","cf_dglm",1.46696019358229,0.737695372518159,28.1550000000007
24,"poisson","KFAS_K120",1.5243626053596,0.765022534872027,31.4039999999995
24,"poisson","KFAS_K240",1.52587236035608,0.765776585560903,232.182
24,"poisson","sdmTMB",1.46955147184441,0.73808665658182,495.990000000001
25,"poisson","GLM",2.22980304541651,1.13037366693354,0.0150000000003274
25,"poisson","GAM",2.02127637548498,1.02644904222813,46.0889999999999
25,"poisson","cf_dglm",1.52031600907787,0.75051405359164,27.3940000000002
25,"poisson","KFAS_K120",1.56305319334642,0.772785129186107,31.9200000000001
25,"poisson","KFAS_K240",1.56555971444817,0.773922076650815,232.066000000001
25,"poisson","sdmTMB",1.52046585935647,0.750765043940144,779.257
26,"poisson","GLM",2.47947614583981,1.18494538844046,0.0150000000003274
26,"poisson","GAM",2.192164736186,1.05627801868635,53.4890000000005
26,"poisson","cf_dglm",1.5004371015513,0.73757044341791,42.3920000000007
26,"poisson","KFAS_K120",1.58260326185968,0.762662563646294,30.2870000000003
26,"poisson","KFAS_K240",1.58407923641734,0.762995059473177,232.917
26,"poisson","sdmTMB",1.50349333774902,0.735430318590201,545.467000000001
27,"poisson","GLM",1.88811742115039,0.978937716390633,0.0189999999993233
27,"poisson","GAM",1.80373315080277,0.929297422862431,46.29
27,"poisson","cf_dglm",1.4006291500822,0.704968722891725,24.6090000000004
27,"poisson","KFAS_K120",1.43704172044739,0.727203040930544,31.5240000000003
27,"poisson","KFAS_K240",1.43546777511718,0.726611063366433,233.411
27,"poisson","sdmTMB",1.39636143179064,0.70326536154256,696.706
28,"poisson","GLM",2.45714422814833,1.26996517732197,0.0149999999994179
28,"poisson","GAM",2.19973969756658,1.13090186532461,53.5159999999996
28,"poisson","cf_dglm",1.65892545557398,0.848463210877636,31.5799999999999
28,"poisson","KFAS_K120",1.69602614269594,0.861255867906722,30.2290000000003
28,"poisson","KFAS_K240",1.69495484440741,0.860679621554382,232.961
28,"poisson","sdmTMB",1.6604616599294,0.845815839622511,773.444
29,"poisson","GLM",2.12732662031687,1.06110497466655,0.0249999999996362
29,"poisson","GAM",1.91651723547647,0.954060527182093,46.3289999999997
29,"poisson","cf_dglm",1.43969112002945,0.717840063154767,41.835
29,"poisson","KFAS_K120",1.48234469648385,0.737845437437621,30.8919999999998
29,"poisson","KFAS_K240",1.48397202929873,0.738531345367247,233.184
29,"poisson","sdmTMB",1.43412426027293,0.714077641055825,471.6
30,"poisson","GLM",2.3340287389441,1.21101664551842,0.0219999999999345
30,"poisson","GAM",2.1752980908329,1.12156026497691,53.8320000000003
30,"poisson","cf_dglm",1.60679578072757,0.814460931900479,30.7389999999996
30,"poisson","KFAS_K120",1.64679566987152,0.834238616132,30.2690000000002
30,"poisson","KFAS_K240",1.64479939598449,0.834007047620083,232.989
30,"poisson","sdmTMB",1.60393923608401,0.812590232353115,902.937
31,"poisson","GLM",2.15054784956561,1.05974904183354,0.0160000000005311
31,"poisson","GAM",1.93756473149022,0.952286248069709,47.0560000000005
31,"poisson","cf_dglm",1.46132236461884,0.720471882033809,37.8450000000003
31,"poisson","KFAS_K120",1.48600651125616,0.736125587277941,30.4160000000002
31,"poisson","KFAS_K240",1.48882479469443,0.737035264872103,232.574000000001
31,"poisson","sdmTMB",1.46062795529333,0.718992633714187,499.305
32,"poisson","GLM",4.9505952018883,1.58797100477212,0.0230000000001382
32,"poisson","GAM",3.39182997388309,1.36653107331773,61.3499999999995
32,"poisson","cf_dglm",1.82858836399255,0.864084403726317,44.8950000000004
32,"poisson","KFAS_K120",2.63831575082313,0.923890564674563,30.3310000000001
32,"poisson","KFAS_K240",2.52724798522648,0.916855546529335,233.138999999999
32,"poisson","sdmTMB",1.73732401744343,0.851033462916414,487.444
33,"poisson","GLM",2.35309540139276,1.16639410568713,0.0169999999998254
33,"poisson","GAM",2.04958803842959,1.02842224424762,54.9179999999997
33,"poisson","cf_dglm",1.56127668244439,0.766682382733654,31.1299999999992
33,"poisson","KFAS_K120",1.59327181105373,0.783317125394585,30.223
33,"poisson","KFAS_K240",1.59805797068723,0.784587697970258,232.863
33,"poisson","sdmTMB",1.5582219020936,0.764294704174195,574.210999999999
34,"poisson","GLM",2.55593159315526,1.28576393834719,0.0169999999998254
34,"poisson","GAM",2.4225458687458,1.2192266300442,46.7629999999999
34,"poisson","cf_dglm",1.62880782342637,0.820808614712136,37.2139999999999
34,"poisson","KFAS_K120",1.67276157140452,0.839970644150828,30.4009999999998
34,"poisson","KFAS_K240",1.67389013801844,0.840068417782071,233.53
34,"poisson","sdmTMB",1.6226916551045,0.817245419078508,807.825
35,"poisson","GLM",3.06516519785676,1.39197995945498,0.0160000000005311
35,"poisson","GAM",2.50620336989106,1.21696724698226,46.8180000000002
35,"poisson","cf_dglm",1.639141376331,0.813393220948182,31.3119999999999
35,"poisson","KFAS_K120",1.68875881322722,0.834503453110787,30.3859999999995
35,"poisson","KFAS_K240",1.67494741389139,0.831530337526727,232.407999999999
35,"poisson","sdmTMB",1.63118869421726,0.80929720928519,568.944
36,"poisson","GLM",2.14980438837204,1.08339588925579,0.0150000000003274
36,"poisson","GAM",1.94437313912176,0.972448405768315,54.2380000000003
36,"poisson","cf_dglm",1.46844291673941,0.733990244309783,30.6999999999998
36,"poisson","KFAS_K120",1.51647361961511,0.75578578110013,30.3779999999997
36,"poisson","KFAS_K240",1.51956839483646,0.757505054469917,232.866999999999
36,"poisson","sdmTMB",1.47015786304639,0.73387837930008,777.089
37,"poisson","GLM",2.24879136902616,1.14733009962437,0.0199999999995271
37,"poisson","GAM",2.00615944300423,1.02002321316867,47.4070000000002
37,"poisson","cf_dglm",1.53014686230548,0.767334072808868,27.8189999999995
37,"poisson","KFAS_K120",1.56078319443961,0.786094972323345,30.3400000000001
37,"poisson","KFAS_K240",1.55938328919492,0.785610414491492,233.138
37,"poisson","sdmTMB",1.52598988124629,0.765546517282322,498.012
38,"poisson","GLM",2.47080860996312,1.26887953723084,0.0149999999994179
38,"poisson","GAM",2.31909691704521,1.19300962878488,46.8599999999997
38,"poisson","cf_dglm",1.66467724922394,0.833099804213368,35.3070000000007
38,"poisson","KFAS_K120",1.69588340416873,0.852245539381397,30.2340000000004
38,"poisson","KFAS_K240",1.69947296763714,0.853935404442477,232.451
38,"poisson","sdmTMB",1.66354482319221,0.831950773955049,1319.723
39,"poisson","GLM",2.58739839505238,1.24747516874728,0.024000000000342
39,"poisson","GAM",2.25582822519408,1.10959287626662,54.0389999999998
39,"poisson","cf_dglm",1.58422781434659,0.777565297193444,28.375
39,"poisson","KFAS_K120",1.63832014172875,0.801400309350954,31.3599999999997
39,"poisson","KFAS_K240",1.63471003450261,0.800788905756095,234.766
39,"poisson","sdmTMB",1.58356590402854,0.777657020030907,1364.402
40,"poisson","GLM",2.25129352476816,1.14533125702926,0.0159999999996217
40,"poisson","GAM",1.95683833620569,0.97911117119209,53.982
40,"poisson","cf_dglm",1.52290637027974,0.76594185592001,32.4249999999993
40,"poisson","KFAS_K120",1.53377411748657,0.778178766956335,30.2860000000001
40,"poisson","KFAS_K240",1.53709617605183,0.778539996996545,233.524
40,"poisson","sdmTMB",1.52262866884233,0.763095675472098,902.283
41,"poisson","GLM",2.24984797677062,1.1421248566681,0.0140000000001237
41,"poisson","GAM",2.01867068401564,1.02114805842797,46.875
41,"poisson","cf_dglm",1.54447349386836,0.782542296681331,26.2109999999993
41,"poisson","KFAS_K120",1.58088514398667,0.798375281790172,30.3339999999998
41,"poisson","KFAS_K240",1.58409963160786,0.799503357349162,235.154
41,"poisson","sdmTMB",1.54477694363849,0.781337728979145,456.157
42,"poisson","GLM",2.50175582607617,1.18083255404924,0.0160000000005311
42,"poisson","GAM",2.21947586649581,1.08719484622014,56.9080000000004
42,"poisson","cf_dglm",1.53128077853985,0.76480943587979,40.232
42,"poisson","KFAS_K120",1.5854564217008,0.782429995114276,30.8730000000005
42,"poisson","KFAS_K240",1.58017212207237,0.78177589280232,233.707
42,"poisson","sdmTMB",1.52746241851409,0.761554673782861,826.02
43,"poisson","GLM",2.58241117884639,1.26628858089506,0.0209999999997308
43,"poisson","GAM",2.27312851845584,1.10868395783014,57.8829999999998
43,"poisson","cf_dglm",1.61825271499528,0.802631352780807,40.2709999999997
43,"poisson","KFAS_K120",1.67492799809239,0.824376593488631,30.6030000000001
43,"poisson","KFAS_K240",1.67339600229777,0.824474342910563,233.024
43,"poisson","sdmTMB",1.62034633009623,0.802437168044898,800.046
44,"poisson","GLM",2.21709180298388,1.14243954744076,0.0159999999996217
44,"poisson","GAM",2.03882813664687,1.04239059257465,48.1289999999999
44,"poisson","cf_dglm",1.53112900099098,0.77004475581958,32.7650000000003
44,"poisson","KFAS_K120",1.56693138765167,0.78923842776569,30.4230000000007
44,"poisson","KFAS_K240",1.57022692995341,0.790410454536164,233.797
44,"poisson","sdmTMB",1.53153380517058,0.768846701014889,508.736
45,"poisson","GLM",2.47012491206835,1.21844139208447,0.0280000000002474
45,"poisson","GAM",2.27164097700975,1.11743397519452,48.3969999999999
45,"poisson","cf_dglm",1.61525340299535,0.800942956337793,52.9080000000004
45,"poisson","KFAS_K120",1.67608338530071,0.822417089029076,30.469
45,"poisson","KFAS_K240",1.67747758605761,0.822724636763263,233.648999999999
45,"poisson","sdmTMB",1.61323120912778,0.799019208941655,756.409
46,"poisson","GLM",2.39406278479238,1.23674934729283,0.0250000000005457
46,"poisson","GAM",2.26193871438735,1.15570008175726,47.7950000000001
46,"poisson","cf_dglm",1.62903320281098,0.816215417090305,23.3429999999998
46,"poisson","KFAS_K120",1.66363728316463,0.834823140622803,30.4089999999997
46,"poisson","KFAS_K240",1.66445523618894,0.835500421851786,233.48
46,"poisson","sdmTMB",1.63391383095678,0.816310710520527,829.164
47,"poisson","GLM",2.17369241291546,1.09232243906973,0.0219999999999345
47,"poisson","GAM",1.99513040891726,1.00589801911972,58.067
47,"poisson","cf_dglm",1.46003816518064,0.726571838126604,29.2210000000005
47,"poisson","KFAS_K120",1.49521397328304,0.743744574198922,30.415
47,"poisson","KFAS_K240",1.49253346933786,0.742996096610223,232.538
47,"poisson","sdmTMB",1.46079053737671,0.725248024651306,609.942
48,"poisson","GLM",2.4109621207941,1.20142879403801,0.0159999999996217
48,"poisson","GAM",2.11483270737878,1.05899624743753,54.3249999999998
48,"poisson","cf_dglm",1.59053001122676,0.792496058869111,34.1579999999994
48,"poisson","KFAS_K120",1.61686963941566,0.80320840126895,30.3729999999996
48,"poisson","KFAS_K240",1.62097781652519,0.80507362260283,234.016
48,"poisson","sdmTMB",1.58582604515814,0.789889712883777,757.771
49,"poisson","GLM",2.25046261376406,1.16914467640755,0.0159999999996217
49,"poisson","GAM",2.07675120471298,1.07261975536906,47.4650000000001
49,"poisson","cf_dglm",1.561592574961,0.794018315977933,27.7340000000004
49,"poisson","KFAS_K120",1.59027827113031,0.807479954114332,31.6490000000003
49,"poisson","KFAS_K240",1.58685081413641,0.807052382998241,233.342
49,"poisson","sdmTMB",1.556403426388,0.791409603825763,785.285
50,"poisson","GLM",2.20180345114263,1.15762734329112,0.0149999999994179
50,"poisson","GAM",2.01320044900671,1.03776977342895,54.7579999999998
50,"poisson","cf_dglm",1.58601854064669,0.798025877677402,20.6180000000004
50,"poisson","KFAS_K120",1.62253595317407,0.816958779226497,30.732
50,"poisson","KFAS_K240",1.61962933545556,0.816295895125515,233.022
50,"poisson","sdmTMB",1.57687662096832,0.794863992140742,557.611999999999
51,"poisson","GLM",2.14517606833511,1.09509440385015,0.0160000000005311
51,"poisson","GAM",2.01909590104287,1.02484694332942,46.7380000000003
51,"poisson","cf_dglm",1.4662540895873,0.739175744748143,46.8720000000003
51,"poisson","KFAS_K120",1.51015746754553,0.760055643028259,30.1640000000007
51,"poisson","KFAS_K240",1.51278000372252,0.761680795898228,232.129
51,"poisson","sdmTMB",1.46699908613104,0.737167834464006,910.718999999999
52,"poisson","GLM",2.15445343313184,1.11285080098005,0.0209999999997308
52,"poisson","GAM",1.9621839279085,1.00665660435099,47.0900000000001
52,"poisson","cf_dglm",1.55683109352188,0.792147489588619,22.9000000000005
52,"poisson","KFAS_K120",1.57728435446757,0.802696715788546,30.451
52,"poisson","KFAS_K240",1.57599876661746,0.80274973713205,232.303
52,"poisson","sdmTMB",1.5548096921447,0.789902430936784,540.275000000001
53,"poisson","GLM",2.56889455831068,1.18232803507181,0.0169999999998254
53,"poisson","GAM",2.3206236704043,1.10064225673058,45.6140000000005
53,"poisson","cf_dglm",1.53341521193735,0.749122119844697,30.6790000000001
53,"poisson","KFAS_K120",1.63034299940275,0.780665605416024,30.2860000000001
53,"poisson","KFAS_K240",1.63098186631486,0.781605813332239,232.364
53,"poisson","sdmTMB",1.53420206305601,0.749000900107872,591.52
54,"poisson","GLM",2.34662413979366,1.14808800683673,0.0160000000005311
54,"poisson","GAM",2.12245357335917,1.04505418215312,52.9070000000002
54,"poisson","cf_dglm",1.51178013980231,0.75028306882355,24.5020000000004
54,"poisson","KFAS_K120",1.568415229808,0.773543456812271,30.3599999999997
54,"poisson","KFAS_K240",1.56439183139542,0.773210472362447,235.357
54,"poisson","sdmTMB",1.51502537721522,0.750836918996457,595.423
55,"poisson","GLM",2.22333722849834,1.10364330885592,0.0150000000003274
55,"poisson","GAM",2.01714075149911,1.00018862487339,46.366
55,"poisson","cf_dglm",1.45462002365395,0.715067260715662,29.8580000000002
55,"poisson","KFAS_K120",1.50796968874844,0.741130544540058,30.3090000000002
55,"poisson","KFAS_K240",1.50571421061909,0.740622716260283,234.257000000001
55,"poisson","sdmTMB",1.45949553976209,0.715097477406373,559.839
56,"poisson","GLM",2.73090478640823,1.38005351206379,0.0150000000003274
56,"poisson","GAM",2.55714776468051,1.28968243286342,53.3959999999997
56,"poisson","cf_dglm",1.69731559778297,0.85278259400914,34.6219999999994
56,"poisson","KFAS_K120",1.76029599209042,0.879252787305439,30.2749999999996
56,"poisson","KFAS_K240",1.7594241780589,0.87965837106586,234.986
56,"poisson","sdmTMB",1.70323403284201,0.853651320277302,805.052000000001
57,"poisson","GLM",2.29177743490546,1.16320217390047,0.0159999999996217
57,"poisson","GAM",2.13585079700442,1.08170998325492,52.7579999999998
57,"poisson","cf_dglm",1.53937903982866,0.764176088720128,29.625
57,"poisson","KFAS_K120",1.57394674139655,0.782783064090616,30.4099999999999
57,"poisson","KFAS_K240",1.57463718606518,0.78317507239969,236.942
57,"poisson","sdmTMB",1.53996661667294,0.764468086705943,580.068
58,"poisson","GLM",2.3085788467419,1.1459012370298,0.0169999999998254
58,"poisson","GAM",2.07298940587581,1.03695323800142,49.143
58,"poisson","cf_dglm",1.54222890824493,0.770628996814595,28.4389999999994
58,"poisson","KFAS_K120",1.57561374618758,0.787498532650841,31.3769999999995
58,"poisson","KFAS_K240",1.57829578331156,0.788364045998648,234.862
58,"poisson","sdmTMB",1.54374017153137,0.76953866621816,930.562
59,"poisson","GLM",2.46376576821849,1.26380252198298,0.0180000000000291
59,"poisson","GAM",2.25256436793589,1.14998546531745,54.4400000000005
59,"poisson","cf_dglm",1.63073025176458,0.814524121833923,29.7660000000005
59,"poisson","KFAS_K120",1.68072568234854,0.838328228670873,30.3670000000002
59,"poisson","KFAS_K240",1.68423994288277,0.840746520711898,236.042
59,"poisson","sdmTMB",1.63519378623701,0.816142639227597,603.279
60,"poisson","GLM",2.64096222296067,1.3154116950119,0.0209999999997308
60,"poisson","GAM",2.33731765667501,1.17224210704687,54.6409999999996
60,"poisson","cf_dglm",1.66097805611426,0.832451760261806,36.2550000000001
60,"poisson","KFAS_K120",1.7191543820172,0.853367636391381,30.6539999999995
60,"poisson","KFAS_K240",1.72358793563105,0.855111227786874,236.112
60,"poisson","sdmTMB",1.66420180392338,0.832409581471752,828.076
61,"poisson","GLM",2.44694926099849,1.23916678056664,0.0219999999999345
61,"poisson","GAM",2.24231168102384,1.13650886611041,49.1239999999998
61,"poisson","cf_dglm",1.60163228000474,0.809390770275318,28.6750000000002
61,"poisson","KFAS_K120",1.62929510286318,0.823656685447545,30.3250000000007
61,"poisson","KFAS_K240",1.63436417494343,0.825517398342342,235.731
61,"poisson","sdmTMB",1.59402852239466,0.805952127030541,1411.384
62,"poisson","GLM",2.36172534251158,1.22188921432842,0.0150000000003274
62,"poisson","GAM",2.13477039106405,1.10083445914616,46.8389999999999
62,"poisson","cf_dglm",1.62870327745208,0.809638356831748,30.0369999999994
62,"poisson","KFAS_K120",1.67849341835679,0.836806093885204,30.5609999999997
62,"poisson","KFAS_K240",1.6860963154469,0.839697835063667,234.917
62,"poisson","sdmTMB",1.63158867990925,0.81066853903342,953.722000000001
63,"poisson","GLM",2.36198171338094,1.19317113196153,0.0209999999997308
63,"poisson","GAM",2.05867976656801,1.04464671194314,54.9560000000001
63,"poisson","cf_dglm",1.53852832719792,0.773523519876406,33.4629999999997
63,"poisson","KFAS_K120",1.56928986848055,0.793230171077166,30.6720000000005
63,"poisson","KFAS_K240",1.56659281314651,0.792928288439137,235.481
63,"poisson","sdmTMB",1.53908458223943,0.773653107042737,732.964
64,"poisson","GLM",2.5318185461403,1.23620910376813,0.0159999999996217
64,"poisson","GAM",2.31438036738367,1.12031646391703,55.8519999999999
64,"poisson","cf_dglm",1.57987243691812,0.790501917448426,41.1359999999995
64,"poisson","KFAS_K120",1.63521834449561,0.813438761439888,31.3559999999998
64,"poisson","KFAS_K240",1.63602533442755,0.814329285302985,237.424
64,"poisson","sdmTMB",1.58093156385957,0.789155705035394,812.624000000001
65,"poisson","GLM",2.29590518932871,1.16014394171482,0.0169999999998254
65,"poisson","GAM",2.14005184401675,1.0828883160921,53.7669999999998
65,"poisson","cf_dglm",1.56173457094288,0.778964144294204,33.2920000000004
65,"poisson","KFAS_K120",1.60927169220673,0.800080885953384,30.6450000000004
65,"poisson","KFAS_K240",1.61022829199436,0.800950198703388,234.744
65,"poisson","sdmTMB",1.55032661214367,0.774220277741856,1413.873
66,"poisson","GLM",2.42805666167356,1.12221336456451,0.0160000000005311
66,"poisson","GAM",2.13754910467525,1.01379619231323,57.5349999999999
66,"poisson","cf_dglm",1.47685591494664,0.735559268956636,38.9769999999999
66,"poisson","KFAS_K120",1.55846333171443,0.765920014117191,30.6670000000004
66,"poisson","KFAS_K240",1.55290555081794,0.764983584611991,234.282
66,"poisson","sdmTMB",1.47678798076321,0.73491461517464,1228.871
67,"poisson","GLM",2.22458081560687,1.14419895679965,0.0159999999996217
67,"poisson","GAM",2.0611909636309,1.05040167647466,53.7429999999995
67,"poisson","cf_dglm",1.5243957989475,0.766610244831235,32.4290000000001
67,"poisson","KFAS_K120",1.56138490939864,0.786924776610208,30.3420000000006
67,"poisson","KFAS_K240",1.56119716157478,0.78729481582421,232.855
67,"poisson","sdmTMB",1.51990985395577,0.764757629397964,618.122
68,"poisson","GLM",2.3023255325403,1.17002614490207,0.0180000000000291
68,"poisson","GAM",2.14268111086701,1.07790107977377,46.8509999999997
68,"poisson","cf_dglm",1.5248803806092,0.760393677042617,27.7420000000002
68,"poisson","KFAS_K120",1.54544022552892,0.775356327879633,31.3940000000002
68,"poisson","KFAS_K240",1.54897139178004,0.77667788410038,233.467
68,"poisson","sdmTMB",1.52048602169379,0.757716521195958,1742.253
69,"poisson","GLM",2.24066473183269,1.14961872029547,0.0230000000001382
69,"poisson","GAM",2.11094185730467,1.07163511855014,47.9989999999998
69,"poisson","cf_dglm",1.49559808633575,0.748276962452447,23.4479999999994
69,"poisson","KFAS_K120",1.52023775208399,0.763785267387536,31.0540000000001
69,"poisson","KFAS_K240",1.52058045697726,0.763876712721837,234.755
69,"poisson","sdmTMB",1.49676116867678,0.748075712094622,790.46
70,"poisson","GLM",2.66778512154615,1.2648010800775,0.0169999999998254
70,"poisson","GAM",2.31767188175454,1.13454474821906,55.192
70,"poisson","cf_dglm",1.63404903100896,0.805254584376526,35.8990000000003
70,"poisson","KFAS_K120",1.68759476256178,0.82526795647158,30.3040000000001
70,"poisson","KFAS_K240",1.6871558109452,0.826255510683454,234.486000000001
70,"poisson","sdmTMB",1.62170248778283,0.802895592647469,1214.892
71,"poisson","GLM",2.82669699538639,1.37827064171943,0.0180000000000291
71,"poisson","GAM",2.50623971428874,1.22822943922352,55.0609999999997
71,"poisson","cf_dglm",1.65513906417128,0.831785511974067,40.6939999999995
71,"poisson","KFAS_K120",1.77256922933588,0.865577792286325,30.7009999999991
71,"poisson","KFAS_K240",1.76820864310774,0.86467543989266,233.421
71,"poisson","sdmTMB",1.65644878424024,0.830810207938834,563.52
72,"poisson","GLM",2.35190432658387,1.14135756239521,0.0209999999997308
72,"poisson","GAM",1.89383106626736,0.93848484497993,54.0960000000005
72,"poisson","cf_dglm",1.49700685424073,0.734258810432306,25.8460000000005
72,"poisson","KFAS_K120",1.54765500509361,0.758887717197167,30.9359999999997
72,"poisson","KFAS_K240",1.54834567322605,0.759544277419141,232.596
72,"poisson","sdmTMB",1.49415260672865,0.73318257893472,879.799
73,"poisson","GLM",2.49209385424904,1.18542436950553,0.0199999999995271
73,"poisson","GAM",2.22377248708776,1.07194742330527,47.549
73,"poisson","cf_dglm",1.53908413514691,0.761919671134451,34.719
73,"poisson","KFAS_K120",1.58921666620724,0.779261365093084,31.2459999999992
73,"poisson","KFAS_K240",1.59055113682484,0.780697490539688,234.548
73,"poisson","sdmTMB",1.53313933424089,0.758781739700939,548.142000000001
74,"poisson","GLM",2.40378894512715,1.18320195987266,0.0160000000005311
74,"poisson","GAM",2.24301463073763,1.10296146466101,47.518
74,"poisson","cf_dglm",1.53986610606354,0.774102472676791,45.625
74,"poisson","KFAS_K120",1.59908384655335,0.797477616044803,30.5110000000004
74,"poisson","KFAS_K240",1.59634274992462,0.79681048186296,234.364
74,"poisson","sdmTMB",1.5321832675651,0.770620722240272,951.829
75,"poisson","GLM",1.95530344951307,1.00402926819384,0.0219999999999345
75,"poisson","GAM",1.82566303970468,0.935601311252944,46.451
75,"poisson","cf_dglm",1.40404143538834,0.714120538549302,25.7269999999999
75,"poisson","KFAS_K120",1.44258224589387,0.735268323150448,30.3879999999999
75,"poisson","KFAS_K240",1.44372843693424,0.73625756093597,233.981
75,"poisson","sdmTMB",1.40381396244367,0.713441703177422,782.035
76,"poisson","GLM",2.36636690216244,1.17653534256332,0.0259999999998399
76,"poisson","GAM",2.12414126487907,1.05544196189938,53.6499999999996
76,"poisson","cf_dglm",1.54278865464457,0.768826719644612,40.4870000000001
76,"poisson","KFAS_K120",1.56865532032385,0.785763746106941,31.8190000000004
76,"poisson","KFAS_K240",1.56993523148581,0.78663456492077,234.591
76,"poisson","sdmTMB",1.5352938666969,0.768205549315385,639.052000000001
77,"poisson","GLM",2.84215503558918,1.26543161937534,0.0190000000002328
77,"poisson","GAM",2.25742004300583,1.10728531343164,53.3299999999999
77,"poisson","cf_dglm",1.59423171178671,0.79817252266643,44.0929999999998
77,"poisson","KFAS_K120",1.66238624741038,0.819931349254248,30.2440000000006
77,"poisson","KFAS_K240",1.6664224205761,0.820517334454335,236.55
77,"poisson","sdmTMB",1.58653640667311,0.79368673798873,714.708
78,"poisson","GLM",2.65158311294391,1.35711640197935,0.0150000000003274
78,"poisson","GAM",2.31743308945727,1.17862717921517,53.3270000000002
78,"poisson","cf_dglm",1.77023869032493,0.885381822356878,28.8379999999997
78,"poisson","KFAS_K120",1.8013565625692,0.900421979229623,30.2640000000001
78,"poisson","KFAS_K240",1.79972930215394,0.900571743366097,238.601000000001
78,"poisson","sdmTMB",1.77014775868628,0.884059673702138,572.588
79,"poisson","GLM",2.43180887222807,1.21245687873249,0.0159999999996217
79,"poisson","GAM",2.23462525713409,1.12146827100702,46.5639999999994
79,"poisson","cf_dglm",1.55065025948356,0.773428358115486,27.9110000000001
79,"poisson","KFAS_K120",1.58737585437311,0.792217350156419,30.5900000000001
79,"poisson","KFAS_K240",1.59019726643655,0.793081827818941,236.893
79,"poisson","sdmTMB",1.55255694525456,0.773436803823977,793.62
80,"poisson","GLM",3.03340571285643,1.38961367901693,0.0139999999992142
80,"poisson","GAM",2.70751038466992,1.28193188447127,55.6539999999995
80,"poisson","cf_dglm",1.66081488353116,0.827284657962594,49.982
80,"poisson","KFAS_K120",1.71654448242008,0.848490969702076,30.6800000000003
80,"poisson","KFAS_K240",1.71940800628985,0.849164166398861,241.871
80,"poisson","sdmTMB",1.6582699300603,0.826052847269127,592.139
81,"poisson","GLM",2.8957677400791,1.30389430567587,0.0140000000001237
81,"poisson","GAM",2.04156202281535,1.05430689396307,54.9989999999998
81,"poisson","cf_dglm",1.6122266311829,0.807568882182147,43.1229999999996
81,"poisson","KFAS_K120",1.68627102968805,0.83078159716027,30.8920000000007
81,"poisson","KFAS_K240",1.67493139363416,0.829977672745088,240.287
81,"poisson","sdmTMB",1.61425439508066,0.806613247522572,546.968
82,"poisson","GLM",2.57303364219331,1.19701090950502,0.0180000000000291
82,"poisson","GAM",2.20223350252907,1.07174129550774,49.2970000000005
82,"poisson","cf_dglm",1.51794645225665,0.756148306089703,38.1990000000005
82,"poisson","KFAS_K120",1.60237180316738,0.782641690620879,31.2380000000003
82,"poisson","KFAS_K240",1.59571693524225,0.781842133653768,240.537
82,"poisson","sdmTMB",1.51544725956359,0.753989605311311,745.134
83,"poisson","GLM",2.33078259919736,1.18062946772324,0.0159999999996217
83,"poisson","GAM",2.18910751804395,1.11893549465291,50.7740000000003
83,"poisson","cf_dglm",1.54442085404157,0.771307823621116,37.0499999999993
83,"poisson","KFAS_K120",1.59920964974263,0.794308397433032,30.5459999999994
83,"poisson","KFAS_K240",1.59495967861221,0.793572522817009,241.962
83,"poisson","sdmTMB",1.53496282510069,0.768847710683272,501.395
84,"poisson","GLM",2.59235880040567,1.2856085382094,0.0180000000000291
84,"poisson","GAM",2.30401158412111,1.13727974814719,49.165
84,"poisson","cf_dglm",1.59131513672638,0.782855200408126,31.3689999999997
84,"poisson","KFAS_K120",1.65937335896643,0.815657531475938,31.7939999999999
84,"poisson","KFAS_K240",1.65976573735171,0.815993556010618,241.692
84,"poisson","sdmTMB",1.59457283087926,0.783161984487432,807.553
85,"poisson","GLM",2.49393649856776,1.2300500476752,0.0180000000000291
85,"poisson","GAM",2.27477813837917,1.13569159366639,58.7640000000001
85,"poisson","cf_dglm",1.63761733343767,0.809135851575396,33.5219999999999
85,"poisson","KFAS_K120",1.70418691408243,0.834839314822122,32.4579999999996
85,"poisson","KFAS_K240",1.70205848584625,0.83412098185876,237.849
85,"poisson","sdmTMB",1.63956081982125,0.80896106258374,654.767000000001
86,"poisson","GLM",2.30119932054542,1.18736579807252,0.0289999999995416
86,"poisson","GAM",2.03471828188499,1.058977934517,51.3230000000003
86,"poisson","cf_dglm",1.50775390431761,0.770806390075564,27.0750000000007
86,"poisson","KFAS_K120",1.5440658314169,0.790583361035222,31.643
86,"poisson","KFAS_K240",1.54557183623309,0.791476639484646,238.367
86,"poisson","sdmTMB",1.50977348110812,0.771813263972294,797.785
87,"poisson","GLM",2.48827407476862,1.1790667463085,0.0169999999998254
87,"poisson","GAM",2.21555164676703,1.08398302062648,50.3299999999999
87,"poisson","cf_dglm",1.5275787756767,0.766751200921998,35.2929999999997
87,"poisson","KFAS_K120",1.61357271077369,0.792040214645847,30.6580000000004
87,"poisson","KFAS_K240",1.61920755359757,0.794136519020005,236.5
87,"poisson","sdmTMB",1.52349852473434,0.765047303396082,590.368
88,"poisson","GLM",2.37231393430719,1.19792416893761,0.0180000000000291
88,"poisson","GAM",2.19455695429177,1.11461079441846,50.3740000000007
88,"poisson","cf_dglm",1.57470528422139,0.790199067629991,31.777
88,"poisson","KFAS_K120",1.62003521858913,0.809005048828795,30.5720000000001
88,"poisson","KFAS_K240",1.61703433411868,0.808899854940823,238.264
88,"poisson","sdmTMB",1.56851596751257,0.787771207837285,553.364
89,"poisson","GLM",2.27879788490963,1.15419793174177,0.0230000000001382
89,"poisson","GAM",2.07909386761499,1.05269323453302,56.9300000000003
89,"poisson","cf_dglm",1.52767158047552,0.762816814616647,30.0559999999996
89,"poisson","KFAS_K120",1.55815276387614,0.77716621085572,30.9520000000002
89,"poisson","KFAS_K240",1.55689766163553,0.77662555103325,235.256
89,"poisson","sdmTMB",1.52759349387132,0.761837356312264,526.277
90,"poisson","GLM",2.72157197283384,1.36927107288521,0.0190000000002328
90,"poisson","GAM",2.46106764693945,1.24650878426172,57.0280000000002
90,"poisson","cf_dglm",1.74250981674012,0.872060034514993,24.1050000000005
90,"poisson","KFAS_K120",1.78806062749108,0.887903925513385,30.4390000000003
90,"poisson","KFAS_K240",1.79321017730348,0.889155283916753,234.174
90,"poisson","sdmTMB",1.74556261423575,0.872820714688729,729.242
91,"poisson","GLM",2.83326551047977,1.23290275310871,0.0159999999996217
91,"poisson","GAM",2.35147647527575,1.07862991236681,55.8370000000004
91,"poisson","cf_dglm",1.60707934380441,0.79963131293746,87.8010000000004
91,"poisson","KFAS_K120",1.82936159604235,0.816661431589111,30.2230000000009
91,"poisson","KFAS_K240",1.81647714949022,0.81637239481174,234.07
91,"poisson","sdmTMB",1.59103674444323,0.782167989307083,743.494000000001
92,"poisson","GLM",2.27810971474063,1.13954317974221,0.0150000000003274
92,"poisson","GAM",2.17039136584669,1.07546060502179,43.4449999999997
92,"poisson","cf_dglm",1.49445768993992,0.746447822712832,72.5100000000002
92,"poisson","KFAS_K120",1.57021086381849,0.774713289247427,30.4360000000006
92,"poisson","KFAS_K240",1.5675899025528,0.77431519340969,233.769
92,"poisson","sdmTMB",1.49552223283749,0.746007680747591,535.615000000001
93,"poisson","GLM",2.31291307211655,1.19015199901957,0.0230000000001382
93,"poisson","GAM",2.15294701339302,1.10502782236875,47.3609999999999
93,"poisson","cf_dglm",1.54942855543781,0.779993517581401,33.5230000000001
93,"poisson","KFAS_K120",1.60092597818809,0.802302565387258,30.8450000000003
93,"poisson","KFAS_K240",1.6042724667816,0.803693316252209,235.208000000001
93,"poisson","sdmTMB",1.55767841043589,0.78275645596927,467.521999999999
94,"poisson","GLM",2.47703561315493,1.25059936485559,0.0199999999995271
94,"poisson","GAM",2.22530259699592,1.12329253740976,48.5919999999996
94,"poisson","cf_dglm",1.62370489175702,0.812132609906269,36.1969999999992
94,"poisson","KFAS_K120",1.64564412751719,0.822447509594306,30.3779999999997
94,"poisson","KFAS_K240",1.64854555591103,0.823368614924074,233.467
94,"poisson","sdmTMB",1.61258462875045,0.807253125731916,623.385
95,"poisson","GLM",2.20631703565539,1.08246621257488,0.0190000000002328
95,"poisson","GAM",1.9675797738356,0.975837097188935,46.991
95,"poisson","cf_dglm",1.45513404366381,0.725549923147467,69.2300000000005
95,"poisson","KFAS_K120",1.50189825700277,0.745275797780539,30.9960000000001
95,"poisson","KFAS_K240",1.50127990404318,0.745974564186718,232.092
95,"poisson","sdmTMB",1.45159487515912,0.723630105461722,541.621999999999
96,"poisson","GLM",2.9328265032183,1.40020793379993,0.0230000000001382
96,"poisson","GAM",2.45601388286057,1.2079783616034,54.8950000000004
96,"poisson","cf_dglm",1.67423380964528,0.837785546263646,32.6610000000001
96,"poisson","KFAS_K120",1.74559140091613,0.863060611634595,30.4919999999993
96,"poisson","KFAS_K240",1.74287268374176,0.863055936998568,234.639999999999
96,"poisson","sdmTMB",1.6672835974712,0.835206247613362,807.944
97,"poisson","GLM",2.55756128115702,1.28817053232661,0.0219999999999345
97,"poisson","GAM",2.34098480291088,1.18066886012124,54.3249999999998
97,"poisson","cf_dglm",1.62631964450299,0.81334605862988,33.6760000000004
97,"poisson","KFAS_K120",1.6600287589827,0.828724153080135,31.4870000000001
97,"poisson","KFAS_K240",1.66271378094352,0.829993332997587,232.172999999999
97,"poisson","sdmTMB",1.62277409979235,0.81107697840781,832.644
98,"poisson","GLM",2.56968976807501,1.30015220250868,0.0189999999993233
98,"poisson","GAM",2.35140443701017,1.19449270626414,48.1419999999998
98,"poisson","cf_dglm",1.61904657211398,0.81697568319635,26.634
98,"poisson","KFAS_K120",1.66365624716081,0.838233013510486,30.4709999999995
98,"poisson","KFAS_K240",1.66641746952735,0.838902516018094,233.618
98,"poisson","sdmTMB",1.61586395532276,0.815350632276513,491.895999999999
99,"poisson","GLM",2.36605860002112,1.17702733356425,0.0180000000000291
99,"poisson","GAM",2.21961081549997,1.11274336230937,47.116
99,"poisson","cf_dglm",1.5370606934994,0.775567853600674,38.469
99,"poisson","KFAS_K120",1.60665932321544,0.802543749831095,30.4459999999999
99,"poisson","KFAS_K240",1.60567708593444,0.802497276115678,233.653
99,"poisson","sdmTMB",1.53841509779935,0.774492263070341,494.155999999999
100,"poisson","GLM",2.20742033478629,1.13412597604427,0.0190000000002328
100,"poisson","GAM",2.04107753443171,1.04178673795084,48.0340000000006
100,"poisson","cf_dglm",1.55501608040382,0.78083119737268,28.7420000000002
100,"poisson","KFAS_K120",1.57990479458574,0.797021178269958,30.5820000000003
100,"poisson","KFAS_K240",1.58337950733988,0.798532708677008,232.834000000001
100,"poisson","sdmTMB",1.55641038559881,0.780792969368969,579.683000000001
1,"binary","GLM",0.482582454509688,0.232885825400595,0.01299999999992
1,"binary","GAM",0.467779447461926,0.218817611467785,86.0869999999995
1,"binary","cf_dglm",0.437154012543465,0.191103630682852,20.0560000000005
1,"binary","KFAS_K120",0.452240649986255,0.204521605499991,30.0390000000007
1,"binary","KFAS_K240",0.452069449509708,0.204366787180011,232.800999999999
1,"binary","sdmTMB",0.436281126341913,0.190341221202168,623.624
2,"binary","GLM",0.485604603209259,0.235811830658022,0.0149999999994179
2,"binary","GAM",0.471139343336883,0.221972280839909,76.2420000000002
2,"binary","cf_dglm",0.435021823470179,0.18924398689532,39.8640000000005
2,"binary","KFAS_K120",0.452716837892091,0.204952535311014,30.4570000000003
2,"binary","KFAS_K240",0.452515369545051,0.204770159674494,231.304
2,"binary","sdmTMB",0.435346393706123,0.189526482512926,419.334000000001
3,"binary","GLM",0.489625150482437,0.239732787984949,0.0209999999997308
3,"binary","GAM",0.475216669382599,0.225830882859091,72.0949999999993
3,"binary","cf_dglm",0.439400943804135,0.193073189415964,44.5549999999985
3,"binary","KFAS_K120",0.455735446339924,0.20769479705065,30.2209999999995
3,"binary","KFAS_K240",0.455633798021253,0.207602157899272,234.563
3,"binary","sdmTMB",0.439362937084532,0.193039790483546,493.868
4,"binary","GLM",0.486516171022984,0.236697984666865,0.0140000000001237
4,"binary","GAM",0.475109276922777,0.225728825018084,54.415
4,"binary","cf_dglm",0.441977114465222,0.195343769711004,20.357
4,"binary","KFAS_K120",0.455637897417109,0.207605893562684,30.146999999999
4,"binary","KFAS_K240",0.455626116528409,0.20759515806276,234.142
4,"binary","sdmTMB",0.441561776619585,0.194976802571444,522.148000000001
5,"binary","GLM",0.485857233084546,0.236057250940571,0.0140000000010332
5,"binary","GAM",0.473853178533219,0.224536834806034,74.1029999999992
5,"binary","cf_dglm",0.443380087254472,0.196585901773783,29.4639999999999
5,"binary","KFAS_K120",0.455461995693447,0.207445629521058,30.4310000000005
5,"binary","KFAS_K240",0.455324939263815,0.207320800315596,233.592000000001
5,"binary","sdmTMB",0.441708096621999,0.195106042621429,758.875
6,"binary","GLM",0.483187118749371,0.233469791725319,0.0199999999986176
6,"binary","GAM",0.464620542519483,0.215872248531098,77.9489999999987
6,"binary","cf_dglm",0.437072200611368,0.191032108547264,44.8779999999988
6,"binary","KFAS_K120",0.453126073787324,0.205323238745915,30.1909999999989
6,"binary","KFAS_K240",0.453121633634569,0.205319214867661,232.602999999999
6,"binary","sdmTMB",0.436385044423845,0.190431906996801,431.753999999999
7,"binary","GLM",0.480658993881015,0.23103306839871,0.022000000000844
7,"binary","GAM",0.471160620615633,0.221992330418908,75.8550000000014
7,"binary","cf_dglm",0.439986835187287,0.193588415138125,37.2150000000001
7,"binary","KFAS_K120",0.45384357499369,0.205973990563053,30.3730000000014
7,"binary","KFAS_K240",0.453955480559697,0.206075578330185,233.210000000001
7,"binary","sdmTMB",0.439482493476006,0.193144862071887,415.923000000001
8,"binary","GLM",0.486616990904912,0.236796095837352,0.0139999999992142
8,"binary","GAM",0.477878345333883,0.22836771293905,90.3680000000004
8,"binary","cf_dglm",0.433897724588109,0.188267235402739,23.8940000000002
8,"binary","KFAS_K120",0.450752412691775,0.203177737547456,30.4510000000009
8,"binary","KFAS_K240",0.450699952488688,0.203130447173306,233.205
8,"binary","sdmTMB",0.433943294531668,0.188306782868998,471.393999999998
9,"binary","GLM",0.492047908151383,0.242111143916152,0.0139999999992142
9,"binary","GAM",0.481581236584932,0.231920487430672,74.6329999999998
9,"binary","cf_dglm",0.447531665148059,0.200284591310194,29.1860000000015
9,"binary","KFAS_K120",0.459455801894273,0.21109963389431,30.3809999999994
9,"binary","KFAS_K240",0.459375830014033,0.211026153201082,231.66
9,"binary","sdmTMB",0.446186896888884,0.199082746955332,551.889000000001
10,"binary","GLM",0.486039230090145,0.236234133186621,0.0249999999996362
10,"binary","GAM",0.474525846098138,0.225174778615154,99.2759999999998
10,"binary","cf_dglm",0.432853301614266,0.187361980718371,46.1669999999995
10,"binary","KFAS_K120",0.45189224974661,0.204206605381053,30.1709999999985
10,"binary","KFAS_K240",0.45196027710371,0.204268092079663,232.045
10,"binary","sdmTMB",0.432976474281869,0.187468627281558,635.148999999999
11,"binary","GLM",0.48062505782204,0.231000446206439,0.0140000000010332
11,"binary","GAM",0.471199111117194,0.222028602317634,90.8140000000003
11,"binary","cf_dglm",0.43856934577686,0.192343071055143,36.8230000000003
11,"binary","KFAS_K120",0.45454119048771,0.206607693849985,30.3369999999995
11,"binary","KFAS_K240",0.454451842974037,0.206526477582499,232.011999999999
11,"binary","sdmTMB",0.43884485862911,0.192584809945204,433.523999999999
12,"binary","GLM",0.484309944971088,0.234556122797898,0.0139999999992142
12,"binary","GAM",0.469841974904459,0.220751481382122,72.8439999999991
12,"binary","cf_dglm",0.433243366089127,0.187699814260237,39.3449999999993
12,"binary","KFAS_K120",0.450229158046487,0.202706294755249,30.2980000000007
12,"binary","KFAS_K240",0.450007947716306,0.202507153007841,231.465
12,"binary","sdmTMB",0.433155069167052,0.187623313945114,410.169
13,"binary","GLM",0.482569408580009,0.23287323409726,0.0139999999992142
13,"binary","GAM",0.469442709386737,0.220376457396361,62.0679999999993
13,"binary","cf_dglm",0.429765041352268,0.184697990768517,28.2759999999998
13,"binary","KFAS_K120",0.447769604871445,0.20049761904673,29.5840000000007
13,"binary","KFAS_K240",0.447805266227091,0.200529556460716,231.93
13,"binary","sdmTMB",0.429580784249213,0.184539650196169,438.165000000001
14,"binary","GLM",0.48700002162171,0.237169021059546,0.0150000000012369
14,"binary","GAM",0.472334986165542,0.223100339156003,54.4420000000009
14,"binary","cf_dglm",0.444354690447262,0.197451090922482,37.1670000000013
14,"binary","KFAS_K120",0.456088061423584,0.208016319773123,30.103000000001
14,"binary","KFAS_K240",0.456023246812648,0.20795720163355,230.924000000001
14,"binary","sdmTMB",0.443742985957355,0.19690783758635,709.428
15,"binary","GLM",0.488466612682926,0.238599631705932,0.0229999999992287
15,"binary","GAM",0.473813120858379,0.224498873497557,78.4879999999994
15,"binary","cf_dglm",0.442135982133402,0.195484226697068,36.8310000000001
15,"binary","KFAS_K120",0.456625417424987,0.208506771838543,30.2569999999996
15,"binary","KFAS_K240",0.456700698893762,0.208575528370051,231.764999999999
15,"binary","sdmTMB",0.442391589934469,0.195710318844748,479.961000000001
16,"binary","GLM",0.484168560191469,0.23441919467788,0.0199999999986176
16,"binary","GAM",0.470760311381696,0.221615270772191,73.3990000000013
16,"binary","cf_dglm",0.439444160245302,0.193111169973698,37.7389999999996
16,"binary","KFAS_K120",0.454843788897723,0.206882872298837,30.9349999999995
16,"binary","KFAS_K240",0.454745136592462,0.206793139254496,231.65
16,"binary","sdmTMB",0.439834380946624,0.1934542826627,771.624
17,"binary","GLM",0.488723166393959,0.238850333370137,0.0169999999998254
17,"binary","GAM",0.473490977406692,0.224193705685545,71.8299999999999
17,"binary","cf_dglm",0.443257298107682,0.196477032325723,38.5709999999999
17,"binary","KFAS_K120",0.457072020364757,0.20891483180032,30.2330000000002
17,"binary","KFAS_K240",0.457032233983053,0.20887846289954,230.305
17,"binary","sdmTMB",0.442485201353399,0.195793153416758,432.267
18,"binary","GLM",0.48346381816743,0.23373726347703,0.0149999999994179
18,"binary","GAM",0.471528879801931,0.222339484487264,72.4579999999987
18,"binary","cf_dglm",0.43435599634452,0.18866513156044,37.6530000000002
18,"binary","KFAS_K120",0.451305131072815,0.203676321332651,30.1589999999997
18,"binary","KFAS_K240",0.451427679649551,0.203786949953778,231.589000000002
18,"binary","sdmTMB",0.43350136288561,0.187923431623681,463.419
19,"binary","GLM",0.48692326340214,0.23709426444219,0.0140000000010332
19,"binary","GAM",0.476143778970936,0.226712898252724,63.2489999999998
19,"binary","cf_dglm",0.435291974117261,0.189479102730902,44.9310000000005
19,"binary","KFAS_K120",0.452766670430677,0.204997657852882,31.2289999999994
19,"binary","KFAS_K240",0.45289014207663,0.20510948079019,227.521999999999
19,"binary","sdmTMB",0.435758032455495,0.189885062849484,856.412999999999
20,"binary","GLM",0.486191815524866,0.236382481483365,0.0149999999994179
20,"binary","GAM",0.47485714281206,0.225489306079634,64.2570000000014
20,"binary","cf_dglm",0.442532098761899,0.195834658434611,26.9459999999999
20,"binary","KFAS_K120",0.457119104763311,0.208957875939611,30.1749999999993
20,"binary","KFAS_K240",0.457224120785711,0.209053896628267,231.358999999999
20,"binary","sdmTMB",0.443089208376015,0.196328046579284,722.552
21,"binary","GLM",0.483874570054197,0.234134599545134,0.0140000000010332
21,"binary","GAM",0.468736568578545,0.219713970722789,73.741
21,"binary","cf_dglm",0.442029045084356,0.195389676698188,37.4449999999997
21,"binary","KFAS_K120",0.455016955654125,0.207040429932748,30.1489999999994
21,"binary","KFAS_K240",0.455030581573357,0.207052830166987,231.741
21,"binary","sdmTMB",0.441009538420309,0.194489412977694,726.689999999999
22,"binary","GLM",0.482704383886183,0.23300352222294,0.0149999999994179
22,"binary","GAM",0.471302889962511,0.222126414087014,71.8100000000013
22,"binary","cf_dglm",0.436009040812132,0.190103883669916,37.719000000001
22,"binary","KFAS_K120",0.452206571552925,0.204490783355651,30.0810000000001
22,"binary","KFAS_K240",0.452142195093811,0.20443256458425,231.625
22,"binary","sdmTMB",0.435998138032738,0.190094376368015,616.064999999999
23,"binary","GLM",0.481454560012199,0.23179849335654,0.0159999999996217
23,"binary","GAM",0.463589603244963,0.214915320236822,83.9550000000017
23,"binary","cf_dglm",0.4308630390127,0.185642958387259,38.1900000000005
23,"binary","KFAS_K120",0.448380567678254,0.201045133471474,31.0519999999997
23,"binary","KFAS_K240",0.448529963305619,0.20117912798294,232.046
23,"binary","sdmTMB",0.430869054791711,0.185648142377103,595.868999999999
24,"binary","GLM",0.48498004472599,0.235205643782423,0.0180000000000291
24,"binary","GAM",0.473017708375355,0.223745752436673,71.1570000000011
24,"binary","cf_dglm",0.435931262260497,0.19003606541603,37.7440000000006
24,"binary","KFAS_K120",0.451142578740696,0.203529626352805,30.0490000000009
24,"binary","KFAS_K240",0.451231734639308,0.203610078345599,231.754000000001
24,"binary","sdmTMB",0.435569437679946,0.189720735040824,443.653
25,"binary","GLM",0.484959594491948,0.235185808289795,0.0149999999994179
25,"binary","GAM",0.471028996114273,0.22186831518042,79.2780000000002
25,"binary","cf_dglm",0.437159288132937,0.191108243200896,43.6670000000013
25,"binary","KFAS_K120",0.452502448655195,0.204758466038948,30.1419999999998
25,"binary","KFAS_K240",0.452298053509791,0.204573529208745,230.861999999999
25,"binary","sdmTMB",0.436774683653267,0.190772124280412,653.967
26,"binary","GLM",0.486656041797929,0.236834103018427,0.0139999999992142
26,"binary","GAM",0.474571217243554,0.225217840236029,84.7399999999998
26,"binary","cf_dglm",0.440156234476172,0.193737510748243,32.6020000000008
26,"binary","KFAS_K120",0.454331481348728,0.206417094944529,30.4009999999998
26,"binary","KFAS_K240",0.454300143709707,0.20638862057466,232.317999999999
26,"binary","sdmTMB",0.439514690945606,0.193173163557011,440.190999999999
27,"binary","GLM",0.481859553794867,0.232188629583388,0.0139999999992142
27,"binary","GAM",0.472267325222696,0.223036426472999,87.3179999999993
27,"binary","cf_dglm",0.439249349160407,0.192939990737841,26.4599999999991
27,"binary","KFAS_K120",0.455436338597342,0.207422258514953,30.1740000000009
27,"binary","KFAS_K240",0.455511233147986,0.207490483523999,231.938
27,"binary","sdmTMB",0.438652436220978,0.192415959802599,523.812
28,"binary","GLM",0.486002639646322,0.236198565743193,0.0150000000012369
28,"binary","GAM",0.468329219813197,0.219332258130838,79.5150000000012
28,"binary","cf_dglm",0.437614599143955,0.191506537383924,43.487000000001
28,"binary","KFAS_K120",0.454072568415656,0.206181897387591,30.107
28,"binary","KFAS_K240",0.45393824063915,0.206059926314567,232.421
28,"binary","sdmTMB",0.437100978988162,0.19105726583241,697.57
29,"binary","GLM",0.479536708552076,0.229955454848959,0.0150000000012369
29,"binary","GAM",0.462016810035661,0.213459532755528,60.1689999999999
29,"binary","cf_dglm",0.430942170898825,0.185711154658992,16.1499999999996
29,"binary","KFAS_K120",0.448352371590381,0.20101984911072,30.1049999999996
29,"binary","KFAS_K240",0.448311170228071,0.200982905351262,232.48
29,"binary","sdmTMB",0.430811001119875,0.185598118685909,410.302
30,"binary","GLM",0.483805715413809,0.234067970267067,0.0159999999996217
30,"binary","GAM",0.471568877114651,0.222377205863173,87.0329999999994
30,"binary","cf_dglm",0.438594568628621,0.192365195630526,22.4070000000011
30,"binary","KFAS_K120",0.453488860164229,0.205652146293052,30.3500000000004
30,"binary","KFAS_K240",0.45356152843286,0.205718060074352,227.181
30,"binary","sdmTMB",0.437709578196971,0.19158967484537,635.027
31,"binary","GLM",0.483186092579325,0.233468800062076,0.0140000000010332
31,"binary","GAM",0.4707066442923,0.221564744980918,87.0040000000008
31,"binary","cf_dglm",0.439944774381853,0.193551404505899,34.0349999999999
31,"binary","KFAS_K120",0.453925894616779,0.206048717803643,30.4609999999993
31,"binary","KFAS_K240",0.453982533971871,0.206100141151521,232.880999999999
31,"binary","sdmTMB",0.439094716658706,0.192804170197589,407.875
32,"binary","GLM",0.481642639834645,0.231979632506885,0.0139999999992142
32,"binary","GAM",0.470854075488976,0.221703560404579,84.8729999999996
32,"binary","cf_dglm",0.441080478375331,0.19455198840381,41.0830000000005
32,"binary","KFAS_K120",0.455508137896408,0.207487663689853,30.2579999999998
32,"binary","KFAS_K240",0.455536213335699,0.207513241660228,233.989
32,"binary","sdmTMB",0.440656337647446,0.19417800790886,445.686
33,"binary","GLM",0.487538955649862,0.237694233276159,0.0129999999990105
33,"binary","GAM",0.472947308609122,0.223679156720612,72.8970000000008
33,"binary","cf_dglm",0.439958453722698,0.193563441002067,30.4349999999995
33,"binary","KFAS_K120",0.45422153104726,0.206317199266917,30.9560000000001
33,"binary","KFAS_K240",0.453978938602084,0.206096876694275,232.83
33,"binary","sdmTMB",0.438857206072914,0.192595647322124,431.602000000001
34,"binary","GLM",0.486288718671485,0.236476717907155,0.0169999999998254
34,"binary","GAM",0.47716978136122,0.227691000244314,88.6200000000008
34,"binary","cf_dglm",0.435961716435265,0.190062618197182,47.9269999999997
34,"binary","KFAS_K120",0.451866956129728,0.204183746041945,30.4989999999998
34,"binary","KFAS_K240",0.451777087513132,0.204102536801848,232.625
34,"binary","sdmTMB",0.435391394512594,0.189565666415621,734.975
35,"binary","GLM",0.484486726828139,0.234727388472643,0.0139999999992142
35,"binary","GAM",0.470825574817879,0.221676721902586,72.9269999999997
35,"binary","cf_dglm",0.43298545225935,0.187476401868234,20.2929999999997
35,"binary","KFAS_K120",0.449994059676824,0.202494653744429,30.8370000000014
35,"binary","KFAS_K240",0.450093757864626,0.202584390868701,234.152
35,"binary","sdmTMB",0.433546358142357,0.187962444658501,406.084000000001
36,"binary","GLM",0.490828196668996,0.240912318645339,0.0160000000014406
36,"binary","GAM",0.472446953892247,0.223206124242063,68.7160000000003
36,"binary","cf_dglm",0.437299833729966,0.191231144580256,38.4070000000011
36,"binary","KFAS_K120",0.452487109817079,0.204744584550613,30.3850000000002
36,"binary","KFAS_K240",0.452514277716232,0.204769171537043,228.995999999999
36,"binary","sdmTMB",0.436990674538242,0.190960849633388,565.630999999999
37,"binary","GLM",0.486299146174485,0.236486859570033,0.0140000000010332
37,"binary","GAM",0.467630694624113,0.21867846655463,88.4349999999995
37,"binary","cf_dglm",0.439365054672963,0.193041651267776,22.5040000000008
37,"binary","KFAS_K120",0.453464029285198,0.205629625855567,30.1720000000005
37,"binary","KFAS_K240",0.453475566105271,0.205640089054496,231.301000000001
37,"binary","sdmTMB",0.439030639076811,0.192747902048193,397.674000000001
38,"binary","GLM",0.486361774180532,0.236547775384034,0.0139999999992142
38,"binary","GAM",0.478771006100301,0.229221676282294,81.0329999999994
38,"binary","cf_dglm",0.437262698160232,0.191198667202366,17.8000000000011
38,"binary","KFAS_K120",0.453719570871103,0.205861448991458,30.1280000000006
38,"binary","KFAS_K240",0.453818554313504,0.205951280239198,233.703000000001
38,"binary","sdmTMB",0.436979940027875,0.190951467986765,980.491
39,"binary","GLM",0.482600561489253,0.232903301949742,0.0130000000008295
39,"binary","GAM",0.470673948555607,0.221533965848926,85.0789999999997
39,"binary","cf_dglm",0.431562092156824,0.186245839386775,27.5220000000008
39,"binary","KFAS_K120",0.450105216609203,0.202594706018818,30.2710000000006
39,"binary","KFAS_K240",0.450003683196778,0.202503314890666,234.682999999999
39,"binary","sdmTMB",0.4314383697451,0.18613906688831,1004.488
40,"binary","GLM",0.485667893046008,0.235873302335749,0.0159999999996217
40,"binary","GAM",0.466460933803756,0.217585802765072,70.9650000000001
40,"binary","cf_dglm",0.439081594338043,0.192792646486437,21.7749999999996
40,"binary","KFAS_K120",0.453064372379966,0.205267325520052,30.3580000000002
40,"binary","KFAS_K240",0.453015693091575,0.20522321818724,234.839
40,"binary","sdmTMB",0.439579022416164,0.19322971694835,814.872000000001
41,"binary","GLM",0.487207546244675,0.237371193117757,0.0149999999994179
41,"binary","GAM",0.470440420739636,0.221314189465686,77.8870000000006
41,"binary","cf_dglm",0.438669215502712,0.192430680629765,53.0479999999989
41,"binary","KFAS_K120",0.454432940769404,0.206509297656329,30.2060000000001
41,"binary","KFAS_K240",0.454416978679096,0.206494790511838,232.959000000001
41,"binary","sdmTMB",0.438337531058235,0.192139791134229,530.422
42,"binary","GLM",0.485206446992303,0.235425296202894,0.0139999999992142
42,"binary","GAM",0.478407814041488,0.228874036535955,81.643
42,"binary","cf_dglm",0.435866831084869,0.189979894439966,38.8420000000006
42,"binary","KFAS_K120",0.451912010183174,0.204224464947797,30.1719999999987
42,"binary","KFAS_K240",0.451876536246613,0.204192404010236,233.143
42,"binary","sdmTMB",0.435665389493789,0.189804331602775,717.674999999999
43,"binary","GLM",0.483818489946858,0.234080331214458,0.0169999999998254
43,"binary","GAM",0.466831382571043,0.217931539753192,69.616
43,"binary","cf_dglm",0.441420033223941,0.194851645731426,45.9830000000002
43,"binary","KFAS_K120",0.455003934966196,0.207028580834723,30.2860000000001
43,"binary","KFAS_K240",0.45508355297956,0.2071010401925,232.447999999999
43,"binary","sdmTMB",0.440769443665069,0.194277702468814,792.874
44,"binary","GLM",0.483317129464457,0.233595447633763,0.0139999999992142
44,"binary","GAM",0.469780585730587,0.220693798729373,86.4740000000002
44,"binary","cf_dglm",0.44127477930306,0.194723430848964,23.3070000000007
44,"binary","KFAS_K120",0.454728836240848,0.206778314508956,30.2189999999991
44,"binary","KFAS_K240",0.454692165812808,0.206744965651542,232.514999999999
44,"binary","sdmTMB",0.440448182706934,0.19399460164984,500.733999999999
45,"binary","GLM",0.488695308384781,0.238823104437296,0.0230000000010477
45,"binary","GAM",0.474651566999759,0.225294110055327,74.0920000000006
45,"binary","cf_dglm",0.435734063400744,0.189864174007723,54.2290000000012
45,"binary","KFAS_K120",0.452853505149512,0.205076297126199,30.7559999999994
45,"binary","KFAS_K240",0.452796636701607,0.205024794208287,232.596
45,"binary","sdmTMB",0.436026543776566,0.190119146877738,606.749000000002
46,"binary","GLM",0.491880913646918,0.241946833210127,0.0140000000010332
46,"binary","GAM",0.480117686406042,0.230512992799891,67.0680000000011
46,"binary","cf_dglm",0.440376279066988,0.193931267164886,21.8869999999988
46,"binary","KFAS_K120",0.456228724012029,0.208144648613644,30.3349999999991
46,"binary","KFAS_K240",0.456401388385506,0.208302227320218,231.963
46,"binary","sdmTMB",0.440335768766091,0.193895589254824,604.172
47,"binary","GLM",0.4881784349775,0.238318184377082,0.0140000000010332
47,"binary","GAM",0.476771528125799,0.22731109003141,75.2070000000003
47,"binary","cf_dglm",0.442755726108051,0.196032633001467,39.1209999999992
47,"binary","KFAS_K120",0.455433512024534,0.207419683875002,30.5789999999997
47,"binary","KFAS_K240",0.455380533198843,0.207371430016463,234.183999999999
47,"binary","sdmTMB",0.442322488704142,0.195649184013426,548.452000000001
48,"binary","GLM",0.481790516509672,0.232122101798657,0.0150000000012369
48,"binary","GAM",0.465772656859956,0.216944167878382,66.0349999999999
48,"binary","cf_dglm",0.43318621741764,0.187650298960602,45.4840000000004
48,"binary","KFAS_K120",0.450607935301572,0.203047511356745,30.3829999999998
48,"binary","KFAS_K240",0.450794953047817,0.203216089693384,231.728999999999
48,"binary","sdmTMB",0.432975837943334,0.187468076242732,707.251
49,"binary","GLM",0.491106163663763,0.241185263988539,0.0159999999996217
49,"binary","GAM",0.477966993819204,0.228452447180567,88.2960000000003
49,"binary","cf_dglm",0.446738621129841,0.199575395608992,34.0869999999995
49,"binary","KFAS_K120",0.458041350400034,0.209801878676286,30.4670000000006
49,"binary","KFAS_K240",0.458148501203913,0.209900049155392,230.894
49,"binary","sdmTMB",0.445837543744738,0.198771115412341,669.334999999999
50,"binary","GLM",0.489248143715904,0.239363746129458,0.0189999999984138
50,"binary","GAM",0.469885382232646,0.22079227243592,85.9619999999995
50,"binary","cf_dglm",0.441916690899173,0.195290361695275,45.9350000000013
50,"binary","KFAS_K120",0.456705150330956,0.208579594338822,30.3899999999994
50,"binary","KFAS_K240",0.456599936877327,0.208483502356379,232.252
50,"binary","sdmTMB",0.441319449422201,0.194762856438315,475.916999999999
51,"binary","GLM",0.486943160495992,0.237113641553825,0.0200000000004366
51,"binary","GAM",0.474918300341229,0.225547391999002,64.4989999999998
51,"binary","cf_dglm",0.441856187540297,0.195236890467647,35.6000000000004
51,"binary","KFAS_K120",0.45518499740813,0.207193381865439,30.1720000000005
51,"binary","KFAS_K240",0.455269302699524,0.207270137980511,233.522000000001
51,"binary","sdmTMB",0.440471259786808,0.194014930698177,1003.054
52,"binary","GLM",0.479115116946253,0.229551295286421,0.0139999999992142
52,"binary","GAM",0.466660820719855,0.217772321594929,71.348
52,"binary","cf_dglm",0.437844490423349,0.191707797794082,37.7350000000006
52,"binary","KFAS_K120",0.452967255615156,0.205179334659526,30.1440000000002
52,"binary","KFAS_K240",0.452819408736762,0.205045416928711,234.108999999999
52,"binary","sdmTMB",0.43727167247208,0.19120651554653,461.924999999999
53,"binary","GLM",0.486762021028433,0.236937265115685,0.0129999999990105
53,"binary","GAM",0.476065390593541,0.226638256120981,74.0339999999997
53,"binary","cf_dglm",0.436092556180338,0.190176717555902,35.5910000000003
53,"binary","KFAS_K120",0.453224428373873,0.205412382474824,30.6200000000008
53,"binary","KFAS_K240",0.45333542690219,0.205513009284591,233.066000000001
53,"binary","sdmTMB",0.436297971241603,0.190355919709539,519.003000000001
54,"binary","GLM",0.487442770392723,0.237600454408133,0.0130000000008295
54,"binary","GAM",0.480545233231414,0.230923721181434,72.259
54,"binary","cf_dglm",0.446322256039694,0.199203556236362,19.6409999999996
54,"binary","KFAS_K120",0.458610412939985,0.210323510856983,30.1090000000004
54,"binary","KFAS_K240",0.458651128333799,0.210360857521867,232.898999999999
54,"binary","sdmTMB",0.446423359668632,0.199293816057829,555.037999999999
55,"binary","GLM",0.484639621150303,0.234875562388709,0.0140000000010332
55,"binary","GAM",0.46824938175167,0.219257483510821,78.3439999999991
55,"binary","cf_dglm",0.431798549468194,0.186449987322837,38.7920000000013
55,"binary","KFAS_K120",0.450621154120623,0.203059424541002,30.2860000000001
55,"binary","KFAS_K240",0.450613333307051,0.203052376154091,232.730000000001
55,"binary","sdmTMB",0.431281572336246,0.186003794636824,401.540000000001
56,"binary","GLM",0.481307117432775,0.231656541291447,0.0129999999990105
56,"binary","GAM",0.470759796721621,0.221614786209382,73.3270000000011
56,"binary","cf_dglm",0.429232088563057,0.184240185852204,23.3880000000008
56,"binary","KFAS_K120",0.449384838689728,0.201946733244193,30.4920000000002
56,"binary","KFAS_K240",0.449181123772687,0.201763681953694,232.595000000001
56,"binary","sdmTMB",0.429338710539566,0.184331728367778,818.237999999999
57,"binary","GLM",0.486081343387929,0.236275072389814,0.0139999999992142
57,"binary","GAM",0.4749078019891,0.225537420390118,78.1640000000007
57,"binary","cf_dglm",0.437767238802892,0.191640155369109,28.6830000000009
57,"binary","KFAS_K120",0.453333633847183,0.205511383577092,30.9850000000006
57,"binary","KFAS_K240",0.453312048454108,0.20549181327366,234.277
57,"binary","sdmTMB",0.437022123568392,0.190988336488227,603.656000000001
58,"binary","GLM",0.482662253708,0.232962851154486,0.0159999999996217
58,"binary","GAM",0.468051310200338,0.219072028980253,71.134
58,"binary","cf_dglm",0.43812697780264,0.191955248678475,39.2440000000006
58,"binary","KFAS_K120",0.452858986566355,0.205081261713906,30.1680000000015
58,"binary","KFAS_K240",0.452831854165399,0.205056688146873,235.186
58,"binary","sdmTMB",0.437890773333826,0.191748329370896,772.836000000001
59,"binary","GLM",0.486089899504387,0.236283390400185,0.0130000000008295
59,"binary","GAM",0.473928916300001,0.224608617705294,83.9229999999989
59,"binary","cf_dglm",0.441811322099486,0.195197244335296,40.8310000000001
59,"binary","KFAS_K120",0.454659052234722,0.206714853778976,30.2559999999994
59,"binary","KFAS_K240",0.454700466408641,0.206752514152236,236.030999999999
59,"binary","sdmTMB",0.441093472762757,0.194563451713909,490.612000000001
60,"binary","GLM",0.480732750269559,0.231103977181735,0.0139999999992142
60,"binary","GAM",0.465437292690166,0.216631873426751,54.2209999999995
60,"binary","cf_dglm",0.429287768710381,0.184287988364338,53.023000000001
60,"binary","KFAS_K120",0.449090009114641,0.201681836286588,30.2180000000008
60,"binary","KFAS_K240",0.448984745346931,0.201587301554249,235.34
60,"binary","sdmTMB",0.429185867653907,0.184200508993837,604.459000000001
61,"binary","GLM",0.478537146149525,0.228997800244932,0.0169999999998254
61,"binary","GAM",0.466877480940421,0.217974582209273,66.4130000000005
61,"binary","cf_dglm",0.430271327568096,0.185133415327212,45.7139999999999
61,"binary","KFAS_K120",0.447955023428031,0.200663703014408,30.1549999999988
61,"binary","KFAS_K240",0.44792148755787,0.200633659016055,239.239000000001
61,"binary","sdmTMB",0.429438560117244,0.184417476915572,1069.802
62,"binary","GLM",0.484365960041339,0.234610383246768,0.0210000000006403
62,"binary","GAM",0.471520018876403,0.222331128201204,87.7639999999992
62,"binary","cf_dglm",0.435825611762853,0.189943963868465,35.7960000000003
62,"binary","KFAS_K120",0.452062448287238,0.204360457151452,30.3880000000008
62,"binary","KFAS_K240",0.451989685438874,0.204294675743132,231.853000000001
62,"binary","sdmTMB",0.435880779548705,0.189992053979987,690.319
63,"binary","GLM",0.485194932324879,0.235414122353744,0.0190000000002328
63,"binary","GAM",0.463858161754921,0.215164394226655,56.6179999999986
63,"binary","cf_dglm",0.434583644045184,0.188862943671591,20.485999999999
63,"binary","KFAS_K120",0.451653505259295,0.203990888813008,30.5469999999987
63,"binary","KFAS_K240",0.451573361076673,0.203918500434083,231.188
63,"binary","sdmTMB",0.434447022885964,0.188744215694478,782.346
64,"binary","GLM",0.486852260675948,0.237025123725281,0.0239999999994325
64,"binary","GAM",0.471267870799871,0.222093406048244,92.1720000000005
64,"binary","cf_dglm",0.443996439191956,0.197132838015136,29.6740000000009
64,"binary","KFAS_K120",0.457071678539509,0.208914519322925,28.094000000001
64,"binary","KFAS_K240",0.457060295759748,0.208904113959989,230.300000000001
64,"binary","sdmTMB",0.442991417016306,0.196241395550115,737.535
65,"binary","GLM",0.4868212240709,0.23699490420589,0.0130000000008295
65,"binary","GAM",0.474929809362439,0.225558323821042,73.8289999999997
65,"binary","cf_dglm",0.439017231921574,0.192736129924081,30.8009999999995
65,"binary","KFAS_K120",0.453953483774626,0.206073765431119,28.6809999999987
65,"binary","KFAS_K240",0.453800963530697,0.205935314501389,232.191999999999
65,"binary","sdmTMB",0.439309496072565,0.192992833339531,1315.711
66,"binary","GLM",0.483670159592632,0.233936823280362,0.0190000000002328
66,"binary","GAM",0.471045268246666,0.221883644737573,93.4920000000002
66,"binary","cf_dglm",0.4400498628484,0.193643881792896,43.634
66,"binary","KFAS_K120",0.455884784855523,0.207830937062767,30.357
66,"binary","KFAS_K240",0.456079455730433,0.208008469939368,228.674000000001
66,"binary","sdmTMB",0.439289589887601,0.192975343783616,1147.636
67,"binary","GLM",0.484357408767251,0.234602099427726,0.0239999999994325
67,"binary","GAM",0.47366077546622,0.224354530215261,86.5920000000006
67,"binary","cf_dglm",0.436175357836979,0.190248942784217,35.7860000000001
67,"binary","KFAS_K120",0.452638771308387,0.204881857291566,30.232
67,"binary","KFAS_K240",0.452552819151859,0.204804054122295,231.199000000001
67,"binary","sdmTMB",0.435781238306408,0.189905287659866,545.304
68,"binary","GLM",0.487782856292978,0.237932114893336,0.0250000000014552
68,"binary","GAM",0.470773784559364,0.221627956228346,91.9719999999998
68,"binary","cf_dglm",0.43345345618379,0.187881898677673,40.5810000000001
68,"binary","KFAS_K120",0.452087455628747,0.204383067536874,30.1129999999994
68,"binary","KFAS_K240",0.451949619890456,0.204258458919127,230.893
68,"binary","sdmTMB",0.433348615637838,0.18779102267523,1536.95
69,"binary","GLM",0.481108308475556,0.231465204484211,0.0169999999998254
69,"binary","GAM",0.468291115892381,0.219296569223731,70.8340000000007
69,"binary","cf_dglm",0.433052208489243,0.187534215277411,35.5670000000009
69,"binary","KFAS_K120",0.450184418988957,0.202666011100425,30.3610000000008
69,"binary","KFAS_K240",0.450151203463928,0.202636105980023,230.539000000001
69,"binary","sdmTMB",0.432124794306462,0.186731837854402,665.169
70,"binary","GLM",0.484407515449917,0.234650641024361,0.0139999999992142
70,"binary","GAM",0.474625074236772,0.225268961094262,89.9899999999998
70,"binary","cf_dglm",0.444630705250415,0.197696464051482,22.0720000000001
70,"binary","KFAS_K120",0.456850804633334,0.208712657694125,30.0609999999997
70,"binary","KFAS_K240",0.457046358007983,0.208891373368361,231.742
70,"binary","sdmTMB",0.445106289061808,0.198119608562374,1032.935
71,"binary","GLM",0.484404193203317,0.234647422392957,0.0180000000000291
71,"binary","GAM",0.467686615965404,0.218730770753171,53.2139999999999
71,"binary","cf_dglm",0.433015082858249,0.187502061982736,33.7939999999999
71,"binary","KFAS_K120",0.450841014362282,0.203257620231212,30.1299999999992
71,"binary","KFAS_K240",0.450820629222336,0.203239239732423,231.018
71,"binary","sdmTMB",0.433355267778459,0.18779678811134,580.017
72,"binary","GLM",0.480941738874991,0.2313049561921,0.0229999999992287
72,"binary","GAM",0.458965824358809,0.210649627929361,80.6239999999998
72,"binary","cf_dglm",0.430087514274172,0.184975269934536,38.1680000000015
72,"binary","KFAS_K120",0.448278813343157,0.200953894492349,30.4089999999997
72,"binary","KFAS_K240",0.448172818296867,0.200858875060156,232.987999999999
72,"binary","sdmTMB",0.430055970165253,0.184948137474777,805.367
73,"binary","GLM",0.487876573117728,0.238023550597098,0.0140000000010332
73,"binary","GAM",0.475618584701235,0.226213038113206,63.6270000000004
73,"binary","cf_dglm",0.445383293320497,0.198366277969012,25.1490000000013
73,"binary","KFAS_K120",0.459169074634159,0.21083623910039,30.1689999999999
73,"binary","KFAS_K240",0.459129452546178,0.210799854195353,234.259
73,"binary","sdmTMB",0.444589327495187,0.197659670122623,501.68
74,"binary","GLM",0.486464170920235,0.236647389589111,0.0169999999998254
74,"binary","GAM",0.479348663462075,0.229775141162878,55.7690000000002
74,"binary","cf_dglm",0.445749577161134,0.198692685539329,32.2309999999998
74,"binary","KFAS_K120",0.456189865332098,0.208109193231718,30.3189999999995
74,"binary","KFAS_K240",0.456132548151745,0.208056901483404,232.991
74,"binary","sdmTMB",0.444192216302371,0.197306725023612,826.187
75,"binary","GLM",0.487041691332978,0.237209609096488,0.0210000000006403
75,"binary","GAM",0.477151444321529,0.227673500818122,71.3829999999998
75,"binary","cf_dglm",0.440053071348746,0.193646705603464,27.9760000000006
75,"binary","KFAS_K120",0.456707324565741,0.208581580311997,30.098
75,"binary","KFAS_K240",0.456785301728103,0.208652811874834,232.322
75,"binary","sdmTMB",0.439877888108558,0.193492556446845,690.902
76,"binary","GLM",0.485695503213448,0.235900121841765,0.0150000000012369
76,"binary","GAM",0.472103063452713,0.222881302521437,71.5370000000003
76,"binary","cf_dglm",0.439798062573865,0.193422335843725,37.9789999999994
76,"binary","KFAS_K120",0.453466302171217,0.205631687204837,30.1350000000002
76,"binary","KFAS_K240",0.453594659195446,0.205748114850633,231.368999999999
76,"binary","sdmTMB",0.438966019851989,0.192691166584697,611.332
77,"binary","GLM",0.487814927393179,0.237963403387612,0.0190000000002328
77,"binary","GAM",0.474866517457221,0.22549820940195,83.6450000000004
77,"binary","cf_dglm",0.43958968964623,0.193239095243269,31.607
77,"binary","KFAS_K120",0.455317018436552,0.207313587277952,30.1579999999994
77,"binary","KFAS_K240",0.455303534576907,0.207301308598225,233.960999999999
77,"binary","sdmTMB",0.439314363834401,0.192997110271225,532.208000000001
78,"binary","GLM",0.480131911965191,0.23052665288735,0.0140000000010332
78,"binary","GAM",0.464222055009881,0.215502116357597,71.7799999999988
78,"binary","cf_dglm",0.437333594924745,0.191260673249801,36.1790000000001
78,"binary","KFAS_K120",0.451307890245524,0.203678811797866,30.3459999999995
78,"binary","KFAS_K240",0.451334198407751,0.203702558652367,235.56
78,"binary","sdmTMB",0.435681067443233,0.189817992528475,525.893999999998
79,"binary","GLM",0.490472524411181,0.240563297202277,0.0149999999994179
79,"binary","GAM",0.483104843491078,0.233390289804539,78.8299999999999
79,"binary","cf_dglm",0.442996673913929,0.196246053098804,19.5159999999996
79,"binary","KFAS_K120",0.456996864999569,0.208846134619434,30.6039999999994
79,"binary","KFAS_K240",0.456946018895706,0.208799664184634,236.156000000001
79,"binary","sdmTMB",0.443036554570177,0.196281388685414,788.911
80,"binary","GLM",0.481310099022954,0.231659411421486,0.0169999999998254
80,"binary","GAM",0.472736779777194,0.223480062954111,70.8939999999984
80,"binary","cf_dglm",0.433487106777425,0.187911071742263,19.5389999999989
80,"binary","KFAS_K120",0.450144871525967,0.202630405361129,30.5479999999989
80,"binary","KFAS_K240",0.450201988365412,0.202681830328171,232.097
80,"binary","sdmTMB",0.433442933954263,0.18787277699488,526.678
81,"binary","GLM",0.481953455554697,0.232279133321113,0.0149999999994179
81,"binary","GAM",0.470027705513187,0.220926043949991,95.9689999999991
81,"binary","cf_dglm",0.43882898636459,0.192570879273774,35.2619999999988
81,"binary","KFAS_K120",0.454537160880625,0.206604030621419,30.482
81,"binary","KFAS_K240",0.454491869710936,0.206562859633343,233.942999999999
81,"binary","sdmTMB",0.439551564688885,0.193205578020447,491.398000000001
82,"binary","GLM",0.488777712856024,0.238903652584766,0.0240000000012515
82,"binary","GAM",0.477230111202544,0.227748579038393,99.3070000000007
82,"binary","cf_dglm",0.443380207683031,0.196586008565048,54.9349999999995
82,"binary","KFAS_K120",0.45776438665903,0.209548233693318,31.5290000000005
82,"binary","KFAS_K240",0.45772497653248,0.209512154141659,238.278
82,"binary","sdmTMB",0.442983560197323,0.196234434605095,661.014000000001
83,"binary","GLM",0.488908169428145,0.23903119813358,0.0159999999996217
83,"binary","GAM",0.482697740374661,0.232997108562804,71.7950000000001
83,"binary","cf_dglm",0.437717142178204,0.191596296556654,58.6450000000004
83,"binary","KFAS_K120",0.453605503082909,0.205757952427099,30.7030000000013
83,"binary","KFAS_K240",0.453803939307579,0.205938015331077,239.841
83,"binary","sdmTMB",0.437380713371464,0.191301888429331,421.326000000001
84,"binary","GLM",0.485363305751934,0.235577538570445,0.0200000000004366
84,"binary","GAM",0.469714650162436,0.22063185257722,79.3790000000008
84,"binary","cf_dglm",0.439813237002613,0.193435683442716,26.2810000000009
84,"binary","KFAS_K120",0.452633713240732,0.204877278362093,30.4680000000008
84,"binary","KFAS_K240",0.452710746022385,0.204947019564144,241.876
84,"binary","sdmTMB",0.437665799265359,0.191551351846585,750.571
85,"binary","GLM",0.480432796405724,0.230815671862224,0.0180000000000291
85,"binary","GAM",0.470540698731594,0.221408549162817,92.0400000000009
85,"binary","cf_dglm",0.434517354798705,0.188805331621264,42.7849999999999
85,"binary","KFAS_K120",0.451251989577314,0.203628358097484,30.6029999999992
85,"binary","KFAS_K240",0.451037802200787,0.203435099014116,232.818000000001
85,"binary","sdmTMB",0.434421096324315,0.18872168893162,633.374
86,"binary","GLM",0.493630479395758,0.243671050188486,0.0270000000000437
86,"binary","GAM",0.483202388487561,0.233484548240084,73.1370000000006
86,"binary","cf_dglm",0.442961876070297,0.196215223651717,41.1980000000003
86,"binary","KFAS_K120",0.457883202354406,0.209657026998326,30.9760000000006
86,"binary","KFAS_K240",0.457832645452761,0.209610731242274,236.704
86,"binary","sdmTMB",0.442946134788931,0.196201278324454,644.585999999999
87,"binary","GLM",0.48696321474795,0.237133172517658,0.0149999999994179
87,"binary","GAM",0.47439946640292,0.225054853723375,78.6779999999999
87,"binary","cf_dglm",0.443560662362046,0.196746061195057,44.1319999999996
87,"binary","KFAS_K120",0.457475950112248,0.209284244931104,31.9319999999989
87,"binary","KFAS_K240",0.457516176233926,0.209321051515712,233.31
87,"binary","sdmTMB",0.443634046161182,0.196811166913342,493.209999999999
88,"binary","GLM",0.483014430240784,0.233302939820829,0.0230000000010477
88,"binary","GAM",0.473344695026563,0.22405520030979,86.0449999999983
88,"binary","cf_dglm",0.434325149942648,0.188638335872704,31.7559999999994
88,"binary","KFAS_K120",0.45006958076598,0.202562627530865,30.4879999999994
88,"binary","KFAS_K240",0.450183995307195,0.202665629630749,232.940999999999
88,"binary","sdmTMB",0.433413667636926,0.187847407294492,519.514999999999
89,"binary","GLM",0.486392675266664,0.236577834553062,0.0210000000006403
89,"binary","GAM",0.474907200417514,0.225536849008401,78.1859999999997
89,"binary","cf_dglm",0.436271167142882,0.190332531280212,15.619999999999
89,"binary","KFAS_K120",0.45353631158438,0.205695185925563,30.5839999999989
89,"binary","KFAS_K240",0.4534002047284,0.205571745647755,233.4
89,"binary","sdmTMB",0.436477952979475,0.190513003437153,415.34
90,"binary","GLM",0.480971997261405,0.231334062149625,0.0240000000012515
90,"binary","GAM",0.469807899741901,0.220719462659896,75.8999999999996
90,"binary","cf_dglm",0.43878894007993,0.192535733936468,57.3549999999996
90,"binary","KFAS_K120",0.454075290102008,0.206184369081222,30.4099999999999
90,"binary","KFAS_K240",0.454034264645264,0.206147113471966,231.984
90,"binary","sdmTMB",0.438539391713272,0.192316798084247,587.809000000001
91,"binary","GLM",0.485033056846812,0.235257066234162,0.0149999999994179
91,"binary","GAM",0.469253691872466,0.220199027335939,62.9279999999999
91,"binary","cf_dglm",0.441809666415308,0.195195781338005,38.5840000000007
91,"binary","KFAS_K120",0.455634624170902,0.207602910743359,31.8739999999998
91,"binary","KFAS_K240",0.455627043609641,0.207596002868461,240.537
91,"binary","sdmTMB",0.440980465684438,0.194463771115264,652.192000000001
92,"binary","GLM",0.486628000623925,0.236806810991239,0.0240000000012515
92,"binary","GAM",0.477799929857039,0.228292772971391,91.6170000000002
92,"binary","cf_dglm",0.442381954829786,0.195701793959023,50.0569999999989
92,"binary","KFAS_K120",0.455367435106502,0.207359500955475,30.5930000000008
92,"binary","KFAS_K240",0.455409480734404,0.207397795142779,233.061000000002
92,"binary","sdmTMB",0.44150462938657,0.194926337769772,515.994000000001
93,"binary","GLM",0.48672071929156,0.236897058587694,0.0190000000002328
93,"binary","GAM",0.476947351866672,0.227478776452631,67.773000000001
93,"binary","cf_dglm",0.43479500399226,0.18904669549663,48.4150000000009
93,"binary","KFAS_K120",0.452391892068301,0.204658424009137,29.7890000000007
93,"binary","KFAS_K240",0.452378475440499,0.20464628504187,231.982
93,"binary","sdmTMB",0.434643250308424,0.188914755038671,392.958999999999
94,"binary","GLM",0.482530221190325,0.232835414361984,0.0130000000008295
94,"binary","GAM",0.466643924406509,0.217756552185507,68.1820000000007
94,"binary","cf_dglm",0.438767621689608,0.192517025843155,30.7700000000004
94,"binary","KFAS_K120",0.453003717785415,0.205212368327408,30.3379999999997
94,"binary","KFAS_K240",0.452854822102473,0.205077489901463,234.463
94,"binary","sdmTMB",0.437387632767566,0.191307941298015,683.802000000001
95,"binary","GLM",0.486811977097013,0.236985901045103,0.0149999999994179
95,"binary","GAM",0.474567084894136,0.225213918064918,82.4749999999985
95,"binary","cf_dglm",0.441565025622388,0.1949796718529,43.4719999999998
95,"binary","KFAS_K120",0.456013947431245,0.207948720251826,30.1450000000004
95,"binary","KFAS_K240",0.455936617695519,0.20787819935563,233.08
95,"binary","sdmTMB",0.441063786730554,0.194537263965096,415.558000000001
96,"binary","GLM",0.483363987866676,0.233640744766376,0.0129999999990105
96,"binary","GAM",0.47021687555896,0.221103910060431,63.4220000000005
96,"binary","cf_dglm",0.435663682878272,0.18980284457906,34.3240000000005
96,"binary","KFAS_K120",0.452366198452322,0.204635177502205,30.1310000000012
96,"binary","KFAS_K240",0.452442989511103,0.204704658757744,232.585999999999
96,"binary","sdmTMB",0.435094057617977,0.189306838974476,616.982
97,"binary","GLM",0.488180564334214,0.238320263393672,0.0129999999990105
97,"binary","GAM",0.47596540103053,0.226543062978154,81.3549999999996
97,"binary","cf_dglm",0.440453833205353,0.193999579185289,21.9630000000016
97,"binary","KFAS_K120",0.455491803139116,0.207472782726923,29.7430000000004
97,"binary","KFAS_K240",0.455576099394642,0.207549582339636,234.023999999999
97,"binary","sdmTMB",0.440585737932799,0.194115792469789,686.035
98,"binary","GLM",0.476097314419311,0.226668652797281,0.0170000000016444
98,"binary","GAM",0.468688095814725,0.219668531158432,65.4850000000006
98,"binary","cf_dglm",0.432156964953793,0.186759642358074,38.9420000000009
98,"binary","KFAS_K120",0.449330577205585,0.201897967611904,30.4040000000005
98,"binary","KFAS_K240",0.44929117007159,0.201862555504298,231.518
98,"binary","sdmTMB",0.43160579066274,0.186283558533609,360.378000000001
99,"binary","GLM",0.48892266790401,0.239045375190375,0.0200000000004366
99,"binary","GAM",0.480356096980155,0.230741979906008,83.4039999999986
99,"binary","cf_dglm",0.440078179243326,0.193668803846121,33.878999999999
99,"binary","KFAS_K120",0.454548097430786,0.206613972877948,30.4749999999985
99,"binary","KFAS_K240",0.454561066596368,0.206625763265228,231.205
99,"binary","sdmTMB",0.438958394334276,0.192684471956526,398.302000000001
100,"binary","GLM",0.485644998565401,0.235851064631589,0.0149999999994179
100,"binary","GAM",0.474276015419717,0.224937738802404,72.460000000001
100,"binary","cf_dglm",0.438871794348003,0.192608451874236,36.8269999999993
100,"binary","KFAS_K120",0.45409955536146,0.206206406179475,30.1939999999995
100,"binary","KFAS_K240",0.454172668136307,0.206272812482052,234.116
100,"binary","sdmTMB",0.438376620339844,0.192174061260584,408.075999999999
