"seed","family","method","b1_hat","se1","b2_hat","se2"
1,"gaussian","GLM",1.93825737020667,0.0121673875325902,-1.46296368035538,0.0120575993180463
1,"gaussian","GAM",2.00884207384752,0.00852702563429157,-1.45668883603986,0.00841465824586929
1,"gaussian","cf_dglm",1.99409182541431,0.0248566970745619,-1.47859988623584,0.0300060676559766
1,"gaussian","sdmTMB",1.99480951302731,0.0158280830319995,-1.48976396336019,0.0157540595752223
2,"gaussian","GLM",2.03178695764503,0.0119997999514363,-1.52118243840686,0.0116289533516628
2,"gaussian","GAM",2.02975770899039,0.00883024467228872,-1.50959937115528,0.00877892286135095
2,"gaussian","cf_dglm",2.01792391936608,0.0192246855057068,-1.48507069469411,0.0238920808925
2,"gaussian","sdmTMB",2.00991352317505,0.0155427503446069,-1.48140493776824,0.0156617089536863
3,"gaussian","GLM",1.86237084482214,0.011235907458957,-1.55262237133645,0.0118992681015964
3,"gaussian","GAM",1.93831102515447,0.00860745297680779,-1.6098276805807,0.0090873415317964
3,"gaussian","cf_dglm",1.96056210023419,0.0301590565654177,-1.46089832128397,0.0315483992827363
3,"gaussian","sdmTMB",2.00085570011107,0.015979071910032,-1.48810826922046,0.0159760665691374
4,"gaussian","GLM",1.98599799420001,0.0109510417617601,-1.5297941930908,0.0118044899989065
4,"gaussian","GAM",2.05290415717934,0.00830786933197018,-1.54318934724759,0.0090126861091867
4,"gaussian","cf_dglm",2.00629274172022,0.0248463766389189,-1.5231397361106,0.0255043593763232
4,"gaussian","sdmTMB",2.0058189606709,0.0156907578814756,-1.50704727663796,0.0163241797324756
5,"gaussian","GLM",1.9152813742545,0.0121530518833925,-1.40756425651488,0.0124810028857958
5,"gaussian","GAM",1.96023725005478,0.00883846695590551,-1.45512053477107,0.00915775484035133
5,"gaussian","cf_dglm",1.98522492349387,0.0299163087705994,-1.5247605094182,0.0318196163361717
5,"gaussian","sdmTMB",1.98988562562968,0.0154121746963551,-1.49180839807477,0.0155708192068617
6,"gaussian","GLM",2.10106755599151,0.0132543330011178,-1.48845300298018,0.0128460695955895
6,"gaussian","GAM",2.09218230411159,0.00869561406494043,-1.56425637367306,0.00857169788889362
6,"gaussian","cf_dglm",2.03220856168989,0.0325847362983062,-1.5218515313688,0.0361389079960226
6,"gaussian","sdmTMB",2.02571155428251,0.0157102335708421,-1.51230845689623,0.015403895510579
7,"gaussian","GLM",1.97918781102478,0.0114409239341512,-1.52714501470852,0.0111905410443383
7,"gaussian","GAM",2.04505974875089,0.00879156990660989,-1.49214612814554,0.00845200631460409
7,"gaussian","cf_dglm",1.98026573740626,0.020906173748297,-1.5381290205909,0.0216211437330436
7,"gaussian","sdmTMB",1.99093651303913,0.0161491060453987,-1.52906909570761,0.015489641986844
8,"gaussian","GLM",2.02716533764943,0.0116149160448522,-1.46751325130657,0.0114627296120774
8,"gaussian","GAM",1.99140488152479,0.00940561866826791,-1.49073858548795,0.00928549962090354
8,"gaussian","cf_dglm",2.02403285753311,0.0273838433431721,-1.44737438041515,0.0283606854464393
8,"gaussian","sdmTMB",2.0227517545349,0.0162274548700308,-1.45836414520528,0.0156983860000745
9,"gaussian","GLM",1.95456812949135,0.011539101739917,-1.49629441933449,0.0121557679810064
9,"gaussian","GAM",1.98299467605993,0.00839242072168957,-1.50220889886932,0.00860412891094139
9,"gaussian","cf_dglm",1.93235870432594,0.0231910626732145,-1.47910542800589,0.0230261780826438
9,"gaussian","sdmTMB",1.95451053674903,0.0151543348817047,-1.48868231241573,0.0152465595757218
10,"gaussian","GLM",1.99597689515957,0.011610895502724,-1.51409923317556,0.0121020344157989
10,"gaussian","GAM",2.03061435962861,0.00893686273430455,-1.49701242434419,0.00911821184328649
10,"gaussian","cf_dglm",2.04995637056062,0.0288784259199977,-1.5200126219377,0.0224912044288772
10,"gaussian","sdmTMB",2.02566962952643,0.0157806522917004,-1.48673245098713,0.0157428862416018
11,"gaussian","GLM",2.05586907252991,0.0110030643461427,-1.51983130931142,0.0119678489797029
11,"gaussian","GAM",2.03542777616749,0.00824379620783632,-1.49705415023878,0.00890574296122726
11,"gaussian","cf_dglm",1.99462089924981,0.023879896786486,-1.47204217263619,0.0235404187281935
11,"gaussian","sdmTMB",2.01718275682762,0.01551820374599,-1.48211354669971,0.0154591236432922
12,"gaussian","GLM",2.00398482594715,0.0114382197092668,-1.41960581374136,0.0117779922326605
12,"gaussian","GAM",2.03591420979844,0.00868175389071014,-1.52178100671475,0.00937092264813062
12,"gaussian","cf_dglm",2.00150496340014,0.0237266233616829,-1.51932933695659,0.0319617739237768
12,"gaussian","sdmTMB",1.98908595095757,0.0155719661326506,-1.52988932816219,0.0155763165642505
13,"gaussian","GLM",2.01993632375348,0.0114170609223263,-1.50303281315649,0.011303708993078
13,"gaussian","GAM",1.98849498748008,0.00878034793803582,-1.55722764948534,0.00866183583817652
13,"gaussian","cf_dglm",1.99778434338251,0.025740752238435,-1.48822050438942,0.0296885186850343
13,"gaussian","sdmTMB",2.00084223910876,0.0154796985511923,-1.5082328967223,0.0154538422825785
14,"gaussian","GLM",2.05966381438274,0.0118491198011767,-1.40637127616935,0.0115867570454019
14,"gaussian","GAM",2.04844956682314,0.00871723555289193,-1.48080692543881,0.00828692214976127
14,"gaussian","cf_dglm",2.00510892972801,0.0241368572090639,-1.48221035662243,0.027874174034276
14,"gaussian","sdmTMB",1.99504540510215,0.0156958745718591,-1.49798661863795,0.0155039775473032
15,"gaussian","GLM",1.94815532156895,0.0112059124213644,-1.53855331490973,0.0124108339398649
15,"gaussian","GAM",1.97885932089164,0.00826764866756778,-1.52266993938101,0.0087621478880779
15,"gaussian","cf_dglm",1.98438691486303,0.0218677602029016,-1.49500594161822,0.0254301430826048
15,"gaussian","sdmTMB",1.98806052407246,0.0157483676421603,-1.49410952405146,0.0157718113312561
16,"gaussian","GLM",2.10458234954534,0.011606986212495,-1.5399139918592,0.0116021372178173
16,"gaussian","GAM",2.03056558648108,0.00831495232212171,-1.48521541602249,0.00842510726572279
16,"gaussian","cf_dglm",2.0322832409791,0.0229983588610807,-1.49880111465522,0.0276812285448538
16,"gaussian","sdmTMB",2.01919517522032,0.0156750661815451,-1.50547053559866,0.0158653512728303
17,"gaussian","GLM",2.06612967016968,0.0119772782184399,-1.58084128483919,0.0117890532060686
17,"gaussian","GAM",2.05943875768682,0.00908941372880069,-1.49430503442175,0.00927038292584159
17,"gaussian","cf_dglm",1.98408508467379,0.0254134379238852,-1.52145589056902,0.0281611137605989
17,"gaussian","sdmTMB",2.02705849506784,0.0157004567954903,-1.49711157449814,0.0153900867780033
18,"gaussian","GLM",1.96754487081454,0.012560994288514,-1.43625813335652,0.0115429154753963
18,"gaussian","GAM",1.95079645984368,0.00991829054372369,-1.50884442907989,0.00897883931483988
18,"gaussian","cf_dglm",2.01261864125534,0.0352519082230368,-1.48342684191081,0.0252967964166674
18,"gaussian","sdmTMB",1.97300335570665,0.0162456605199813,-1.50599202241563,0.0155222618201177
19,"gaussian","GLM",1.93115155099766,0.0112484252241344,-1.51361190429688,0.0101480227158441
19,"gaussian","GAM",1.93247784141707,0.00883067059897464,-1.47484640627561,0.00826926533793263
19,"gaussian","cf_dglm",1.96959136214578,0.0254581967384524,-1.51561393524187,0.0237930994335641
19,"gaussian","sdmTMB",1.97251338300349,0.016009931536363,-1.49291659387084,0.0156359325290057
20,"gaussian","GLM",2.00223613482979,0.0116492430377866,-1.43387578234918,0.0118740975764019
20,"gaussian","GAM",2.05082370404753,0.00917367721563315,-1.46036469939546,0.00908254966337011
20,"gaussian","cf_dglm",1.94986638398378,0.024675535293363,-1.46223725979142,0.0301825311847304
20,"gaussian","sdmTMB",1.9755088913836,0.0156250918222379,-1.50128131891369,0.0154687351853908
21,"gaussian","GLM",2.03013738039922,0.0122708521692034,-1.54195624448456,0.011324722044532
21,"gaussian","GAM",1.94670354990579,0.00902235901186185,-1.45653726318844,0.00851270530451261
21,"gaussian","cf_dglm",1.99081167531383,0.0278663168366147,-1.52613109430721,0.020904183674403
21,"gaussian","sdmTMB",1.99105029190996,0.0160874695173323,-1.50684759659717,0.0157085978012065
22,"gaussian","GLM",1.973312658887,0.0121692281982041,-1.50551979857348,0.0121507320616476
22,"gaussian","GAM",2.00300419980375,0.00905814279733413,-1.47549590679964,0.00873305721067286
22,"gaussian","cf_dglm",1.94642534294061,0.0343136043540754,-1.50695532663075,0.0251016061382528
22,"gaussian","sdmTMB",1.98346549871413,0.0157366272044866,-1.50491615659007,0.0161055355124019
23,"gaussian","GLM",2.05583504382913,0.0111331024765858,-1.47461127867198,0.0118086777331261
23,"gaussian","GAM",2.02808341509445,0.00821479612942462,-1.53052383768715,0.00882853024444587
23,"gaussian","cf_dglm",2.03801401413553,0.0251282123958275,-1.49684935977205,0.0197862440135637
23,"gaussian","sdmTMB",2.00731159195986,0.0151321031907339,-1.52797021998698,0.0158560152935012
24,"gaussian","GLM",2.05460198551181,0.0118412178703184,-1.55176409020257,0.0115182857167207
24,"gaussian","GAM",2.01567276745866,0.0089317896159188,-1.60702055289493,0.00844251453137032
24,"gaussian","cf_dglm",1.98786036583262,0.0242339276187441,-1.55119835685294,0.0228640066935599
24,"gaussian","sdmTMB",2.0331008832507,0.0153161139419235,-1.53726915142599,0.0155365983410194
25,"gaussian","GLM",1.92644777902897,0.0112745289787686,-1.42257927273703,0.0110999761284567
25,"gaussian","GAM",2.01534401510292,0.00803694032661705,-1.4870980853196,0.00806947185072375
25,"gaussian","cf_dglm",1.97487957903365,0.0256352988530288,-1.46630105280126,0.0204732515563265
25,"gaussian","sdmTMB",1.99429715565648,0.0154414024603947,-1.4868163778888,0.0154179382392292
26,"gaussian","GLM",2.06234058800453,0.0118170894550411,-1.53966284497355,0.0120196059927652
26,"gaussian","GAM",2.01127758498996,0.00901704910459101,-1.49595647173623,0.00916860643638484
26,"gaussian","cf_dglm",2.04209810869199,0.023674878901601,-1.4817376507678,0.0320602155165053
26,"gaussian","sdmTMB",2.01173392184849,0.0157095723539826,-1.49405980280213,0.0156490165836185
27,"gaussian","GLM",1.9875300117876,0.0111617102475322,-1.50122203319368,0.0111021507357995
27,"gaussian","GAM",1.9352831718041,0.00856594698290966,-1.4490456190451,0.00840304892570995
27,"gaussian","cf_dglm",1.98702836587032,0.0345380249803022,-1.47019288802979,0.0227989893572681
27,"gaussian","sdmTMB",1.99081744539392,0.0158352406855205,-1.47253467521423,0.01541444890249
28,"gaussian","GLM",2.09624385750591,0.0114173258517891,-1.35110366031854,0.0117661380576497
28,"gaussian","GAM",2.079256061281,0.00842110567076339,-1.40729987612574,0.00893919269594247
28,"gaussian","cf_dglm",1.95056690813986,0.0303462885184243,-1.48554391820781,0.0343919338632339
28,"gaussian","sdmTMB",1.98895548013178,0.0152971968218929,-1.47986005412225,0.0157939672595521
29,"gaussian","GLM",1.9236033162277,0.0123613504751073,-1.57789526852236,0.011835148365939
29,"gaussian","GAM",1.97116745844407,0.00866679034174216,-1.49532221210563,0.00830023821431907
29,"gaussian","cf_dglm",1.93945260891851,0.026535565438247,-1.47993852361208,0.031924136449207
29,"gaussian","sdmTMB",1.96812610837065,0.0154398454994669,-1.48247562425978,0.0153891676045276
30,"gaussian","GLM",2.16518220009124,0.0120730354088976,-1.51608345853289,0.011894506041298
30,"gaussian","GAM",2.10378971290874,0.0088880265911047,-1.47996807566904,0.00878137916413319
30,"gaussian","cf_dglm",2.06563332557591,0.02598115594748,-1.48734312506432,0.0320233412642374
30,"gaussian","sdmTMB",2.01990385901168,0.0156791343384808,-1.4854171968558,0.0159112777599191
31,"gaussian","GLM",2.03335001241346,0.0123303212134989,-1.48371138381729,0.0124197345214355
31,"gaussian","GAM",2.00082589057592,0.00878255207973421,-1.48524370825675,0.00899340086611685
31,"gaussian","cf_dglm",2.01557720163693,0.0269850544111634,-1.46917747497723,0.0312773149514811
31,"gaussian","sdmTMB",2.01408860269194,0.0153983112478145,-1.47543105782793,0.015583083128522
32,"gaussian","GLM",1.8460659409235,0.0111729112631107,-1.36831656359098,0.0112869030031285
32,"gaussian","GAM",1.90244138197091,0.00867017848774733,-1.43230737124773,0.00865044260492336
32,"gaussian","cf_dglm",1.96736993524148,0.0293290054431028,-1.47786622152934,0.0293081213140785
32,"gaussian","sdmTMB",1.97485309577617,0.0158139643934276,-1.47266574464581,0.0157283855948785
33,"gaussian","GLM",1.98471871402834,0.0110253046709257,-1.46813487742102,0.0111875877103008
33,"gaussian","GAM",1.97985763306097,0.00840899564594471,-1.4665182284996,0.00844891945258199
33,"gaussian","cf_dglm",2.04139586823377,0.0209366030842045,-1.46953767209463,0.023317496525033
33,"gaussian","sdmTMB",2.01171425933089,0.0155367131807914,-1.47394703546661,0.0157614558371916
34,"gaussian","GLM",1.96860675742921,0.0115301935201197,-1.5197588418478,0.0116764824716185
34,"gaussian","GAM",2.02904014394902,0.00939385419012063,-1.48857773680201,0.0093492352108229
34,"gaussian","cf_dglm",1.96391875260078,0.0210580375810072,-1.48206114399447,0.0225346126864672
34,"gaussian","sdmTMB",1.96308395797411,0.015778650227788,-1.47996985195689,0.0156091086417181
35,"gaussian","GLM",2.06647041848678,0.0114517513330805,-1.61112287214849,0.011752690909653
35,"gaussian","GAM",2.05240405410523,0.0084986413730661,-1.56430378070882,0.00852374864090576
35,"gaussian","cf_dglm",1.99761833472075,0.0269169192919931,-1.51202004235089,0.0247083324778534
35,"gaussian","sdmTMB",2.00270914688045,0.0160151385445181,-1.49496472509012,0.0156431804115492
36,"gaussian","GLM",1.94187344945874,0.0115396867862732,-1.46992672239304,0.0118830274519556
36,"gaussian","GAM",1.99197931177535,0.00836612969370471,-1.49645119227279,0.00852913563621948
36,"gaussian","cf_dglm",1.97277634607702,0.0279029387429523,-1.51754345419136,0.0286825227123371
36,"gaussian","sdmTMB",1.99283457069885,0.0158788603246075,-1.520117112617,0.0160722990261551
37,"gaussian","GLM",1.9787324863609,0.0129329779651347,-1.5022732964899,0.0134638836310652
37,"gaussian","GAM",2.04366390751012,0.00868054556706914,-1.54705947675056,0.00902817647397766
37,"gaussian","cf_dglm",2.06402169349028,0.040385967828684,-1.51508391043389,0.0258675571306069
37,"gaussian","sdmTMB",2.02551077386427,0.0157141227033944,-1.50255944735909,0.0157694431149277
38,"gaussian","GLM",1.98073671872962,0.0120755946077667,-1.51299271242869,0.0112896849257312
38,"gaussian","GAM",1.97566538212246,0.00888241344436701,-1.49109202896984,0.00851128782444155
38,"gaussian","cf_dglm",1.97089373263273,0.024613582770796,-1.54914994716845,0.0236577903095524
38,"gaussian","sdmTMB",1.98082298019907,0.0160036980341071,-1.5254267108647,0.0162987509670852
39,"gaussian","GLM",1.94271153130413,0.0112636235648134,-1.48378656526049,0.0118952808413347
39,"gaussian","GAM",1.92257528231956,0.00877168506989053,-1.45308914061846,0.00955739630796061
39,"gaussian","cf_dglm",1.97166396944066,0.0317998169820788,-1.493934996809,0.0207462412509978
39,"gaussian","sdmTMB",1.97469465685177,0.0159565392272053,-1.49308129151065,0.0163026464948093
40,"gaussian","GLM",2.11418195780483,0.0117642071675881,-1.50101826981363,0.0119743008556361
40,"gaussian","GAM",2.01243386404067,0.00886601887746749,-1.55879737736948,0.0086067854416783
40,"gaussian","cf_dglm",2.03797344835336,0.0352163212860814,-1.5189709826365,0.0218166488702212
40,"gaussian","sdmTMB",2.02287209234025,0.0155105949313061,-1.51485174408644,0.0156584826565557
41,"gaussian","GLM",1.96535377901447,0.0119621322938289,-1.43805276918197,0.0113687405993804
41,"gaussian","GAM",1.98612051083924,0.00863350004883825,-1.45777688638553,0.00820086662716738
41,"gaussian","cf_dglm",1.99190993421601,0.03128750495374,-1.47043432726116,0.0299159730257085
41,"gaussian","sdmTMB",2.01726671343934,0.0155551900562622,-1.49090639815179,0.0155287669913643
42,"gaussian","GLM",1.92938997510552,0.0117652976176969,-1.48920175356681,0.0116787937583962
42,"gaussian","GAM",1.97262678569939,0.0093589067094692,-1.47300814429757,0.00918725252863068
42,"gaussian","cf_dglm",2.01738455360843,0.0273341644443291,-1.52800822058822,0.0282509400822727
42,"gaussian","sdmTMB",1.99720721064377,0.0158281785711847,-1.47875113941588,0.0155918851301147
43,"gaussian","GLM",2.01022270607815,0.012376423262941,-1.49232744502224,0.0126791460001223
43,"gaussian","GAM",1.99082380406651,0.00862021033981028,-1.40465459455284,0.00878744766718894
43,"gaussian","cf_dglm",1.96772272234577,0.024927759487516,-1.4675438862937,0.0219561793099588
43,"gaussian","sdmTMB",1.99614640066872,0.0158959053691376,-1.46800771121181,0.0159770758259774
44,"gaussian","GLM",2.00562902130786,0.0114809658787417,-1.51624730247595,0.0114096178186838
44,"gaussian","GAM",1.9919133025144,0.00835645175414865,-1.44530067712547,0.00837648752054732
44,"gaussian","cf_dglm",2.01706477853772,0.0236377125005362,-1.48294108235587,0.0268863626782638
44,"gaussian","sdmTMB",1.97769113541373,0.0155187481539901,-1.47307813361642,0.0156820394181734
45,"gaussian","GLM",2.00764453706742,0.0121615049907451,-1.54243858736318,0.0119752583684151
45,"gaussian","GAM",2.02890648486381,0.00841571159279998,-1.55727808227042,0.00831463694556802
45,"gaussian","cf_dglm",1.99301127755812,0.0215261098756061,-1.53682275642335,0.0235584990497448
45,"gaussian","sdmTMB",1.99937460303598,0.0154412922015791,-1.51209565059019,0.0156077310158781
46,"gaussian","GLM",1.89726595917416,0.0119284103113399,-1.51752874012073,0.0110565197986438
46,"gaussian","GAM",1.96162579230023,0.00891875433134346,-1.56392181353947,0.00840745496755747
46,"gaussian","cf_dglm",1.98694395876632,0.0233597934947638,-1.50483073605233,0.026058429730061
46,"gaussian","sdmTMB",1.99721258164053,0.0156326609804567,-1.49747317410776,0.0156037601405721
47,"gaussian","GLM",1.95622976714587,0.0122956400262411,-1.51950941353539,0.0122023344983894
47,"gaussian","GAM",1.96448672364466,0.00885494285952739,-1.48892419370022,0.00875411507169997
47,"gaussian","cf_dglm",2.01206528464934,0.030393004112268,-1.54152919593047,0.0216286361328723
47,"gaussian","sdmTMB",2.00264343244506,0.0158621889392789,-1.54415626439865,0.0155792144609917
48,"gaussian","GLM",1.97937716423087,0.0115267349528611,-1.44830106692347,0.0118625878922389
48,"gaussian","GAM",2.01412734474551,0.00822985223266189,-1.47781613476783,0.00836822315977077
48,"gaussian","cf_dglm",1.99784681160333,0.0206852762304002,-1.49962481194196,0.031279394173674
48,"gaussian","sdmTMB",2.00917643799159,0.0157937451274214,-1.49124769540384,0.0155867871843282
49,"gaussian","GLM",1.91039516539851,0.0124939979487018,-1.54482978580633,0.0127929954037046
49,"gaussian","GAM",2.03938146160265,0.00913974073546627,-1.49505765917614,0.00932899129501186
49,"gaussian","cf_dglm",2.00406446957939,0.0254926869328133,-1.51289258996016,0.0251667547599846
49,"gaussian","sdmTMB",2.00721945278913,0.0155516462297234,-1.48997822680853,0.0157780101763094
50,"gaussian","GLM",2.05224398281459,0.012561350398437,-1.52315939850724,0.0121487659877878
50,"gaussian","GAM",2.07087326718263,0.00877795167675155,-1.55358588260289,0.00839032185404948
50,"gaussian","cf_dglm",2.02747878412807,0.0276407096128211,-1.48019935268786,0.0218375633920536
50,"gaussian","sdmTMB",2.0437281967988,0.0158326109263566,-1.50993860675502,0.0155359101844531
51,"gaussian","GLM",1.97965759532825,0.0104603243851343,-1.55126717183545,0.0110331052509625
51,"gaussian","GAM",2.01317657254746,0.00801446478474767,-1.51901718934355,0.00861959383425657
51,"gaussian","cf_dglm",2.0361911280494,0.0191434770515963,-1.54341678342351,0.0218031233359409
51,"gaussian","sdmTMB",2.00996250976134,0.0156915906160252,-1.51081250853032,0.016047186219962
52,"gaussian","GLM",1.95454595520733,0.0116457828176026,-1.4589143364159,0.011290016629084
52,"gaussian","GAM",1.92303835920657,0.00810227460729346,-1.53296103658486,0.00799887508968248
52,"gaussian","cf_dglm",1.9898681149669,0.0227218540719494,-1.49143830402066,0.0186968821420427
52,"gaussian","sdmTMB",1.99386431617623,0.0156969113869021,-1.49284989268404,0.0156283550952959
53,"gaussian","GLM",1.98138048890643,0.0113099274014465,-1.46403212691297,0.0111893225526315
53,"gaussian","GAM",2.02643618209356,0.00874268599862854,-1.45758453380167,0.00850712791173883
53,"gaussian","cf_dglm",2.00746237973779,0.0263682268247409,-1.48487175199337,0.0227057410687699
53,"gaussian","sdmTMB",2.00280598700052,0.0162397634424372,-1.48721211085532,0.0161174342551648
54,"gaussian","GLM",1.96662322825986,0.0108845449827089,-1.46195459934014,0.0110360749368906
54,"gaussian","GAM",1.96407736552581,0.00892193497691583,-1.48696298277277,0.008716904390878
54,"gaussian","cf_dglm",2.00037875105135,0.0202613891583854,-1.49636634292231,0.0263679438525079
54,"gaussian","sdmTMB",1.99434275478776,0.0161981077462323,-1.50155769821899,0.0153071831717331
55,"gaussian","GLM",2.02777408798752,0.0128400999070419,-1.53048946402725,0.0132030810228402
55,"gaussian","GAM",1.89856956376425,0.0091891196790947,-1.43228965249188,0.00938747580104568
55,"gaussian","cf_dglm",1.99055562920616,0.0295481855009451,-1.50785192107874,0.0229305811422953
55,"gaussian","sdmTMB",1.97098178761934,0.0162077392106457,-1.52196017467234,0.0159217478424716
56,"gaussian","GLM",1.87356930148142,0.0107286539478046,-1.52362998861126,0.01094643095118
56,"gaussian","GAM",1.91536510314227,0.0084104528699501,-1.5720055793636,0.00883607406541848
56,"gaussian","cf_dglm",1.98952284770121,0.0277110599877858,-1.49528770999714,0.0220925274638294
56,"gaussian","sdmTMB",1.97776129840606,0.0158978463923462,-1.51653938581641,0.0158310137804076
57,"gaussian","GLM",1.9957685017084,0.0122815121589511,-1.4450521301737,0.0132286788130283
57,"gaussian","GAM",1.97584574704389,0.00898005328571188,-1.46694318706483,0.00991533224436237
57,"gaussian","cf_dglm",1.99311698963225,0.0216156857320316,-1.47500240865225,0.0273864257594623
57,"gaussian","sdmTMB",2.0139852591748,0.0159830472677001,-1.50147920855302,0.0158995861599823
58,"gaussian","GLM",1.9508282456871,0.0116784270610497,-1.47690199948774,0.0113960951249728
58,"gaussian","GAM",1.93940556776729,0.00842877487769108,-1.50814438646711,0.00825189583209043
58,"gaussian","cf_dglm",2.02263593363633,0.0366787680386762,-1.56511827616566,0.0220673048229796
58,"gaussian","sdmTMB",2.01484074373012,0.0156515502519314,-1.51776774327012,0.0159174621098779
59,"gaussian","GLM",2.02474579783494,0.0111788010191079,-1.50351645006983,0.0115866383492504
59,"gaussian","GAM",2.04365292296287,0.00847148203551059,-1.52501656512527,0.00912151781885954
59,"gaussian","cf_dglm",2.02059638315841,0.0220495634030861,-1.49793746443649,0.0263545974472546
59,"gaussian","sdmTMB",2.00999794757066,0.0159155694303839,-1.51154209021996,0.016195657722773
60,"gaussian","GLM",2.02167819326848,0.0117558707919274,-1.46104679524694,0.0121943182830288
60,"gaussian","GAM",2.02170751325265,0.00876388138143071,-1.4864520256839,0.00883932411515028
60,"gaussian","cf_dglm",2.01172268462652,0.027420679319686,-1.46747133028595,0.0224611768997285
60,"gaussian","sdmTMB",1.99893393752677,0.0154269054410808,-1.5003870539835,0.0159959888729971
61,"gaussian","GLM",1.88867607966704,0.0120807818255087,-1.52920005881905,0.0121476966538926
61,"gaussian","GAM",2.01722240716573,0.00870289517854103,-1.55103965656043,0.0087740503766842
61,"gaussian","cf_dglm",1.96410826821785,0.0264639353875249,-1.47873448153351,0.0262677230545143
61,"gaussian","sdmTMB",2.00436277138891,0.0157966578809144,-1.50256282975596,0.0156846555597148
62,"gaussian","GLM",2.15652129456308,0.0128157523632043,-1.47369655634426,0.0122296350705402
62,"gaussian","GAM",2.01464164605188,0.00933822231537857,-1.50307539856253,0.00865101796704884
62,"gaussian","cf_dglm",2.03435662497932,0.0301534530098565,-1.4973027083128,0.0241406840055619
62,"gaussian","sdmTMB",2.01114443885898,0.0161407282935749,-1.50373116901006,0.0159413451509295
63,"gaussian","GLM",1.90613399275169,0.0121089845168615,-1.36214507987552,0.0122096161398053
63,"gaussian","GAM",2.01810277766745,0.00848205109493605,-1.485108400922,0.00882920518575963
63,"gaussian","cf_dglm",1.98843192548957,0.0302826962537086,-1.46419335183219,0.037723130193482
63,"gaussian","sdmTMB",1.98683136455703,0.0153117362313785,-1.49294632585948,0.0157525681764088
64,"gaussian","GLM",1.95161846539452,0.0126276665293828,-1.54597937899,0.0127270353294751
64,"gaussian","GAM",1.98326922574483,0.00874042400198628,-1.54564678856783,0.00909817921838622
64,"gaussian","cf_dglm",2.00526911154655,0.0275681980800613,-1.50581766642387,0.0252137486923198
64,"gaussian","sdmTMB",2.01981612575388,0.0156824170428084,-1.51021273822443,0.015862379127601
65,"gaussian","GLM",2.04356193902757,0.0118410658925894,-1.56439177714333,0.0113128238081021
65,"gaussian","GAM",2.06102089030598,0.00914038179692543,-1.57960237281312,0.00854802706912118
65,"gaussian","cf_dglm",1.96659486028047,0.0260007240085029,-1.53367681613475,0.0214987181862852
65,"gaussian","sdmTMB",1.99416996223014,0.0158187856064002,-1.50225759699931,0.0154366974812953
66,"gaussian","GLM",1.97913725613492,0.0110688092839056,-1.48107341634975,0.0114389124939214
66,"gaussian","GAM",1.99501338217055,0.00838346152110233,-1.52346938416209,0.00869950619720876
66,"gaussian","cf_dglm",1.97130212878502,0.0310519422164785,-1.52245476482234,0.0208775400383754
66,"gaussian","sdmTMB",1.98772428321715,0.0153278390141606,-1.49425412302689,0.0156894486762947
67,"gaussian","GLM",1.95212633559356,0.0105830958584613,-1.53551212480924,0.0109155031866941
67,"gaussian","GAM",1.9667408097931,0.00865041005429475,-1.49844616120769,0.00892093753078609
67,"gaussian","cf_dglm",1.93527830877691,0.0253029761368865,-1.49802736471169,0.0244529570976516
67,"gaussian","sdmTMB",1.97759033446781,0.015561353716633,-1.48084716209241,0.0155649528132016
68,"gaussian","GLM",1.92959897886204,0.0118529412335008,-1.6137866993698,0.0128959210676195
68,"gaussian","GAM",1.97676277893188,0.00859012912012475,-1.57797466017755,0.00949536888836154
68,"gaussian","cf_dglm",2.01420241354646,0.0326906177823359,-1.4661009440247,0.0449500597752993
68,"gaussian","sdmTMB",2.00247701874719,0.0155573942671959,-1.50034667942043,0.0158814338213567
69,"gaussian","GLM",1.97371399958329,0.0128273344664582,-1.46038820318954,0.0129826766984454
69,"gaussian","GAM",1.99634199553664,0.00941247843153587,-1.44940467695075,0.00969920232989592
69,"gaussian","cf_dglm",1.97679808644994,0.0376977271441894,-1.50757225306932,0.0237329206700914
69,"gaussian","sdmTMB",1.96670604433903,0.016207082888374,-1.51378630384269,0.0162432198633814
70,"gaussian","GLM",1.99559216646139,0.0109089195798667,-1.55680357730995,0.0110641299200145
70,"gaussian","GAM",2.01520243290697,0.00877775575271164,-1.49731243823412,0.00883186192486092
70,"gaussian","cf_dglm",1.9700068577106,0.0300791347560954,-1.56027472842239,0.0182352833333279
70,"gaussian","sdmTMB",2.00990271118181,0.0161289974390124,-1.53112901540158,0.0160526932452546
71,"gaussian","GLM",1.90772418411866,0.0114647857038455,-1.4717625618077,0.0115983757062625
71,"gaussian","GAM",1.93111268039326,0.00793472601169013,-1.5152506622283,0.0079030751879288
71,"gaussian","cf_dglm",1.98878520175197,0.0302290703247305,-1.50701041254398,0.0260732391836174
71,"gaussian","sdmTMB",1.99970248439944,0.0153853209362446,-1.50087096861748,0.0152640850410002
72,"gaussian","GLM",1.94232974154543,0.0120424661869494,-1.39595036648675,0.0124046995744168
72,"gaussian","GAM",1.93457347766953,0.00883586538185256,-1.42728281974742,0.00932926032728315
72,"gaussian","cf_dglm",1.96941237517349,0.0244367046457341,-1.47081514166625,0.0284274904848792
72,"gaussian","sdmTMB",1.972976684347,0.0157797580026978,-1.48710538480894,0.0159345603312067
73,"gaussian","GLM",1.95349732136827,0.0118714837340782,-1.50041530472856,0.0118485735133263
73,"gaussian","GAM",2.00873233465687,0.00884193662695229,-1.46283742893689,0.00868276519067947
73,"gaussian","cf_dglm",1.96682427382492,0.0211660235752347,-1.47370977379135,0.0240546623935097
73,"gaussian","sdmTMB",1.99064585099067,0.0158240131093664,-1.49223033681206,0.0158027157556047
74,"gaussian","GLM",2.00316272730079,0.0110451203854061,-1.45809604248322,0.0108945998576424
74,"gaussian","GAM",2.04660734510122,0.0090188384824716,-1.41686003011856,0.00869817980107513
74,"gaussian","cf_dglm",2.00942104756719,0.028853547493436,-1.43153999917162,0.0244474833414287
74,"gaussian","sdmTMB",2.00970942440554,0.0159023052767766,-1.4786429717181,0.0159820205449347
75,"gaussian","GLM",2.04051289835878,0.0119488105449661,-1.57348108013121,0.0114789376478669
75,"gaussian","GAM",2.00988216349933,0.00889147299067008,-1.48066716602697,0.00851158855538163
75,"gaussian","cf_dglm",1.99061302612419,0.0280159930362703,-1.53835800548863,0.0235982657417915
75,"gaussian","sdmTMB",1.99343072406318,0.0163995007505081,-1.52591306069945,0.0157945131172023
76,"gaussian","GLM",2.00705443405336,0.0119817395577719,-1.51398947950592,0.0121788159634442
76,"gaussian","GAM",2.00563420147872,0.00858887248662469,-1.51273056315186,0.00854871272243078
76,"gaussian","cf_dglm",2.01117103141046,0.0280136497078885,-1.50447972913414,0.0207302833081089
76,"gaussian","sdmTMB",2.00494377389764,0.0156414680557694,-1.53032818053871,0.015415148528654
77,"gaussian","GLM",1.99868340590382,0.0118573740183588,-1.42847593306115,0.0126255958500045
77,"gaussian","GAM",1.98224352712905,0.00854437787557117,-1.53433238206043,0.00929881926538231
77,"gaussian","cf_dglm",2.01667758356312,0.0238881331687646,-1.49287778888727,0.0293432465896918
77,"gaussian","sdmTMB",2.01981877707972,0.015618880432212,-1.51296189063107,0.0157315318939371
78,"gaussian","GLM",1.95429946510475,0.011680188097276,-1.5175737484324,0.0111851105003424
78,"gaussian","GAM",2.03239887436183,0.00878253252535115,-1.54612260211004,0.00805315740308975
78,"gaussian","cf_dglm",1.97869751421643,0.0300751063069122,-1.46561050061714,0.0250612790610103
78,"gaussian","sdmTMB",2.00113266737708,0.0158700024508201,-1.47883332972997,0.0151177811024289
79,"gaussian","GLM",2.07271802865264,0.0103813224034394,-1.48074592867495,0.0108040005479358
79,"gaussian","GAM",2.05269006796594,0.00822636217671781,-1.49298309502295,0.00841550404798647
79,"gaussian","cf_dglm",2.03263788704261,0.0243793651774825,-1.45959297608292,0.0199754671959782
79,"gaussian","sdmTMB",2.00498989679362,0.0157344303327166,-1.48764401269371,0.0157101809757656
80,"gaussian","GLM",1.99317291996338,0.0111219587654029,-1.58715576518788,0.0117314303500311
80,"gaussian","GAM",2.0175024382901,0.00862493932245193,-1.53769479696414,0.00886752822414522
80,"gaussian","cf_dglm",2.02095702742025,0.025197365194328,-1.50918394135373,0.0267644716664411
80,"gaussian","sdmTMB",2.00417976621994,0.0153639738280895,-1.49702306221216,0.0157989738051469
81,"gaussian","GLM",1.91077868013476,0.0111273328693831,-1.45353437749436,0.0104210357176488
81,"gaussian","GAM",1.89966253919058,0.00845394625735812,-1.47060310227564,0.008236091606392
81,"gaussian","cf_dglm",1.97693943908095,0.0261382909857237,-1.49392117749372,0.0251621397888174
81,"gaussian","sdmTMB",1.97794594852874,0.0153104628763347,-1.50646452934018,0.015570105618791
82,"gaussian","GLM",2.16250306497181,0.0112163302920008,-1.53890764181753,0.0115147729868962
82,"gaussian","GAM",2.05529323401707,0.00831169253017548,-1.51400978788016,0.00874991826840781
82,"gaussian","cf_dglm",2.04177383415419,0.0295615300086905,-1.53247041127534,0.0305044260886781
82,"gaussian","sdmTMB",2.0219656108684,0.0157129580219687,-1.49467284327057,0.015840348687702
83,"gaussian","GLM",1.96890718824557,0.0109373083244471,-1.46178418165394,0.0109701070667587
83,"gaussian","GAM",1.98022166086021,0.00905402300701459,-1.46256287602018,0.00906453431200251
83,"gaussian","cf_dglm",2.01809442955956,0.0218825608188196,-1.48894802323962,0.0197784796980897
83,"gaussian","sdmTMB",2.02828209667676,0.0156754624460039,-1.48074970433662,0.0155647611964157
84,"gaussian","GLM",2.030513220332,0.0119439115324446,-1.52151031387811,0.0113120207322159
84,"gaussian","GAM",1.997841240046,0.00851993295295407,-1.52227925203038,0.00793795527726852
84,"gaussian","cf_dglm",2.00281400366136,0.0224841524282421,-1.49194264541672,0.0213100523217142
84,"gaussian","sdmTMB",2.00479419387548,0.0162324482125415,-1.48336436217801,0.0156852109718924
85,"gaussian","GLM",1.97413901990236,0.0117017550154775,-1.55917828564262,0.0120715074926498
85,"gaussian","GAM",1.94254209511102,0.0085676315897198,-1.56234537290047,0.00888905978732344
85,"gaussian","cf_dglm",1.98382048501079,0.0241106955086734,-1.52641383359977,0.0253548202760647
85,"gaussian","sdmTMB",1.99806977312262,0.0150940661088127,-1.54489893295434,0.0151076209570651
86,"gaussian","GLM",1.95741797693362,0.0113775374524208,-1.47884459763054,0.0104196476983871
86,"gaussian","GAM",2.02712596070253,0.00883302341217781,-1.48246775313947,0.00805037139832091
86,"gaussian","cf_dglm",1.95301671626937,0.0229976489584351,-1.50531742153586,0.0162343312522681
86,"gaussian","sdmTMB",1.98201323371577,0.0162929932103252,-1.47727660079926,0.0156628244497862
87,"gaussian","GLM",1.88840495824315,0.0118585763178222,-1.4726522920463,0.0119674590757433
87,"gaussian","GAM",1.93856375998607,0.00851907633624365,-1.52755810691188,0.00851142088491645
87,"gaussian","cf_dglm",1.99418777578721,0.028501670314536,-1.51131460859104,0.0310145848464865
87,"gaussian","sdmTMB",2.00444792776555,0.0160652056781401,-1.50507676301344,0.0156831917472175
88,"gaussian","GLM",1.98851068376692,0.0108322677778646,-1.47734035217627,0.0111891772445802
88,"gaussian","GAM",2.0149333189057,0.00884630163558362,-1.47014127499667,0.00898151074647086
88,"gaussian","cf_dglm",1.97501625521715,0.0258608472891123,-1.48113773147311,0.0297180699534908
88,"gaussian","sdmTMB",1.98486301172065,0.0157356891874372,-1.46981492778843,0.0157455628450286
89,"gaussian","GLM",1.93708328294726,0.0113319258576291,-1.48463407065391,0.0107791091446107
89,"gaussian","GAM",1.97516337420157,0.00854900743978077,-1.5606927134096,0.00804719185085165
89,"gaussian","cf_dglm",1.95373232113731,0.022760621819895,-1.50865004136332,0.0282576986685675
89,"gaussian","sdmTMB",2.00105234256038,0.015167607174341,-1.51313638351027,0.0155235901129597
90,"gaussian","GLM",2.03998878854138,0.0122759515074465,-1.49493330679064,0.012356868343492
90,"gaussian","GAM",2.03350760016943,0.00896452609326198,-1.44877348274969,0.00911748291694375
90,"gaussian","cf_dglm",2.03440470534835,0.0264577915048854,-1.57032105924803,0.0332161466938846
90,"gaussian","sdmTMB",2.04254332555231,0.0156341884348432,-1.51160474042665,0.0160335863731751
91,"gaussian","GLM",1.93923807556095,0.01255664390238,-1.50199802027407,0.0116277157721291
91,"gaussian","GAM",2.0180037252752,0.00911512076390651,-1.50334793607079,0.00815735835865852
91,"gaussian","cf_dglm",1.98282203373772,0.0250685175185396,-1.50135480373266,0.022910390094715
91,"gaussian","sdmTMB",2.01433722474694,0.0156213106832821,-1.50070075995614,0.0155184536497307
92,"gaussian","GLM",1.92102722942019,0.0115488672293651,-1.5124585455239,0.0123632850427757
92,"gaussian","GAM",2.01764679672194,0.00861704064219542,-1.48638771049045,0.00900252522345613
92,"gaussian","cf_dglm",1.97831364073193,0.0271686677320149,-1.50881817568072,0.0249197563592765
92,"gaussian","sdmTMB",1.99584478724776,0.0157614930375553,-1.49934329757725,0.0165415939588694
93,"gaussian","GLM",2.06682996222455,0.0118931883703758,-1.52361705101713,0.0108527026498614
93,"gaussian","GAM",2.0744672995476,0.00916400835778661,-1.5041713035748,0.00847875548793017
93,"gaussian","cf_dglm",2.03170732018711,0.03202897967781,-1.51535632004446,0.0254174302791968
93,"gaussian","sdmTMB",2.02330135823272,0.0155497117085033,-1.48069206274789,0.0153879080116758
94,"gaussian","GLM",2.0419290032941,0.0115511320650489,-1.48713093720326,0.0116512011948405
94,"gaussian","GAM",1.99306292336214,0.00821341981887033,-1.56222574479878,0.00850860755480548
94,"gaussian","cf_dglm",2.04822517691542,0.0287645833970427,-1.465713167225,0.0305599144892547
94,"gaussian","sdmTMB",2.0242346089281,0.0151330408820204,-1.50830681687842,0.01537938055715
95,"gaussian","GLM",2.0538772866419,0.0112657984619648,-1.50725017645723,0.0120601524192691
95,"gaussian","GAM",2.04426155699896,0.00833283757163885,-1.54660501723562,0.00879494772913433
95,"gaussian","cf_dglm",1.99613752190574,0.0245043405217053,-1.47245825530646,0.0248248145358031
95,"gaussian","sdmTMB",2.00721573764024,0.0154629069164597,-1.48339902605964,0.0154131735233257
96,"gaussian","GLM",2.00098622384763,0.0115399753082028,-1.4961992583982,0.011453619321881
96,"gaussian","GAM",2.01014372517068,0.00833931196389081,-1.46350951515556,0.00828026087075503
96,"gaussian","cf_dglm",1.9741517333451,0.0286357969910793,-1.47954834515969,0.0280979622970138
96,"gaussian","sdmTMB",1.97651017126447,0.0154135310182289,-1.49234206506145,0.0155520925042031
97,"gaussian","GLM",2.11575199137583,0.0108761241543386,-1.44138483411872,0.0109815314607941
97,"gaussian","GAM",2.0523516366059,0.00840306485955516,-1.47482063956099,0.00851188358663676
97,"gaussian","cf_dglm",2.02324930028061,0.0298179204813667,-1.46336008410387,0.0248517245568754
97,"gaussian","sdmTMB",1.99931135242027,0.0155280565355982,-1.49453592374548,0.0154641145639735
98,"gaussian","GLM",1.97980401106323,0.0108944627575317,-1.53153281781675,0.0107871284548914
98,"gaussian","GAM",1.94591951614566,0.00900569701670803,-1.4889078517856,0.00907369511234668
98,"gaussian","cf_dglm",2.01424199439298,0.0227961745161495,-1.5493305387111,0.0262727847848935
98,"gaussian","sdmTMB",2.00374813827695,0.015739778130982,-1.50519849418302,0.0155997227390708
99,"gaussian","GLM",1.95501528410887,0.0103814094288508,-1.45268736237654,0.0104366999854096
99,"gaussian","GAM",1.98175110227893,0.00844929546017875,-1.48450882741132,0.00847970836725283
99,"gaussian","cf_dglm",1.98611709819273,0.0227280325515399,-1.49618786615373,0.0238304298431672
99,"gaussian","sdmTMB",1.99807711334466,0.0157754864199184,-1.51707605876331,0.0153849767912101
100,"gaussian","GLM",1.96232520012648,0.0112603471570365,-1.51324960922466,0.011491514284089
100,"gaussian","GAM",1.97691328223459,0.00837644866108596,-1.5330891662301,0.00879592544483778
100,"gaussian","cf_dglm",1.98909329196977,0.0171424588389857,-1.5141631292445,0.0269473282065093
100,"gaussian","sdmTMB",1.98256935376106,0.0156862318017534,-1.5198800087058,0.0156532271753602
1,"poisson","GLM",0.265531551940411,0.00556206753289278,-0.195926478904399,0.00551468683409316
1,"poisson","GAM",0.316354267643953,0.00653289433081588,-0.189303083529987,0.00608682593035343
1,"poisson","cf_dglm",0.296068799947363,0.0329080765431272,-0.183394320795131,0.0363663470391082
1,"poisson","sdmTMB",0.29309793997799,0.0128567067570586,-0.195287503997724,0.0126811647424384
2,"poisson","GLM",0.287189174493546,0.00496134625250841,-0.221450636922949,0.00498971556247464
2,"poisson","GAM",0.286241169032838,0.00559698253753056,-0.226630303609092,0.00567174168539857
2,"poisson","cf_dglm",0.303766408345349,0.0225006675872572,-0.211816802084629,0.0245299008863336
2,"poisson","sdmTMB",0.290694944907775,0.0127309734872925,-0.210505435914996,0.0127319460282902
3,"poisson","GLM",0.225614925898695,0.00545736741932508,-0.211456239794458,0.00596247684030434
3,"poisson","GAM",0.252101532661994,0.00627757710131274,-0.241529641630206,0.00696444771916106
3,"poisson","cf_dglm",0.260074059878872,0.0271347652340165,-0.207346986432539,0.0440650163487906
3,"poisson","sdmTMB",0.269426344575626,0.0135310027979137,-0.222409006966865,0.0136494614479064
4,"poisson","GLM",0.290378581397801,0.00513535891843647,-0.230582516667045,0.00557333390313357
4,"poisson","GAM",0.309683061311168,0.00589491514577853,-0.238955480756018,0.00642932302024953
4,"poisson","cf_dglm",0.296631290012807,0.0352074900185062,-0.210991647529111,0.030781055227001
4,"poisson","sdmTMB",0.290107051145602,0.0129255668888094,-0.202165500320896,0.0138471603023703
5,"poisson","GLM",0.283170168265151,0.00578575854241841,-0.170601543853905,0.00578998533389004
5,"poisson","GAM",0.299383474368129,0.00637893295378213,-0.18734813106835,0.00645978063723798
5,"poisson","cf_dglm",0.300723585997542,0.0324644110373931,-0.22381984181673,0.0297430346924929
5,"poisson","sdmTMB",0.293342655884269,0.0128107072892585,-0.205424887305597,0.0130440212580632
6,"poisson","GLM",0.358176595008724,0.00538826381986582,-0.204116457292264,0.00500059405107324
6,"poisson","GAM",0.339232518785088,0.00590967360912838,-0.222615438527705,0.00557383922188642
6,"poisson","cf_dglm",0.310562740157654,0.0275898211632268,-0.220715972744575,0.024405149763419
6,"poisson","sdmTMB",0.316976027912713,0.0118066464821496,-0.205834708489805,0.0117024473953146
7,"poisson","GLM",0.286390827349416,0.0053612187318986,-0.15710938141783,0.00505180670221233
7,"poisson","GAM",0.321061821702325,0.0060702059202799,-0.159499337190904,0.00573413078036213
7,"poisson","cf_dglm",0.304964728444249,0.02524927808484,-0.205989681855758,0.0264379031270025
7,"poisson","sdmTMB",0.313423999636253,0.0134578837456656,-0.197722899390825,0.0128222395631975
8,"poisson","GLM",0.309084326110932,0.00505208855544094,-0.190675157758558,0.00496720306538713
8,"poisson","GAM",0.282416893444609,0.00561389369129718,-0.203059813833801,0.00556623396513106
8,"poisson","cf_dglm",0.31544007776458,0.0344241960412524,-0.151003869358514,0.036632314215898
8,"poisson","sdmTMB",0.303227993749702,0.0134006369828368,-0.160877714754511,0.0128258931768717
9,"poisson","GLM",0.285504303520032,0.00484682521329422,-0.190948986616998,0.00518811953164974
9,"poisson","GAM",0.292856216045764,0.00564562968882066,-0.196516028415068,0.00582724490563583
9,"poisson","cf_dglm",0.273419020175652,0.0310370066029818,-0.194782540823159,0.0227956067642015
9,"poisson","sdmTMB",0.281432425508184,0.0125086799743193,-0.193807181301823,0.012533477496652
10,"poisson","GLM",0.298059780084925,0.00549979924925826,-0.231724561336021,0.00561119319366928
10,"poisson","GAM",0.318204790875339,0.00632045877750875,-0.204902427583828,0.00610456909201484
10,"poisson","cf_dglm",0.334273083230288,0.0271302923439012,-0.234117388105618,0.0267643362099449
10,"poisson","sdmTMB",0.316255758804629,0.0133810894614363,-0.222207399510767,0.0133660949145406
11,"poisson","GLM",0.302500609239393,0.0047238472540437,-0.170328728984139,0.00517497193575786
11,"poisson","GAM",0.319934875246688,0.00551609491937975,-0.19352097299408,0.00604224899831789
11,"poisson","cf_dglm",0.299778139606954,0.0211947558710123,-0.17109554199144,0.0209617389062119
11,"poisson","sdmTMB",0.316674143900341,0.0125497307802039,-0.198766441267322,0.0127496699600522
12,"poisson","GLM",0.331353531279129,0.00537584478174052,-0.189385886010168,0.00537205059167271
12,"poisson","GAM",0.332755115361408,0.00600262983769559,-0.221401107553062,0.00613887565523513
12,"poisson","cf_dglm",0.291458329498113,0.0321845459221649,-0.209811009166768,0.0292448776094278
12,"poisson","sdmTMB",0.294756373568741,0.0133177362751265,-0.202398724358592,0.0131903936602622
13,"poisson","GLM",0.327415788094165,0.00542829872530013,-0.199753998604875,0.00534690933537287
13,"poisson","GAM",0.312392710281462,0.00625623949464592,-0.218331469976107,0.0061090313602083
13,"poisson","cf_dglm",0.29569161544835,0.0256696066482041,-0.207875146900115,0.031247426670498
13,"poisson","sdmTMB",0.294544858450476,0.013146154710197,-0.210488844106024,0.0129343079977168
14,"poisson","GLM",0.315756182487166,0.00558137679450247,-0.151246145290594,0.00542626279250352
14,"poisson","GAM",0.315717030744146,0.0065770463044661,-0.18372125187165,0.00569318234259212
14,"poisson","cf_dglm",0.297896281313764,0.0316929000983798,-0.191087656095179,0.0339920568627173
14,"poisson","sdmTMB",0.295673815114988,0.0132098911951076,-0.198834774054504,0.0127882524287121
15,"poisson","GLM",0.296550022762273,0.00510523836960368,-0.251199276243947,0.00558486744722167
15,"poisson","GAM",0.275533741164004,0.00564926905100361,-0.228021733947143,0.00603825252748365
15,"poisson","cf_dglm",0.270829762884881,0.0386425567696212,-0.219891433524606,0.0348958895409779
15,"poisson","sdmTMB",0.282900740366061,0.0132218183256504,-0.214149181544329,0.0131507410723425
16,"poisson","GLM",0.367509187893773,0.00541881871578214,-0.212926346880374,0.0053151090424879
16,"poisson","GAM",0.329731283282269,0.00613008877479083,-0.18791263778942,0.00601765706481041
16,"poisson","cf_dglm",0.310775729645464,0.0282016078449562,-0.175359456159973,0.0308179625949504
16,"poisson","sdmTMB",0.310845323309271,0.0129802628723715,-0.178192500397761,0.0132347080646769
17,"poisson","GLM",0.287037495805053,0.0050217963609929,-0.263539586947857,0.00489359997801528
17,"poisson","GAM",0.285198276251058,0.00561349764730643,-0.188837560529122,0.00571701361051685
17,"poisson","cf_dglm",0.270279491398872,0.0284713966432674,-0.204180599030046,0.0469884051747915
17,"poisson","sdmTMB",0.288505693525621,0.0122983858122456,-0.204869316236819,0.0121159768320468
18,"poisson","GLM",0.278539080645707,0.00582546307573199,-0.167445331745759,0.00534828596078716
18,"poisson","GAM",0.273699096247448,0.00672539190728408,-0.183557093245824,0.00589876142854778
18,"poisson","cf_dglm",0.318357841652358,0.0335880743543564,-0.175199358227108,0.0228486789286304
18,"poisson","sdmTMB",0.293336836577648,0.0137267536004023,-0.19304497198567,0.012805995985821
19,"poisson","GLM",0.25650541600394,0.00569463139361981,-0.199432748677311,0.00514341645447347
19,"poisson","GAM",0.257719725117076,0.00634438940340021,-0.191263611001539,0.005943972934303
19,"poisson","cf_dglm",0.273497526771557,0.024577874639307,-0.20183385918094,0.0233411780375422
19,"poisson","sdmTMB",0.275404676430193,0.0138348906055865,-0.190218176535092,0.0132901516016909
20,"poisson","GLM",0.318278718546941,0.00534587022980669,-0.15644314747231,0.005366605524832
20,"poisson","GAM",0.340492595784395,0.00618539151270332,-0.182156676296383,0.00605677860584614
20,"poisson","cf_dglm",0.294893063598636,0.0342836332350461,-0.174010708044459,0.0292220307562761
20,"poisson","sdmTMB",0.292812945554238,0.0131451117641959,-0.195014922691465,0.0129243974478265
21,"poisson","GLM",0.295509890371318,0.00507416795358278,-0.186425171472681,0.00465380280443853
21,"poisson","GAM",0.278424276393338,0.00577902350884207,-0.159778731048209,0.00538557778930289
21,"poisson","cf_dglm",0.291978156632656,0.0283870730000547,-0.210220124438558,0.0233056761062258
21,"poisson","sdmTMB",0.292552110217666,0.0123614015829959,-0.193838037169247,0.0121044014101294
22,"poisson","GLM",0.264453824856392,0.00573937447278389,-0.177883503305097,0.0057355569133754
22,"poisson","GAM",0.275144376955855,0.0066852244674166,-0.165180770088359,0.00652523265769428
22,"poisson","cf_dglm",0.263778577232053,0.0282523389204754,-0.205440664493007,0.0407902496885873
22,"poisson","sdmTMB",0.29779447042444,0.0128480764686594,-0.194394451636903,0.0130019456610248
23,"poisson","GLM",0.334546636248412,0.0051455537509539,-0.168501892751362,0.00536980546461895
23,"poisson","GAM",0.315489379695928,0.00578705529620778,-0.203108171626814,0.00627770166156404
23,"poisson","cf_dglm",0.339186261391429,0.0358749264927342,-0.208304817340666,0.0372177080220818
23,"poisson","sdmTMB",0.314543063749772,0.0125976725465767,-0.216581079264128,0.0135142703938162
24,"poisson","GLM",0.330546251010929,0.0053333258042037,-0.231160229078025,0.00524708880286377
24,"poisson","GAM",0.323807348265707,0.0061136504474548,-0.26299851205295,0.00600001660145423
24,"poisson","cf_dglm",0.30411430318628,0.0236886266357597,-0.230498921844176,0.0325817520671343
24,"poisson","sdmTMB",0.323949751346237,0.0125339686624415,-0.227288596562181,0.0126983200774514
25,"poisson","GLM",0.282182365424212,0.00540104318781195,-0.124068081574431,0.00527055168869651
25,"poisson","GAM",0.315109915478593,0.00586099508179961,-0.165558278227083,0.00606159933176968
25,"poisson","cf_dglm",0.288613848633461,0.0317511203589144,-0.182923823460321,0.021794440908183
25,"poisson","sdmTMB",0.295142433597787,0.0123554265229911,-0.193558065490012,0.0122020904374406
26,"poisson","GLM",0.32820373842803,0.00516410988916341,-0.183823448725523,0.00528576315762535
26,"poisson","GAM",0.276596757438578,0.00594573482423518,-0.176296453860998,0.00583723175917637
26,"poisson","cf_dglm",0.350374496659458,0.0438355205407294,-0.199411252561835,0.0430897386024813
26,"poisson","sdmTMB",0.314066968743577,0.0133691543617367,-0.203030577553998,0.0133049152556141
27,"poisson","GLM",0.309405028521984,0.00581692407456975,-0.185801527944803,0.00585280658229035
27,"poisson","GAM",0.274969663334233,0.00655669028129469,-0.160325549883372,0.00665259994461931
27,"poisson","cf_dglm",0.301865360588712,0.0307593914330065,-0.180307644331516,0.0272040464113335
27,"poisson","sdmTMB",0.292841504661844,0.0140788940368788,-0.17813749661026,0.0138170508696061
28,"poisson","GLM",0.344519009565384,0.00466598140802477,-0.13469502865392,0.00477399029755828
28,"poisson","GAM",0.314782196083965,0.0052570439296589,-0.153917874933844,0.00554395125123843
28,"poisson","cf_dglm",0.261927855463542,0.0309106891741646,-0.198163036162271,0.0362223233190135
28,"poisson","sdmTMB",0.29812488740811,0.0117765084847992,-0.191250419565581,0.0122253175104034
29,"poisson","GLM",0.27492576581942,0.00589958698807654,-0.256586636554483,0.00555604622166694
29,"poisson","GAM",0.286067816968591,0.00661802416705945,-0.206608247650519,0.00614524319795874
29,"poisson","cf_dglm",0.281290165629301,0.0319949771375154,-0.195380381730503,0.0270763622553667
29,"poisson","sdmTMB",0.28903619749422,0.0130165459899735,-0.214463557270797,0.0125587791739665
30,"poisson","GLM",0.36756508073435,0.00514490492645373,-0.20996122338591,0.00502193932476076
30,"poisson","GAM",0.333454068400483,0.00565309729175924,-0.19370473475048,0.00559897712092322
30,"poisson","cf_dglm",0.362590098899934,0.0273758623036379,-0.209499845951174,0.0361909870121916
30,"poisson","sdmTMB",0.32746536869137,0.0125294710531756,-0.194607235875192,0.0125662278526989
31,"poisson","GLM",0.314943897850441,0.00593745173152018,-0.194268787095537,0.00609253116020569
31,"poisson","GAM",0.298205174904099,0.0068109954470574,-0.193292760198345,0.00685636310273291
31,"poisson","cf_dglm",0.312383676913521,0.0312054482946151,-0.186351522294423,0.0324876434922124
31,"poisson","sdmTMB",0.294477376869522,0.0127492809825358,-0.204889322031392,0.0131030374626783
32,"poisson","GLM",0.218198948899058,0.0048698553992047,-0.156456800208548,0.0048552826433341
32,"poisson","GAM",0.246126140668176,0.0056624291808948,-0.175111585084117,0.00533545105217393
32,"poisson","cf_dglm",0.268758735868742,0.032730652782864,-0.205233640866694,0.0357060017113177
32,"poisson","sdmTMB",0.27126443757066,0.0125502061108649,-0.199296672475005,0.0124691075705916
33,"poisson","GLM",0.281344380613532,0.0052817221438814,-0.173715143164304,0.0052875166686628
33,"poisson","GAM",0.278630803031895,0.00593002134100043,-0.173139891797684,0.00598016076261149
33,"poisson","cf_dglm",0.300470241191305,0.0317574811181464,-0.194445601482333,0.0358944863708036
33,"poisson","sdmTMB",0.300265206200803,0.0131027952108264,-0.19573416816476,0.0133679082289139
34,"poisson","GLM",0.275695497056216,0.00533624705868154,-0.195649456427091,0.00542278905107659
34,"poisson","GAM",0.303048425026225,0.00606803335526902,-0.191537271004165,0.00603613515850718
34,"poisson","cf_dglm",0.283701551893181,0.0246548689828594,-0.20899051219941,0.0204607273501307
34,"poisson","sdmTMB",0.278688662498051,0.0134813063915715,-0.197109869220724,0.0133679507097389
35,"poisson","GLM",0.298463267526896,0.00493340404930094,-0.289662287505205,0.00509948488461828
35,"poisson","GAM",0.320173586074377,0.00587730494660922,-0.254038304540594,0.00561448031182764
35,"poisson","cf_dglm",0.310024363379164,0.0303825698732496,-0.225513609881465,0.0586149483983881
35,"poisson","sdmTMB",0.316199732260606,0.012731021874111,-0.203389391838929,0.0124889008576021
36,"poisson","GLM",0.252244266748952,0.00570998644446118,-0.174485343662058,0.00590429793135994
36,"poisson","GAM",0.294468843075366,0.00639208936590115,-0.203345256828248,0.00664235497337167
36,"poisson","cf_dglm",0.282364094705377,0.0343434027426458,-0.201538460351647,0.0275422854402295
36,"poisson","sdmTMB",0.28713127588281,0.0138047127254494,-0.19530109604807,0.0139848354998823
37,"poisson","GLM",0.30079944915797,0.00532797146884321,-0.197499606929244,0.0055885471230001
37,"poisson","GAM",0.341316713285408,0.00598456419613921,-0.213818846893628,0.00621158678326148
37,"poisson","cf_dglm",0.351727763865224,0.0542137235284439,-0.195411915485765,0.0365070490883294
37,"poisson","sdmTMB",0.333381574131114,0.0119711123464663,-0.192051409602311,0.0120225965429236
38,"poisson","GLM",0.309610195945605,0.00519998625426113,-0.189146401541841,0.00486125078343809
38,"poisson","GAM",0.301680565907388,0.00552824701202089,-0.188710327564805,0.00543407195169524
38,"poisson","cf_dglm",0.308984250139261,0.0229684729104842,-0.230156310790905,0.0266985346899492
38,"poisson","sdmTMB",0.303755633777662,0.0131656462310937,-0.203447800838093,0.0131533784311685
39,"poisson","GLM",0.260261998954796,0.0052835385352683,-0.177667132152639,0.00550886535967496
39,"poisson","GAM",0.248004910644044,0.00584938538321308,-0.196257282302891,0.00636193684688992
39,"poisson","cf_dglm",0.272044661220634,0.0300050401310702,-0.193108539918766,0.0205270004149163
39,"poisson","sdmTMB",0.277847588239767,0.0133852931026211,-0.200799425813162,0.0137698082064544
40,"poisson","GLM",0.337961601861204,0.00541450712236854,-0.22674895344032,0.0053307254717647
40,"poisson","GAM",0.284701921786698,0.00637105135593405,-0.232269981890441,0.00596146809383969
40,"poisson","cf_dglm",0.323202399999413,0.026472990029663,-0.231289866105261,0.0266520592349952
40,"poisson","sdmTMB",0.309980844426071,0.01256566540881,-0.220544586569517,0.0125418703049687
41,"poisson","GLM",0.287392781192448,0.00553725537040038,-0.172952148987558,0.00529965320777695
41,"poisson","GAM",0.307895710137507,0.00636664237785133,-0.189343858763765,0.00597533819170299
41,"poisson","cf_dglm",0.295911198212799,0.0371373057470284,-0.1904923635684,0.0328812177245867
41,"poisson","sdmTMB",0.295377302930651,0.0130445209350923,-0.188662517868832,0.0125863736974265
42,"poisson","GLM",0.250767581832256,0.00585495630184723,-0.214797037551413,0.00578321539217244
42,"poisson","GAM",0.280641646673138,0.00675320269114186,-0.190290324618019,0.00643650156865604
42,"poisson","cf_dglm",0.318839226566793,0.0371695258013738,-0.221506165433055,0.0334723232662264
42,"poisson","sdmTMB",0.297833451048066,0.0144208241361228,-0.201366872029112,0.0140320951884826
43,"poisson","GLM",0.313460369220393,0.00544249761111301,-0.194370526320096,0.00558796492385806
43,"poisson","GAM",0.303197224394755,0.00620165998053924,-0.14473348364522,0.00629096549296972
43,"poisson","cf_dglm",0.274519916719255,0.0341815646417141,-0.194648138928744,0.0396618375005495
43,"poisson","sdmTMB",0.28236806590714,0.0127968954892944,-0.186192149070461,0.013040429973773
44,"poisson","GLM",0.339919698108025,0.00511948256814052,-0.213932181484584,0.00521040795236648
44,"poisson","GAM",0.324591997507528,0.00575672537344803,-0.180306372296237,0.00591416156734578
44,"poisson","cf_dglm",0.330728946503135,0.0174241494847601,-0.208291114969486,0.0231232263241703
44,"poisson","sdmTMB",0.295839745500131,0.0127841055863937,-0.190427110231086,0.0129407379984668
45,"poisson","GLM",0.3250515589862,0.00518369932339741,-0.207368534275555,0.00519259478005391
45,"poisson","GAM",0.302330851962396,0.0058108778486778,-0.19362909781667,0.00560303057908445
45,"poisson","cf_dglm",0.347244862358204,0.021978686291873,-0.202428727990175,0.0181825193057144
45,"poisson","sdmTMB",0.327621873413027,0.0125604968838108,-0.201713280144092,0.0125706701258509
46,"poisson","GLM",0.223933910916188,0.00520097337215064,-0.227659752164144,0.00480693371312705
46,"poisson","GAM",0.28056128061559,0.00590434592468541,-0.251957211948646,0.00532413780252688
46,"poisson","cf_dglm",0.279597198948725,0.0312770245002277,-0.235108907971172,0.030427918624796
46,"poisson","sdmTMB",0.285360239995555,0.013120458396228,-0.224700179351799,0.0128025652048868
47,"poisson","GLM",0.247274483338981,0.0056187392810291,-0.198959156823228,0.00556650615135452
47,"poisson","GAM",0.249302995884577,0.00614596391405393,-0.187580590205369,0.00624778740096931
47,"poisson","cf_dglm",0.293688754356192,0.0305584436210802,-0.223780036827211,0.0213272223802399
47,"poisson","sdmTMB",0.299567977767505,0.0128457430233605,-0.209057798072956,0.0126251260961481
48,"poisson","GLM",0.315934217712206,0.0050176934621329,-0.171146057235435,0.00503845100371373
48,"poisson","GAM",0.311655177931715,0.00559129459930832,-0.183306536969612,0.0057172632661466
48,"poisson","cf_dglm",0.294163792949351,0.0307274025941634,-0.212668348231108,0.034172711440503
48,"poisson","sdmTMB",0.304380991392513,0.0129320999171593,-0.202436613637358,0.0127367010283004
49,"poisson","GLM",0.260232339442022,0.00512310989736315,-0.211055136571124,0.00517055346514839
49,"poisson","GAM",0.331256695777773,0.00579708036182025,-0.193685155780861,0.00567655371219758
49,"poisson","cf_dglm",0.300079761700709,0.0281285850229297,-0.227390284295694,0.0232001961757547
49,"poisson","sdmTMB",0.294648191045664,0.0123250046941016,-0.207514274624928,0.0127155559539589
50,"poisson","GLM",0.34242691485275,0.00564617732000801,-0.199898649054876,0.00532398899249491
50,"poisson","GAM",0.331760966580174,0.00613501981572331,-0.230833832329204,0.00594700287318391
50,"poisson","cf_dglm",0.315373286548232,0.0246895171184257,-0.180617447447945,0.0206687538667467
50,"poisson","sdmTMB",0.31862692245978,0.0128403799273919,-0.194754469161764,0.0125298629603972
51,"poisson","GLM",0.312652195088693,0.00512814491943683,-0.226909222498818,0.00543462961726717
51,"poisson","GAM",0.322670469574372,0.00557642448953185,-0.213908109391311,0.0061558085213293
51,"poisson","cf_dglm",0.29339271516634,0.0280725312646536,-0.25159791239653,0.0295636467393664
51,"poisson","sdmTMB",0.289314188080793,0.0136936293738989,-0.223667671052307,0.0138612307147153
52,"poisson","GLM",0.269820081389954,0.00523358049359994,-0.167416772252625,0.00508472515088741
52,"poisson","GAM",0.270728362758523,0.00576759922098761,-0.215628090718964,0.00569214465967107
52,"poisson","cf_dglm",0.303639926932423,0.0261520381751929,-0.197193588379624,0.0227681219148117
52,"poisson","sdmTMB",0.304321791306556,0.0123688359226194,-0.211049424856079,0.0121722293550529
53,"poisson","GLM",0.308959827514343,0.00542536580415507,-0.201247839189312,0.00558428720230858
53,"poisson","GAM",0.309219889684435,0.00594803446980308,-0.190185400099126,0.00616686039120097
53,"poisson","cf_dglm",0.307240564451935,0.0257005106547074,-0.208199784441239,0.0268715217534769
53,"poisson","sdmTMB",0.310137519310958,0.0139852856904239,-0.189686993570715,0.0136596193031618
54,"poisson","GLM",0.286010423033446,0.00522146798172175,-0.172490734759272,0.0053403886684217
54,"poisson","GAM",0.274170755996721,0.0059973628367645,-0.183668721580511,0.00586517123060208
54,"poisson","cf_dglm",0.324550188040829,0.025441754892335,-0.198618021618661,0.0317464358440229
54,"poisson","sdmTMB",0.306368972604922,0.0135675885337054,-0.185933397068464,0.0127797401205489
55,"poisson","GLM",0.336662421254843,0.00546394172391005,-0.238609299043633,0.00569722237461274
55,"poisson","GAM",0.283427542155911,0.00612940040644795,-0.17595154992279,0.00640143674619589
55,"poisson","cf_dglm",0.314542382681562,0.0410753745202565,-0.226751060510971,0.0417321295510057
55,"poisson","sdmTMB",0.288169789040301,0.0128430486823306,-0.201335285768485,0.0127559798966151
56,"poisson","GLM",0.247383763412139,0.00488105378336646,-0.224812374685304,0.00491323852144369
56,"poisson","GAM",0.27330951745539,0.0055115736722697,-0.267661358549221,0.00576302110335222
56,"poisson","cf_dglm",0.325103212348801,0.0324960450762652,-0.212350565447911,0.0278526876871068
56,"poisson","sdmTMB",0.295505273493565,0.0130092239738525,-0.214640764805015,0.0130261621124773
57,"poisson","GLM",0.279796492465899,0.00515393102539117,-0.151858828078175,0.00578971876608001
57,"poisson","GAM",0.276507053717212,0.00591931599875574,-0.169693987180514,0.00657293965578913
57,"poisson","cf_dglm",0.2822045679286,0.0181185994395299,-0.203190277481597,0.0319442723296207
57,"poisson","sdmTMB",0.286798397057832,0.0128662354515958,-0.209114043705905,0.0129752912084214
58,"poisson","GLM",0.265616387059173,0.00546362379963522,-0.186035734367638,0.00537652729213103
58,"poisson","GAM",0.263924981348467,0.00620095707386857,-0.204319271532644,0.00600526355140828
58,"poisson","cf_dglm",0.307941190075028,0.0372068739631769,-0.24511708431678,0.0218257691914568
58,"poisson","sdmTMB",0.303806988709259,0.0129355053342084,-0.223839823146859,0.0129373558577924
59,"poisson","GLM",0.320395671360691,0.00484026701242087,-0.185865975407682,0.00505416072065502
59,"poisson","GAM",0.331384395546824,0.0053721488411783,-0.218871352746476,0.0058084365036018
59,"poisson","cf_dglm",0.330242738109073,0.0269008017434406,-0.18459235951647,0.0257341145663997
59,"poisson","sdmTMB",0.322414489038692,0.0126985596451943,-0.201843002374159,0.0130566757438541
60,"poisson","GLM",0.309794284232339,0.00498918877144634,-0.193128915169164,0.00526836757003516
60,"poisson","GAM",0.314318914279561,0.00585574006099038,-0.205480295855106,0.00582752660072174
60,"poisson","cf_dglm",0.30265540386154,0.0381700433924591,-0.178011038925735,0.0290138117406257
60,"poisson","sdmTMB",0.286819293692902,0.0123952520477339,-0.198752170281787,0.0129821484990892
61,"poisson","GLM",0.263265363309329,0.00511315187491477,-0.218768704110036,0.0051103287555076
61,"poisson","GAM",0.310573375968686,0.00549475576361374,-0.22937445018169,0.00571449051938368
61,"poisson","cf_dglm",0.290055245419436,0.0273034020253767,-0.203230966063899,0.0284571950326486
61,"poisson","sdmTMB",0.303541839162862,0.0123863381821495,-0.221725722177944,0.0122706113153153
62,"poisson","GLM",0.361639054259065,0.00549439304259211,-0.189471840131661,0.00530106154553022
62,"poisson","GAM",0.309499511557517,0.00639405231669767,-0.188740751412004,0.00587158738453379
62,"poisson","cf_dglm",0.326383640299085,0.0368092183652941,-0.210739672768663,0.0173002598238457
62,"poisson","sdmTMB",0.304354023995572,0.0129284989770837,-0.21423952134997,0.0125843013087913
63,"poisson","GLM",0.277668694069891,0.00532672001961269,-0.125197516537495,0.00531190287574442
63,"poisson","GAM",0.32505814443245,0.00575689204236342,-0.189845282088828,0.0062930283979296
63,"poisson","cf_dglm",0.300518049625135,0.0435643202050058,-0.1594796356298,0.0348078948668348
63,"poisson","sdmTMB",0.289466338174469,0.012129080962763,-0.173237078001623,0.0127885821955871
64,"poisson","GLM",0.263423064272877,0.00534402244441166,-0.205775910799554,0.00549829700493441
64,"poisson","GAM",0.287934617283915,0.00592328574423567,-0.219007089348584,0.00630809356839906
64,"poisson","cf_dglm",0.315560376585139,0.0290966237608534,-0.201813219186658,0.0236593824599403
64,"poisson","sdmTMB",0.317121475229388,0.0126480472097476,-0.201332248682817,0.01274199855324
65,"poisson","GLM",0.312972052351688,0.0054787943712388,-0.251586043968102,0.00530526894522577
65,"poisson","GAM",0.31032153674462,0.00623357091490272,-0.245847651128352,0.00569962221625325
65,"poisson","cf_dglm",0.2868927946526,0.0353957320049635,-0.221169880695961,0.028665331738379
65,"poisson","sdmTMB",0.299943162970562,0.013182047068604,-0.206225600326497,0.0125437864096852
66,"poisson","GLM",0.313302307004577,0.00574308537054473,-0.174739440587348,0.00583241800539043
66,"poisson","GAM",0.315688829154366,0.00627304104006627,-0.200234883508588,0.0067249566810313
66,"poisson","cf_dglm",0.289578141324476,0.0348614358204502,-0.210584905297184,0.0280996389114425
66,"poisson","sdmTMB",0.288945742277873,0.0139115147460888,-0.202967107158511,0.0141953553076063
67,"poisson","GLM",0.25385695615609,0.00527403383589734,-0.229384403583638,0.0053991714419789
67,"poisson","GAM",0.267365161099342,0.0058588827215725,-0.197790569704579,0.00607324990952854
67,"poisson","cf_dglm",0.256352675230656,0.022539957975344,-0.221513939102391,0.0387882909846996
67,"poisson","sdmTMB",0.275471215616598,0.0134530165145074,-0.192832398602288,0.0133775991140781
68,"poisson","GLM",0.26401386588111,0.00531374277419488,-0.259046837875479,0.00581896348499409
68,"poisson","GAM",0.283223550320485,0.006024551362355,-0.237763149721201,0.00667600847605904
68,"poisson","cf_dglm",0.308165099260662,0.0227491620314722,-0.194288571135312,0.0388186956577406
68,"poisson","sdmTMB",0.2959888553043,0.0127879384085077,-0.211529285560151,0.0131222525548329
69,"poisson","GLM",0.309951703235525,0.005609300493315,-0.19475710095735,0.00572406131483106
69,"poisson","GAM",0.310647658905449,0.00639367845431433,-0.190650066902843,0.0067257958247261
69,"poisson","cf_dglm",0.314160396792954,0.0351778748229059,-0.204647606568924,0.0327841856884241
69,"poisson","sdmTMB",0.300019567607748,0.0130568536915307,-0.200816519573907,0.0131566489213334
70,"poisson","GLM",0.241584244304389,0.00509805930459562,-0.205662812846902,0.00523622272610689
70,"poisson","GAM",0.27577869746085,0.00593596550429305,-0.176081243462846,0.00598341342809158
70,"poisson","cf_dglm",0.277792439079918,0.0367928926508843,-0.213624343632747,0.0189457361346865
70,"poisson","sdmTMB",0.302123808116533,0.0134477782726185,-0.204942139316024,0.0133887257381003
71,"poisson","GLM",0.225802750572532,0.00475994850253218,-0.17652481387304,0.00483643417754816
71,"poisson","GAM",0.255856996590972,0.00540213261001161,-0.217409263955656,0.00546569574862049
71,"poisson","cf_dglm",0.288462863364047,0.0265506487292592,-0.204397692974396,0.0308186537567987
71,"poisson","sdmTMB",0.290957195418291,0.0120667103653853,-0.208190514171242,0.0118025028875462
72,"poisson","GLM",0.300659864137781,0.00592161530785192,-0.163678692532096,0.00606105519732509
72,"poisson","GAM",0.294895884982185,0.00644761334869087,-0.179598305289227,0.00704332289911036
72,"poisson","cf_dglm",0.311773207379912,0.0329102817984123,-0.180677255409727,0.0275212600213033
72,"poisson","sdmTMB",0.304856366185918,0.0132942050490057,-0.176122395232781,0.013545888233775
73,"poisson","GLM",0.289329775473038,0.00567518768284306,-0.179247406165076,0.00556803256450894
73,"poisson","GAM",0.307044893312999,0.00631592252829803,-0.16379516035623,0.00629746861222446
73,"poisson","cf_dglm",0.286400709207787,0.0270112488605591,-0.183562177815168,0.0208608718647916
73,"poisson","sdmTMB",0.290765458861903,0.0133491146525931,-0.182313663985915,0.0134498586644935
74,"poisson","GLM",0.289395589176384,0.00544263634630341,-0.169897597496528,0.00545303464539896
74,"poisson","GAM",0.300686614050224,0.00627085147513125,-0.169840573595973,0.00609268733584545
74,"poisson","cf_dglm",0.312375346213439,0.0321044162377942,-0.15198601667594,0.0263793226345157
74,"poisson","sdmTMB",0.30847980189874,0.013824353287776,-0.183760963309939,0.0136368212406187
75,"poisson","GLM",0.327444061114636,0.00597237194271603,-0.23245374491806,0.00572878242854636
75,"poisson","GAM",0.326521893024623,0.0067007715444863,-0.192179936739273,0.00649117740344835
75,"poisson","cf_dglm",0.315506821945721,0.0227385258816782,-0.200405313907178,0.020402095610081
75,"poisson","sdmTMB",0.307880074327093,0.0145923247497025,-0.19629889088823,0.0138933488390448
76,"poisson","GLM",0.321686255311092,0.00521630826043339,-0.21875181737924,0.00521645542963053
76,"poisson","GAM",0.310386753200518,0.00565956350791009,-0.216038815777632,0.00577496578658243
76,"poisson","cf_dglm",0.319516558337837,0.0279658732903512,-0.210967053452148,0.015073220955799
76,"poisson","sdmTMB",0.305327758746721,0.0127473803385178,-0.216351255570009,0.0124929839786696
77,"poisson","GLM",0.286192718844396,0.00501456577780356,-0.208022112970008,0.00539051758415146
77,"poisson","GAM",0.272262608269563,0.0058511799388115,-0.237456213191881,0.00607001573136044
77,"poisson","cf_dglm",0.28940144998951,0.0224186201269274,-0.218100605891625,0.0405465387247497
77,"poisson","sdmTMB",0.290868297164303,0.0124219459233535,-0.224425932323351,0.0126269081596851
78,"poisson","GLM",0.253115266093647,0.00484634002342397,-0.189384118021119,0.00457008163992834
78,"poisson","GAM",0.314778126962161,0.00540445471055376,-0.225128188123925,0.00514525366157763
78,"poisson","cf_dglm",0.30017465821401,0.0343979342190927,-0.192965294101447,0.0221902444862997
78,"poisson","sdmTMB",0.319775995133144,0.0125413347102386,-0.20219768053971,0.0117348993615198
79,"poisson","GLM",0.355807830751027,0.00477908164986495,-0.204493159915697,0.00499892211515337
79,"poisson","GAM",0.360960494620188,0.00546658435173597,-0.192378415426353,0.00554903964072937
79,"poisson","cf_dglm",0.324081913307718,0.024535727848744,-0.172968210314523,0.0253950777593414
79,"poisson","sdmTMB",0.304003743046216,0.0129939777868765,-0.177742074455347,0.0130269223281533
80,"poisson","GLM",0.273606740085624,0.00487255804407462,-0.219094129154445,0.00506790965024258
80,"poisson","GAM",0.318723078236632,0.00563257194402876,-0.188466342213023,0.00564815307740902
80,"poisson","cf_dglm",0.311420671056828,0.0337807130149401,-0.201792192965752,0.0296625325651666
80,"poisson","sdmTMB",0.310656518383227,0.0124394601536322,-0.203866758352361,0.0129077049762859
81,"poisson","GLM",0.260649370625012,0.00520382841835086,-0.162809011620686,0.00495883256803019
81,"poisson","GAM",0.248583761846477,0.00607364254284618,-0.189657381499928,0.00598114439279724
81,"poisson","cf_dglm",0.289094233803913,0.0385741180985703,-0.213842197275541,0.0354457158940146
81,"poisson","sdmTMB",0.256761029271796,0.0131986713712417,-0.222968912948665,0.0133524855670163
82,"poisson","GLM",0.387359185397387,0.0050520063924323,-0.237432865316423,0.00520369334844835
82,"poisson","GAM",0.328618465867748,0.00571579171432812,-0.229129480861271,0.00585580325688037
82,"poisson","cf_dglm",0.312759461668379,0.0445398498541432,-0.21306869719549,0.0528016516359409
82,"poisson","sdmTMB",0.302311345617172,0.0132512454019565,-0.191124972658622,0.0134579723750458
83,"poisson","GLM",0.291866555729726,0.00536787972632777,-0.181558196089518,0.00533778045715784
83,"poisson","GAM",0.303766094073887,0.00583632905188794,-0.176436203633431,0.00594200082947848
83,"poisson","cf_dglm",0.324348144009784,0.0298087083322088,-0.202749892218756,0.0231840583371017
83,"poisson","sdmTMB",0.315330884122116,0.0134792270214195,-0.201864303605114,0.0135057379928539
84,"poisson","GLM",0.320946003628814,0.0053991279270925,-0.192642208041192,0.00494096226166821
84,"poisson","GAM",0.306764206434873,0.00602125366282103,-0.223755953971915,0.00547180134198192
84,"poisson","cf_dglm",0.317213232192338,0.0364288599603171,-0.214216014335182,0.0223010784481899
84,"poisson","sdmTMB",0.301217483661246,0.0131728156607408,-0.209922418633179,0.012411899774925
85,"poisson","GLM",0.27649143300834,0.00513431984836657,-0.208557770723829,0.00542232228655048
85,"poisson","GAM",0.25798290394503,0.00567123812690113,-0.212997011050056,0.00612403965483391
85,"poisson","cf_dglm",0.280251113320393,0.0354607193832368,-0.204298742388055,0.0229142013221833
85,"poisson","sdmTMB",0.282263639757543,0.0123041840351964,-0.216633559316603,0.0125080451765929
86,"poisson","GLM",0.254888587379376,0.00535098348490858,-0.193836948499944,0.00489352305420239
86,"poisson","GAM",0.302430314340137,0.00604058407542191,-0.187058799329563,0.00541221577785219
86,"poisson","cf_dglm",0.254707656994188,0.0329720306659098,-0.194591946851575,0.0209314326327692
86,"poisson","sdmTMB",0.296259078541189,0.0134601477901513,-0.180905959582828,0.0126613155138193
87,"poisson","GLM",0.286531288629314,0.00534481080280624,-0.168789981988477,0.00545248942197566
87,"poisson","GAM",0.29727465137301,0.00591930214720715,-0.199356123056028,0.0062184793701585
87,"poisson","cf_dglm",0.316664532592782,0.0388796951045671,-0.201756672665145,0.0211670603347371
87,"poisson","sdmTMB",0.304633339983386,0.0129689456714738,-0.201454108190955,0.0126631851898612
88,"poisson","GLM",0.284493216861805,0.0050997658467191,-0.162899489641869,0.00524898447705908
88,"poisson","GAM",0.279422706145709,0.00570516091326722,-0.16034286029874,0.00575866542409494
88,"poisson","cf_dglm",0.268735039341295,0.0347124072322031,-0.170988058735821,0.0265914098394002
88,"poisson","sdmTMB",0.269815788183866,0.0135916079323369,-0.174112743868297,0.0136052150916873
89,"poisson","GLM",0.224810338743789,0.00548631577988338,-0.172003448087558,0.00515236101036614
89,"poisson","GAM",0.277620627524297,0.00638686286437019,-0.220711014727488,0.00572280217218912
89,"poisson","cf_dglm",0.27589705817168,0.0336895987353742,-0.184539616344878,0.0214885743608979
89,"poisson","sdmTMB",0.299162076173644,0.0128238490418458,-0.20883555794283,0.0127776556137862
90,"poisson","GLM",0.325291038043087,0.00477938680850978,-0.192994732161075,0.00484573703789049
90,"poisson","GAM",0.316854585033875,0.00540253614405172,-0.167628495964666,0.00543853130052515
90,"poisson","cf_dglm",0.335404434084782,0.0187237586287879,-0.219673716597275,0.0265472249003798
90,"poisson","sdmTMB",0.324431065806051,0.012105738948813,-0.186110469675661,0.0123737327971026
91,"poisson","GLM",0.24853087384466,0.00550301445849561,-0.183086331860383,0.00515729055954046
91,"poisson","GAM",0.306926850779138,0.00646300595499413,-0.192407211729795,0.00575072131962744
91,"poisson","cf_dglm",0.306181487192109,0.0302929688234696,-0.201318712505464,0.0275012351253713
91,"poisson","sdmTMB",0.325799793096044,0.0125580892765344,-0.197574772365031,0.0122692238236819
92,"poisson","GLM",0.239380923921605,0.00490983123140623,-0.216423998727349,0.00532380085781114
92,"poisson","GAM",0.288951956187319,0.00578689014517424,-0.188376846842209,0.00594684793507445
92,"poisson","cf_dglm",0.279481920330609,0.0362183635470546,-0.212741616613186,0.0305926927681372
92,"poisson","sdmTMB",0.285772890731805,0.0124223959040686,-0.199314877208728,0.0131279484437267
93,"poisson","GLM",0.337211021118329,0.00551483604255855,-0.200861684751743,0.00513717969862122
93,"poisson","GAM",0.313596145485613,0.00601128682070487,-0.199952406768493,0.00582270912763925
93,"poisson","cf_dglm",0.334012349866939,0.0328355568557991,-0.224618286692757,0.0275698365057686
93,"poisson","sdmTMB",0.326126567264871,0.0133238719055845,-0.210953735930126,0.0128740338604769
94,"poisson","GLM",0.344881674207683,0.00485652978900361,-0.213611513424383,0.00500451455688358
94,"poisson","GAM",0.322174720641615,0.00544345790093642,-0.239723703044564,0.00577197913641609
94,"poisson","cf_dglm",0.364817376264669,0.039086609127187,-0.203725962540213,0.0340946569822297
94,"poisson","sdmTMB",0.330056217234114,0.0122030571683918,-0.219364140857705,0.012254415211171
95,"poisson","GLM",0.342133944899714,0.00539282614163925,-0.224796673674058,0.00561616248154639
95,"poisson","GAM",0.320678980076616,0.00598766181580749,-0.233128120296629,0.00620733936354126
95,"poisson","cf_dglm",0.290760408371831,0.0595808419410043,-0.188164665875735,0.0293159486242427
95,"poisson","sdmTMB",0.294751940465683,0.0128212122260372,-0.201652357195178,0.0128014365662482
96,"poisson","GLM",0.31085738747479,0.00472646255261579,-0.218632595867643,0.00467162433168644
96,"poisson","GAM",0.311431794184652,0.00528871188281232,-0.199335421665417,0.00513326465055757
96,"poisson","cf_dglm",0.325555295054634,0.0412483541431044,-0.199249649609649,0.0269653074922095
96,"poisson","sdmTMB",0.30353753698701,0.012066227621035,-0.201127908821113,0.0120412488976906
97,"poisson","GLM",0.350360250729205,0.00464984804990155,-0.171959443366991,0.00466583629187192
97,"poisson","GAM",0.312704658893383,0.00519972005252693,-0.17974616978641,0.00530778532377781
97,"poisson","cf_dglm",0.333476139899679,0.0238373655065432,-0.185165678919196,0.0236516343909383
97,"poisson","sdmTMB",0.31020355779739,0.0127601101704706,-0.194359013429287,0.0125877208692414
98,"poisson","GLM",0.294332188076512,0.00517740003061526,-0.238156828553058,0.00499007029848883
98,"poisson","GAM",0.277398277162881,0.0059149127156596,-0.210284058210697,0.00588504959321334
98,"poisson","cf_dglm",0.293800783386218,0.0277728140972956,-0.237277535356944,0.0322782848558642
98,"poisson","sdmTMB",0.284307136128239,0.0131663428050785,-0.212826623993471,0.0131029254465883
99,"poisson","GLM",0.262082068298077,0.00520308905068931,-0.165596840751425,0.00516047305316837
99,"poisson","GAM",0.270068419322454,0.00582123943112653,-0.186818925744564,0.00603904574668892
99,"poisson","cf_dglm",0.282540185030162,0.0273906525609393,-0.214805594761488,0.030568219239229
99,"poisson","sdmTMB",0.288180045059127,0.0135745417933862,-0.221681658139789,0.0133736784433635
100,"poisson","GLM",0.298567545496561,0.00544837599765244,-0.194468335125982,0.00556399269237292
100,"poisson","GAM",0.294720550785132,0.00589764002511112,-0.210202324375799,0.00639760836631609
100,"poisson","cf_dglm",0.308759248285999,0.0260562002373925,-0.1964912506399,0.0262547220762408
100,"poisson","sdmTMB",0.286560182711698,0.0132157805743402,-0.19612967540121,0.0131399895636892
1,"binary","GLM",0.375468884910163,0.0166841225110527,-0.304909457222019,0.0163481223210914
1,"binary","GAM",0.49885468727239,0.0201788269210357,-0.357058117654947,0.0193920991721411
1,"binary","cf_dglm",0.499252818196733,0.0374368925269661,-0.385978096051313,0.0338593999649487
1,"binary","sdmTMB",0.528192712524472,0.0300266879295332,-0.40194857156697,0.0294124728241672
2,"binary","GLM",0.404533304949507,0.0167893753707275,-0.316736125571046,0.0161324493647056
2,"binary","GAM",0.4578144113015,0.019138624895357,-0.347491845570039,0.0187625033477035
2,"binary","cf_dglm",0.449363467654061,0.032974150683628,-0.34911175031814,0.02764592711461
2,"binary","sdmTMB",0.48195008752577,0.0306056591945573,-0.382362460424922,0.030785765182718
3,"binary","GLM",0.305428489285376,0.0161315944841323,-0.376255878707901,0.0173016647304003
3,"binary","GAM",0.40230795365373,0.0191614710931609,-0.468270393023775,0.0204146456574495
3,"binary","cf_dglm",0.460011995025775,0.042330883038627,-0.409617138431586,0.0338384560388303
3,"binary","sdmTMB",0.507145774553698,0.0321343142129017,-0.473989568965695,0.0320693837000157
4,"binary","GLM",0.367856889337574,0.0159471023840975,-0.334500734975507,0.0171001264581378
4,"binary","GAM",0.451609936603741,0.0187037813483933,-0.382894018135355,0.0203654793499013
4,"binary","cf_dglm",0.461749689478044,0.0356950358509213,-0.409136356586215,0.030424709774943
4,"binary","sdmTMB",0.501149908348003,0.0300470484751654,-0.424730180389702,0.0322319065721591
5,"binary","GLM",0.34464699674558,0.0169492621306054,-0.252138564971773,0.0172046569691007
5,"binary","GAM",0.440134758019458,0.0198049057605984,-0.325795962321812,0.0201327231491692
5,"binary","cf_dglm",0.520559815094309,0.0471807729241809,-0.385960491030428,0.0353090858223848
5,"binary","sdmTMB",0.533518269938889,0.0309128676536664,-0.381167525362138,0.0313114082447694
6,"binary","GLM",0.456555925364972,0.0174524437317838,-0.300570732567533,0.0165020497334907
6,"binary","GAM",0.510199624371642,0.0203436402405071,-0.401973041668047,0.0198930287709824
6,"binary","cf_dglm",0.525590911406159,0.033138209475561,-0.407936848248916,0.0390950961856586
6,"binary","sdmTMB",0.547528482173687,0.0300227301798395,-0.421951824296832,0.0295525362733874
7,"binary","GLM",0.380358160189862,0.0170360766640694,-0.315915105578189,0.0165081630307361
7,"binary","GAM",0.479793990275323,0.0199339653386081,-0.343276793109617,0.0189104119033155
7,"binary","cf_dglm",0.454292735278555,0.0312240778292498,-0.402247744253557,0.0313333849709861
7,"binary","sdmTMB",0.490686510951603,0.0330274579911534,-0.418206597094779,0.0312747237883388
8,"binary","GLM",0.398459085691743,0.0172978153237982,-0.274633504541496,0.0167821844520887
8,"binary","GAM",0.413442990232527,0.0199151448162418,-0.33791919797289,0.0194816370288007
8,"binary","cf_dglm",0.445323316859803,0.0311865217983399,-0.345806353418553,0.033966377112596
8,"binary","sdmTMB",0.475132947238281,0.0330153424639267,-0.378072063020722,0.0316037322542308
9,"binary","GLM",0.360426063614615,0.0161304789433408,-0.295241255545455,0.0167483234335455
9,"binary","GAM",0.444357326613315,0.0192577804302155,-0.330041675741325,0.0193354482047667
9,"binary","cf_dglm",0.42278807565681,0.0305278906614641,-0.339635744933372,0.0289463451133542
9,"binary","sdmTMB",0.455279204805988,0.0305437691388258,-0.372472000701663,0.0302208286865269
10,"binary","GLM",0.382563127428042,0.0167040572983868,-0.311947743543854,0.0171969110186696
10,"binary","GAM",0.473122729264804,0.019983760185199,-0.342810492678728,0.0199786578414876
10,"binary","cf_dglm",0.478185438503378,0.0409444671112938,-0.414289570869972,0.0356743462511337
10,"binary","sdmTMB",0.503074840376352,0.0307232123962563,-0.417023586318033,0.0316317444638752
11,"binary","GLM",0.439581501211844,0.0162031684103891,-0.316834826297904,0.0171792959622215
11,"binary","GAM",0.480568823772657,0.0191749989900363,-0.335615833155681,0.0201221345298172
11,"binary","cf_dglm",0.453233516739683,0.0280252276482583,-0.33033731268196,0.0275927188420643
11,"binary","sdmTMB",0.503952450236071,0.0301397809247383,-0.374184601021773,0.031074374505192
12,"binary","GLM",0.381683457812866,0.0166390544368825,-0.277397856789665,0.016819256928938
12,"binary","GAM",0.464072205261962,0.0193065888604794,-0.404880119290172,0.0204377468623348
12,"binary","cf_dglm",0.482823026796467,0.0404058903258918,-0.402833315170657,0.040970768476957
12,"binary","sdmTMB",0.517845809841539,0.0324872790554257,-0.444029793503077,0.032398679111837
13,"binary","GLM",0.384666079787348,0.0166553710054126,-0.304743796827454,0.0163910028616477
13,"binary","GAM",0.398158601047314,0.0192777524111176,-0.382796487168288,0.019329174142012
13,"binary","cf_dglm",0.416425929758817,0.0343634847620824,-0.365928462508618,0.0361780120187354
13,"binary","sdmTMB",0.454885809779588,0.0312250902474343,-0.404459407829713,0.0308739100446171
14,"binary","GLM",0.445566744496123,0.0175684100604502,-0.243800078810225,0.0167423896975334
14,"binary","GAM",0.482056686709304,0.0206670099037203,-0.343160601806033,0.0197422817475874
14,"binary","cf_dglm",0.485729629721824,0.0302378513600479,-0.366751922015113,0.0360183059986162
14,"binary","sdmTMB",0.510310350886059,0.0315281365968111,-0.388802957984731,0.0306276116635435
15,"binary","GLM",0.330151878719556,0.0160098272887741,-0.317046191803107,0.0176611452353174
15,"binary","GAM",0.407743815328305,0.0191970900611922,-0.341860177557173,0.0200634895566348
15,"binary","cf_dglm",0.442709368550178,0.0378242284640972,-0.355517370536868,0.032674252030104
15,"binary","sdmTMB",0.459638135743784,0.0313601423955927,-0.374890482204695,0.031808273446353
16,"binary","GLM",0.47720433109715,0.0173964329413763,-0.364377864583766,0.0169579555141674
16,"binary","GAM",0.487886680044735,0.020293861597716,-0.36581701767698,0.019898710779579
16,"binary","cf_dglm",0.512582866178086,0.0292546016329003,-0.425725393693027,0.0381066572587492
16,"binary","sdmTMB",0.528495343480723,0.0322404088265652,-0.431590134093443,0.0325838744375792
17,"binary","GLM",0.42273141215712,0.0174764423923935,-0.369888613121825,0.0171265099268318
17,"binary","GAM",0.4639352654031,0.0201921854587436,-0.345649270144245,0.0201005590001617
17,"binary","cf_dglm",0.438616308245237,0.0314264460909531,-0.360503247715065,0.024849806813215
17,"binary","sdmTMB",0.487914594515067,0.0305243271987008,-0.375379070322616,0.0305957415476942
18,"binary","GLM",0.365670250533163,0.0179516235289772,-0.273954275926164,0.0163935301512049
18,"binary","GAM",0.402848590582216,0.0208500434624137,-0.365654307754898,0.0189791391488311
18,"binary","cf_dglm",0.471531856172109,0.0410378021227393,-0.361944698240688,0.0326941314346752
18,"binary","sdmTMB",0.472858308312794,0.0336212826652291,-0.405013716136216,0.030960263184265
19,"binary","GLM",0.340349197539427,0.0171152292176607,-0.316426250276887,0.0153937215014727
19,"binary","GAM",0.401081420226158,0.0198770387435696,-0.324732695614329,0.0180901221385701
19,"binary","cf_dglm",0.460026541846165,0.0448231479115589,-0.388665018785189,0.0314061386842104
19,"binary","sdmTMB",0.495695524203495,0.0326576805239277,-0.38410542459286,0.0309644639450362
20,"binary","GLM",0.368274497461167,0.0169756038313718,-0.268079713947808,0.0170879765155854
20,"binary","GAM",0.449203898580371,0.0202369228916693,-0.316180074781861,0.019870577771634
20,"binary","cf_dglm",0.402885577972727,0.0309617243859231,-0.342405477809949,0.0315832249427238
20,"binary","sdmTMB",0.458433274944067,0.0311909764927286,-0.375912389487256,0.0308320898118236
21,"binary","GLM",0.406186601321673,0.0176300293238556,-0.35426946823493,0.0161973184299377
21,"binary","GAM",0.407464500461046,0.0203397018459681,-0.348200020732766,0.0194583262334766
21,"binary","cf_dglm",0.44614218158919,0.0339898696101449,-0.37730961026633,0.0282540118705509
21,"binary","sdmTMB",0.471535573427214,0.0308733514443016,-0.392636874037996,0.0294584618006974
22,"binary","GLM",0.366166541426027,0.0171449188153358,-0.348651232198072,0.0170826273080992
22,"binary","GAM",0.447502957229186,0.0207802053634276,-0.371039907646487,0.0198926946600542
22,"binary","cf_dglm",0.418071786246762,0.0325572422136612,-0.426918349594927,0.0352559006358586
22,"binary","sdmTMB",0.473680141317331,0.0309183666879578,-0.432216698078923,0.0305414106054048
23,"binary","GLM",0.451007679094986,0.0169714191146135,-0.294699293852023,0.0175172312308398
23,"binary","GAM",0.500683409510799,0.0196420290805516,-0.374009321769471,0.0206773473060771
23,"binary","cf_dglm",0.529864077483437,0.0371398453065845,-0.343269928858794,0.0286740338165745
23,"binary","sdmTMB",0.551817097018479,0.0313271739521077,-0.370577300152018,0.032969390378135
24,"binary","GLM",0.40016777520134,0.0167054006465967,-0.319092229603269,0.0160729517860159
24,"binary","GAM",0.429997106685591,0.0202428211042127,-0.408458927545994,0.0191077038944153
24,"binary","cf_dglm",0.419958865474705,0.0293017930486895,-0.392165247232554,0.0306442340626511
24,"binary","sdmTMB",0.469268952345622,0.0296921956995168,-0.423214364757015,0.029213033563207
25,"binary","GLM",0.337771258124816,0.0160590728763494,-0.270683945705678,0.0156504318327372
25,"binary","GAM",0.451259055916276,0.0188485470725471,-0.350590411167752,0.0184116137874415
25,"binary","cf_dglm",0.450595190662603,0.0364417339683858,-0.365828500035198,0.0320872354034369
25,"binary","sdmTMB",0.502335632313637,0.0311304690394937,-0.396677468344355,0.0300517159575597
26,"binary","GLM",0.46039072625175,0.0170065223437466,-0.321899858007519,0.0168758370579276
26,"binary","GAM",0.482045617618787,0.0192798390618687,-0.343983665408941,0.0192903054981153
26,"binary","cf_dglm",0.508728716264703,0.0334048486237603,-0.373002778643774,0.0389187700423495
26,"binary","sdmTMB",0.520484116042869,0.0309166159079069,-0.400210048447791,0.0309603114850233
27,"binary","GLM",0.397746815523753,0.016705632108741,-0.292587045298981,0.0163761208586427
27,"binary","GAM",0.40732599924263,0.0193211094258902,-0.293205607830722,0.018729766284031
27,"binary","cf_dglm",0.472029030820472,0.0399768190136244,-0.319729700462297,0.0272844127339728
27,"binary","sdmTMB",0.494555305828772,0.0323346116107651,-0.347059887978941,0.0309503612801168
28,"binary","GLM",0.465630783728979,0.0168269803568789,-0.194335224483586,0.0166286267476518
28,"binary","GAM",0.515339490342784,0.0193186062524431,-0.275405234996905,0.019676211949866
28,"binary","cf_dglm",0.458152309705186,0.0326434983753221,-0.317694988989663,0.0398695932213941
28,"binary","sdmTMB",0.509665517729482,0.0304094763189685,-0.329925287831627,0.0316909759837995
29,"binary","GLM",0.345326771657854,0.0173928287907443,-0.397539103140837,0.0167634634861012
29,"binary","GAM",0.405152325549146,0.0201749972963458,-0.38092927671976,0.0192761965831754
29,"binary","cf_dglm",0.44341598777795,0.0340372586737806,-0.397984154039457,0.0278961133049447
29,"binary","sdmTMB",0.457354232292973,0.0311256118184455,-0.423034343924963,0.0298490428703663
30,"binary","GLM",0.542757373519614,0.0181028297644679,-0.347089236669782,0.017394114269937
30,"binary","GAM",0.574573043202789,0.0209560044855861,-0.357501750856488,0.0203814376108075
30,"binary","cf_dglm",0.580735399962806,0.0295439598962583,-0.422149886887536,0.0378347887336025
30,"binary","sdmTMB",0.592894773669329,0.0324527794499306,-0.428683565283382,0.0318553795745318
31,"binary","GLM",0.412843507288886,0.0174528073124372,-0.358817809310823,0.0175218197441308
31,"binary","GAM",0.439473564991561,0.0206331022169306,-0.396684743334964,0.0209568658594153
31,"binary","cf_dglm",0.498928354800219,0.0373466877914167,-0.442160428128439,0.036858099678221
31,"binary","sdmTMB",0.517189215116839,0.0307146391825029,-0.453607229739348,0.0314224123731323
32,"binary","GLM",0.251606953557753,0.0160087770228792,-0.200699480715269,0.0161002398249622
32,"binary","GAM",0.332001140636323,0.0188861795284815,-0.279647929107349,0.0187713880310214
32,"binary","cf_dglm",0.387861939002014,0.0387145955062194,-0.321316583146671,0.0336845245998381
32,"binary","sdmTMB",0.400840601393882,0.0303045700624663,-0.334446078128279,0.0303238822942391
33,"binary","GLM",0.390226734054784,0.0168035611788342,-0.303511322266703,0.0167945434713913
33,"binary","GAM",0.45340065264887,0.0197425377573781,-0.343828512443364,0.0195448987178041
33,"binary","cf_dglm",0.502449747215741,0.0356200146987694,-0.386187186562216,0.0369954715906783
33,"binary","sdmTMB",0.521889631356554,0.03163509119516,-0.3990871835828,0.0315773496765248
34,"binary","GLM",0.366948527684773,0.0169693693271053,-0.340780579701093,0.0170519718230933
34,"binary","GAM",0.441228675904075,0.0198582172554816,-0.342655826317067,0.0195788886592289
34,"binary","cf_dglm",0.390673391815411,0.0287427327429819,-0.402904465960447,0.0314581685647248
34,"binary","sdmTMB",0.415539672901796,0.03279020311828,-0.420574927179527,0.0329897425917962
35,"binary","GLM",0.452792683884511,0.0170126247290768,-0.360962752305127,0.0171006772287955
35,"binary","GAM",0.516585651296454,0.0202644915918451,-0.372755080659195,0.0199386200488751
35,"binary","cf_dglm",0.489515353156822,0.0359719405635382,-0.384105773520056,0.0268393114993742
35,"binary","sdmTMB",0.553310545122083,0.0332141932306263,-0.412757055313943,0.0322245763740243
36,"binary","GLM",0.357737147036949,0.0170010054534815,-0.311811484101698,0.0173539931920725
36,"binary","GAM",0.435943220494041,0.0203383804645831,-0.388887352251688,0.0203668930837231
36,"binary","cf_dglm",0.437005329227726,0.0351571357897707,-0.393118713324487,0.0409443268930695
36,"binary","sdmTMB",0.464577888339728,0.0313881133963884,-0.427986168226644,0.0321036287815696
37,"binary","GLM",0.344737407453227,0.0170748316642232,-0.316357117664348,0.0177223207986863
37,"binary","GAM",0.443687649416461,0.0199805518531528,-0.392426750010295,0.0208222171824302
37,"binary","cf_dglm",0.517524989150027,0.0544608506882334,-0.407237759029839,0.0358831021906897
37,"binary","sdmTMB",0.517607342762466,0.0307276812407352,-0.423299746709278,0.0307202098020294
38,"binary","GLM",0.396284898976723,0.0172298999414906,-0.324930938979222,0.0160725728562579
38,"binary","GAM",0.456572626680973,0.0196959480410236,-0.347882371765175,0.0184744540642127
38,"binary","cf_dglm",0.458684130372061,0.0402044469540644,-0.410922078437534,0.0316761647723912
38,"binary","sdmTMB",0.502857698744004,0.0331268640876376,-0.416100011203782,0.0325808930049158
39,"binary","GLM",0.344833640517506,0.0164286779282073,-0.300328448975202,0.0172853666487722
39,"binary","GAM",0.36801054142526,0.0189204040316096,-0.322834465870561,0.0203923878671402
39,"binary","cf_dglm",0.493991301516251,0.0486891111437377,-0.36588770667405,0.0309523772178626
39,"binary","sdmTMB",0.508320515454561,0.0330289388573273,-0.38949822737842,0.0339210076218833
40,"binary","GLM",0.455338321827819,0.0167873194379058,-0.314124864411909,0.01662140684892
40,"binary","GAM",0.454513966882361,0.0201409590691565,-0.407335034556074,0.0196448341342637
40,"binary","cf_dglm",0.51122427354748,0.0370757207692264,-0.386236667407953,0.0340000566830042
40,"binary","sdmTMB",0.536688573659579,0.0312779830261777,-0.407388217511296,0.0311249812428771
41,"binary","GLM",0.34306687966108,0.0173080721528025,-0.267631855714906,0.0162889711487354
41,"binary","GAM",0.404713306174267,0.0204647400327685,-0.331928456714079,0.0194528498289353
41,"binary","cf_dglm",0.458944507581788,0.0400087236194844,-0.370348911500777,0.0372036057719819
41,"binary","sdmTMB",0.48485851518915,0.031142784223574,-0.392702942743135,0.0292489395243053
42,"binary","GLM",0.342060530941001,0.0173360554511569,-0.294363751719355,0.0171057732737255
42,"binary","GAM",0.394921542942535,0.0201476825689458,-0.318177540178474,0.0195668662933649
42,"binary","cf_dglm",0.465803482599349,0.0396297571412159,-0.363820929861364,0.0319371887286588
42,"binary","sdmTMB",0.479867975412119,0.0330064457339773,-0.345221287333137,0.0321570966418849
43,"binary","GLM",0.386679632575796,0.0171465389436012,-0.341474543654062,0.017443659310428
43,"binary","GAM",0.436700722556847,0.0202410170922972,-0.345491240440268,0.0203152870279852
43,"binary","cf_dglm",0.451689696305853,0.0310102921067145,-0.399226904163441,0.0299273257962999
43,"binary","sdmTMB",0.48460352331442,0.0308444455028891,-0.429008385673607,0.0311580341474619
44,"binary","GLM",0.435797265570071,0.0172030597441407,-0.306879219106756,0.0167266808826114
44,"binary","GAM",0.496251884233731,0.0199521494363971,-0.296147636418835,0.0194248564854117
44,"binary","cf_dglm",0.576896520973426,0.0383649661888659,-0.329442940911388,0.028860379000295
44,"binary","sdmTMB",0.575353870188531,0.0322280226019455,-0.348369453360812,0.0317749730204462
45,"binary","GLM",0.401648739860837,0.0168985905490579,-0.369396746975812,0.0165508216534653
45,"binary","GAM",0.486837708144997,0.0199559900499174,-0.460512422527301,0.0198635250732104
45,"binary","cf_dglm",0.521177538447843,0.0412295782086904,-0.464386011869707,0.0340769722422268
45,"binary","sdmTMB",0.553157888098319,0.0300805926741004,-0.481784319152823,0.0299976648640224
46,"binary","GLM",0.30746309364288,0.0170760253876797,-0.324499020518138,0.0159138332368191
46,"binary","GAM",0.397489875276927,0.0194105957934256,-0.387334253457602,0.0183594122013656
46,"binary","cf_dglm",0.446423790152968,0.0399778617732454,-0.390533868341151,0.0320504053061606
46,"binary","sdmTMB",0.476535226305357,0.0327054886222653,-0.42494577643962,0.0318059202752708
47,"binary","GLM",0.342891532817442,0.0165775255636329,-0.316633370665683,0.016357491280745
47,"binary","GAM",0.413984690432063,0.0196006372127802,-0.348739237328105,0.018902328491621
47,"binary","cf_dglm",0.498293093671957,0.0500436221339013,-0.413226536819651,0.0408656590048939
47,"binary","sdmTMB",0.517307776532907,0.0317192786914939,-0.42157739759329,0.0308050977960798
48,"binary","GLM",0.38430521563176,0.0162666064095371,-0.303036185499499,0.0165902597992114
48,"binary","GAM",0.461479209599536,0.0189636711413695,-0.365285735154095,0.0190901942261751
48,"binary","cf_dglm",0.453957750645773,0.0327626491841952,-0.418379475343686,0.0416987707179271
48,"binary","sdmTMB",0.489009257709839,0.029820159642478,-0.426574530880291,0.0297428322652016
49,"binary","GLM",0.334864104604501,0.0169839282382681,-0.342738577487739,0.017354817599059
49,"binary","GAM",0.469800449048364,0.0196652079737551,-0.337573530666278,0.0197911028664395
49,"binary","cf_dglm",0.497820428408304,0.0446717797290138,-0.384876082644565,0.0328966810547169
49,"binary","sdmTMB",0.528182548479785,0.0305327597493508,-0.392947269899084,0.0312275544824386
50,"binary","GLM",0.402844493931524,0.0176235794645183,-0.321363090549054,0.0169345595754926
50,"binary","GAM",0.461180678630662,0.0206466133027223,-0.393272429598615,0.0194731995769694
50,"binary","cf_dglm",0.456562633663528,0.0361652900716499,-0.342067279813518,0.0282762581759756
50,"binary","sdmTMB",0.50427467190496,0.030929605392038,-0.387554180112267,0.0296475624310211
51,"binary","GLM",0.383085073018762,0.0160804108233321,-0.351391243496286,0.0167387715596657
51,"binary","GAM",0.457146926391185,0.0183656425009618,-0.36554840955989,0.0190995164843726
51,"binary","cf_dglm",0.486720771475293,0.0392990542113958,-0.35789322680677,0.0272887279748956
51,"binary","sdmTMB",0.521581331974015,0.0313786597474361,-0.386446432037267,0.0319554298899693
52,"binary","GLM",0.349452557456443,0.0165385856191415,-0.291737588711444,0.0158022922662403
52,"binary","GAM",0.378208596954142,0.0188738889053647,-0.397653151100259,0.0188531214653165
52,"binary","cf_dglm",0.43861820312066,0.0290894975389388,-0.404469684840245,0.0313291845537568
52,"binary","sdmTMB",0.465975075142451,0.0297231741460513,-0.445458824062652,0.0292223694633552
53,"binary","GLM",0.375038171713511,0.0169570937583631,-0.295003398453949,0.016459526293837
53,"binary","GAM",0.467625052532515,0.0199177253778559,-0.321220633429274,0.018686203861342
53,"binary","cf_dglm",0.480366345149142,0.0392884465406662,-0.3202937214867,0.0280863436772118
53,"binary","sdmTMB",0.514896269800943,0.033586101932572,-0.349895350726754,0.0321047684039406
54,"binary","GLM",0.340504114481802,0.0161902564321096,-0.318100846093801,0.0163836390951596
54,"binary","GAM",0.365011506256221,0.0193604686910399,-0.375590072944561,0.0185961179116191
54,"binary","cf_dglm",0.435402896209543,0.0326887899390121,-0.410647741843832,0.031622055603084
54,"binary","sdmTMB",0.453087540823047,0.0326128398675957,-0.422253335854738,0.0310834638978879
55,"binary","GLM",0.421949663115133,0.0173626732122356,-0.33957527861574,0.0175716622480671
55,"binary","GAM",0.39119335468329,0.020149615783813,-0.309492144644334,0.0204307528955992
55,"binary","cf_dglm",0.473696045752085,0.0336583927922161,-0.403180528979063,0.0304998249015254
55,"binary","sdmTMB",0.466385105325223,0.0306439864334365,-0.420067406146247,0.0306637560723568
56,"binary","GLM",0.307794914837853,0.0159032825620871,-0.36337402607811,0.0164508616973091
56,"binary","GAM",0.380113754928892,0.0183500688872834,-0.443581436447428,0.0193234908703854
56,"binary","cf_dglm",0.433126612540177,0.0308981847357044,-0.408530632060076,0.0293045760848289
56,"binary","sdmTMB",0.471825334160723,0.0325177083977354,-0.44725953513223,0.0326044375625057
57,"binary","GLM",0.384206481118891,0.0166391371717344,-0.266726707034548,0.01743706514901
57,"binary","GAM",0.409003911989704,0.0193116472650454,-0.313967019543042,0.0207537067495115
57,"binary","cf_dglm",0.444482106820171,0.0325961497960527,-0.355481852039869,0.0359780771113127
57,"binary","sdmTMB",0.469817854343259,0.0305962568337044,-0.38827072997976,0.0311953029640553
58,"binary","GLM",0.365917496937313,0.0170252072913309,-0.292211736972303,0.0164424815658514
58,"binary","GAM",0.397743562604728,0.0195076899421231,-0.356110052882381,0.0192272816070499
58,"binary","cf_dglm",0.494106234146755,0.041625838742751,-0.442591429734042,0.0376133466187011
58,"binary","sdmTMB",0.500589690125887,0.0301951425310436,-0.429470114941185,0.0300302380337404
59,"binary","GLM",0.434001045730451,0.0165351719999405,-0.326655572603201,0.0167949720336669
59,"binary","GAM",0.497293250001897,0.0191034094856541,-0.378692851455205,0.020018062630844
59,"binary","cf_dglm",0.470274208607502,0.0319611819964092,-0.395592135217535,0.0337062830956704
59,"binary","sdmTMB",0.497023801448856,0.031362771913051,-0.403553985154591,0.0319007677882638
60,"binary","GLM",0.402031969796615,0.0165711220809103,-0.271594345348632,0.0168663976012583
60,"binary","GAM",0.451106345708736,0.0192684554633478,-0.324223057047481,0.0193903203632986
60,"binary","cf_dglm",0.497839471598425,0.0390592948179731,-0.3349265388649,0.0294872747167703
60,"binary","sdmTMB",0.504364928380415,0.0293397598694429,-0.367530794367925,0.0302507858137378
61,"binary","GLM",0.309769484985948,0.0169194458315616,-0.323585027933679,0.0170084259284162
61,"binary","GAM",0.448156541184382,0.0198614890259544,-0.387882646184668,0.0196354492219211
61,"binary","cf_dglm",0.449648208793885,0.0389153806682673,-0.389969342706798,0.0323142548823575
61,"binary","sdmTMB",0.482281607612563,0.0323001525809793,-0.424676690760239,0.0311727289269786
62,"binary","GLM",0.518012025600327,0.0185291975548187,-0.294797798716389,0.0171182845424463
62,"binary","GAM",0.476001298472254,0.021534846153775,-0.356339913396541,0.0198037590833599
62,"binary","cf_dglm",0.504322333120591,0.0281492160574921,-0.394307046638606,0.0388183359607045
62,"binary","sdmTMB",0.515102081584393,0.0320230235272376,-0.405000259558132,0.0306089818977155
63,"binary","GLM",0.332406357049358,0.0164007237287857,-0.229242354585065,0.0163364494677975
63,"binary","GAM",0.454448794038875,0.0191596724039547,-0.350923716229286,0.0196734253829879
63,"binary","cf_dglm",0.452842701462115,0.0402934768345752,-0.345687811663616,0.0441232711160343
63,"binary","sdmTMB",0.482849833127016,0.0285174087549116,-0.365718836151918,0.0296813513888009
64,"binary","GLM",0.362931589747922,0.0172130970639436,-0.354636380579687,0.0172419744763919
64,"binary","GAM",0.439714290379985,0.0199629038675157,-0.413018419793861,0.0207332298102481
64,"binary","cf_dglm",0.463904315546709,0.0325170528363615,-0.383333971762898,0.0370481057553941
64,"binary","sdmTMB",0.497546517947072,0.0307178170604194,-0.411079478914466,0.0308590895492427
65,"binary","GLM",0.406958253838239,0.0175037584456845,-0.352292419865564,0.0165750685378
65,"binary","GAM",0.463960604419992,0.0203923790487772,-0.406695108858121,0.019304367665361
65,"binary","cf_dglm",0.428108659386514,0.030536131848547,-0.387477100836384,0.0335406519532791
65,"binary","sdmTMB",0.48473640433463,0.0324767849637476,-0.411939049997453,0.0309763508768439
66,"binary","GLM",0.373908002952801,0.0168654531040849,-0.312100233304137,0.0172297210727959
66,"binary","GAM",0.43486804226157,0.0198928500767123,-0.384479257496285,0.0201638964027053
66,"binary","cf_dglm",0.440287470407964,0.0355591990842882,-0.417190132421189,0.0303878808667585
66,"binary","sdmTMB",0.465732864351604,0.0315162102562924,-0.417433254126149,0.0319540444768888
67,"binary","GLM",0.356882551459554,0.0164212384029446,-0.339168033352984,0.0169640146527443
67,"binary","GAM",0.400436358969678,0.0186628448409337,-0.353718231328491,0.0192365833745235
67,"binary","cf_dglm",0.43821754194578,0.0341942060996631,-0.370627724511804,0.0289523492317308
67,"binary","sdmTMB",0.476033706409432,0.0321827876243985,-0.382408750742538,0.0324897443755761
68,"binary","GLM",0.324517570848414,0.0164947676222851,-0.382909107397054,0.0179715469536105
68,"binary","GAM",0.415585072406634,0.0194273168959612,-0.425830234383895,0.0213055765026954
68,"binary","cf_dglm",0.462534805223916,0.0427387284190006,-0.390803595882742,0.0299911608752126
68,"binary","sdmTMB",0.478090962679962,0.0312074321626844,-0.443959221624957,0.0331013964100058
69,"binary","GLM",0.361504399617222,0.0170925982534807,-0.288888592175537,0.017112437539833
69,"binary","GAM",0.438950291095054,0.0200970228451904,-0.329059919534247,0.0205065510887323
69,"binary","cf_dglm",0.438041545977733,0.0458896585385306,-0.402563713011984,0.0401608021110422
69,"binary","sdmTMB",0.448389846348127,0.0317050086455441,-0.437399416829187,0.0326448191145396
70,"binary","GLM",0.406491828498631,0.0168500535298377,-0.357971280113366,0.0169642587011665
70,"binary","GAM",0.460566903969246,0.0198889605659978,-0.354570704532052,0.0196033284794782
70,"binary","cf_dglm",0.43769927281679,0.0288786910569003,-0.43431980023904,0.0297330174581659
70,"binary","sdmTMB",0.505139466078692,0.0330176340522225,-0.442847224602159,0.032807555944878
71,"binary","GLM",0.349214356533387,0.0163932423452558,-0.294278977651633,0.0164122872615368
71,"binary","GAM",0.417809182276664,0.0192379364607286,-0.37221729834009,0.0191458561961597
71,"binary","cf_dglm",0.45058177004228,0.0348257626548258,-0.389584162517342,0.0353170686020669
71,"binary","sdmTMB",0.483171408230888,0.0298844974517464,-0.391350389852508,0.029336057711619
72,"binary","GLM",0.354138397718257,0.0171495030257122,-0.225684675909522,0.0174764958024425
72,"binary","GAM",0.383214488773824,0.0200076129079788,-0.261904748050579,0.0208582191596568
72,"binary","cf_dglm",0.466855461595811,0.0408451236101538,-0.312289303439086,0.0367564445541963
72,"binary","sdmTMB",0.485205236276086,0.0321540910154175,-0.315665805109504,0.0323877651848203
73,"binary","GLM",0.368164715685347,0.0171088396714549,-0.329734334879301,0.0170113972367881
73,"binary","GAM",0.460352839050579,0.0204254960477392,-0.359442046751035,0.0196418079853547
73,"binary","cf_dglm",0.453768978220714,0.0341151274123014,-0.378410458578049,0.0290416734404828
73,"binary","sdmTMB",0.500610346181243,0.0308344477203766,-0.413964019688314,0.0306436928208922
74,"binary","GLM",0.389549253847604,0.0171086955680473,-0.278646065169207,0.0166505261953494
74,"binary","GAM",0.461469265425268,0.0200142391604491,-0.271214176681006,0.0190524347466244
74,"binary","cf_dglm",0.467847605411211,0.041554996266491,-0.361701385960475,0.0369682881319984
74,"binary","sdmTMB",0.490242913523523,0.0325408453140233,-0.374232275069685,0.0320107076769806
75,"binary","GLM",0.442745572033037,0.0178700678017038,-0.401632446281979,0.0170718587564664
75,"binary","GAM",0.485055399769046,0.0207163949986072,-0.373536437012791,0.0194176422355164
75,"binary","cf_dglm",0.50515155079769,0.0378598363994494,-0.43362583171759,0.0285393122670005
75,"binary","sdmTMB",0.531600366964989,0.0324642845929354,-0.452568062620772,0.0305093422974719
76,"binary","GLM",0.417420003497696,0.0167548456772798,-0.316496355939316,0.0167112814216658
76,"binary","GAM",0.488965083569241,0.0203243771242907,-0.361851992393824,0.0197069159138622
76,"binary","cf_dglm",0.568154916144082,0.0492172745239955,-0.425327494569198,0.0392655477184035
76,"binary","sdmTMB",0.574883576390978,0.0325227020910769,-0.446629067813754,0.031024168447531
77,"binary","GLM",0.359353934460681,0.0159906256340273,-0.257317325413942,0.0167307899332199
77,"binary","GAM",0.392808492662659,0.018409992813168,-0.362673603777665,0.0200696577429699
77,"binary","cf_dglm",0.437699336876178,0.0336515347434434,-0.370246881124157,0.0333870828850758
77,"binary","sdmTMB",0.468713769505852,0.0307161983419638,-0.403445970319049,0.0313004113679779
78,"binary","GLM",0.374707159295703,0.0172966802320047,-0.368475707584794,0.0166773749646973
78,"binary","GAM",0.476402122712467,0.0211304751884813,-0.436665036218307,0.0192609011402311
78,"binary","cf_dglm",0.502159718038392,0.0459386455249373,-0.4359640996515,0.0300641069788175
78,"binary","sdmTMB",0.541501721249041,0.0329802661724422,-0.459887291145236,0.0302624835163869
79,"binary","GLM",0.417693947280838,0.0163085128765503,-0.294104314464504,0.0165513760868882
79,"binary","GAM",0.455166573783192,0.0185812480548438,-0.343868470881,0.0189473348090964
79,"binary","cf_dglm",0.4521100382536,0.025965255726708,-0.331618530422821,0.0263022732162321
79,"binary","sdmTMB",0.484310929129681,0.0330672914779519,-0.382725171466557,0.0327911575733358
80,"binary","GLM",0.384133530167441,0.0163422921752512,-0.379398442666332,0.0171876524537813
80,"binary","GAM",0.45732449589631,0.0191792886062366,-0.4034981066838,0.0197090868213649
80,"binary","cf_dglm",0.48666065664888,0.0398787994709636,-0.378930185420252,0.0224481723961918
80,"binary","sdmTMB",0.514361415611574,0.031062875131683,-0.423748237363005,0.0321333714222713
81,"binary","GLM",0.352365573233522,0.016820150517329,-0.305254390194857,0.015690208001169
81,"binary","GAM",0.379080340317666,0.0193881173785389,-0.332492204252895,0.018652915892535
81,"binary","cf_dglm",0.458912004664344,0.0356695416415206,-0.349912588897108,0.0294830852050435
81,"binary","sdmTMB",0.469833033378109,0.031277695360321,-0.377520348278442,0.0306871942509705
82,"binary","GLM",0.509051207678081,0.0171821558471093,-0.371203239517365,0.017236850843287
82,"binary","GAM",0.501078191828376,0.0194911143185645,-0.420498667218989,0.0205190211357751
82,"binary","cf_dglm",0.518669451922821,0.0294932122786328,-0.468992564149101,0.0359309561069713
82,"binary","sdmTMB",0.545131402325996,0.0320661368951307,-0.466767614623085,0.0330448618695257
83,"binary","GLM",0.386499600315316,0.0170706869944915,-0.298818283628497,0.016916408781461
83,"binary","GAM",0.436614440548635,0.0195611445893359,-0.323635007756021,0.0191647410298754
83,"binary","cf_dglm",0.525725686884125,0.037307792961738,-0.377664940128873,0.0308581666353063
83,"binary","sdmTMB",0.548331828900074,0.0320178236549268,-0.39330093592256,0.0315027110866174
84,"binary","GLM",0.4184877062627,0.0167942153868525,-0.33388326506319,0.0157387749867739
84,"binary","GAM",0.464787414630077,0.0197662162830924,-0.372449702566504,0.0180628207624982
84,"binary","cf_dglm",0.516602537736062,0.041680444154895,-0.379322943797057,0.0277962205509474
84,"binary","sdmTMB",0.536895521472428,0.0320295665689856,-0.415903695845939,0.0295616778375593
85,"binary","GLM",0.39415891540494,0.016618805611149,-0.367685261821226,0.0172211005366434
85,"binary","GAM",0.424074046380754,0.0189948564328121,-0.412277100218471,0.0200814803625399
85,"binary","cf_dglm",0.486598457473213,0.0367301703808716,-0.432736459489405,0.0365462709966405
85,"binary","sdmTMB",0.509258910857734,0.0309096698811917,-0.455229617769074,0.0316107899318058
86,"binary","GLM",0.379262110039365,0.0174164611351623,-0.310079970180877,0.0158868255070261
86,"binary","GAM",0.485802751413988,0.020362154935048,-0.357085581189151,0.0183452831816657
86,"binary","cf_dglm",0.445850893137878,0.0370624907513041,-0.355653595230582,0.025720065898389
86,"binary","sdmTMB",0.504295456320781,0.0336615267336278,-0.373613000177133,0.0306378740477196
87,"binary","GLM",0.325213815264911,0.0167012182351684,-0.275763666533995,0.0167052485686506
87,"binary","GAM",0.414253050244476,0.0197334574244611,-0.369519135042896,0.019752499830318
87,"binary","cf_dglm",0.486067236705995,0.0424827366107509,-0.395758909652553,0.040023618795121
87,"binary","sdmTMB",0.520089381845951,0.0324524607965798,-0.394017433732168,0.0312241114787807
88,"binary","GLM",0.371641438458158,0.0169409665536417,-0.295493847772755,0.0172794308427173
88,"binary","GAM",0.430776123285971,0.0196475517741929,-0.318170714988754,0.0195654351293678
88,"binary","cf_dglm",0.396605085815912,0.0331463972928085,-0.354046186244326,0.039444306055039
88,"binary","sdmTMB",0.452299278438281,0.0338487226615702,-0.374741660971576,0.0341447277577623
89,"binary","GLM",0.354456131917198,0.0167209303319747,-0.287288817573942,0.0157407234065935
89,"binary","GAM",0.416749424622641,0.0198690785793666,-0.374752489126444,0.0186644465951381
89,"binary","cf_dglm",0.441567079397672,0.0324579083789439,-0.32472277922869,0.026239547869367
89,"binary","sdmTMB",0.489815777615998,0.0301296437258121,-0.361260035973798,0.0289534783918731
90,"binary","GLM",0.448657792463242,0.0176817298141295,-0.332286081756968,0.0173647478829426
90,"binary","GAM",0.52069798799179,0.0206776580953391,-0.351215811225797,0.0202055100693658
90,"binary","cf_dglm",0.538504201547405,0.0416726284755048,-0.449158660300427,0.038595281680054
90,"binary","sdmTMB",0.585395074729676,0.0315952168139954,-0.418238080694102,0.0323735753600382
91,"binary","GLM",0.327255271993181,0.017156227717676,-0.300136734774587,0.0158872898874788
91,"binary","GAM",0.439979275506749,0.0207186002408368,-0.336370760598752,0.0184852075354211
91,"binary","cf_dglm",0.437067203822478,0.0361530528679869,-0.353292100284783,0.0259971216911057
91,"binary","sdmTMB",0.485193540292392,0.0311163187925356,-0.367310469076745,0.0298507156352795
92,"binary","GLM",0.318303497885103,0.0156632205102584,-0.307113087970277,0.0166181024638764
92,"binary","GAM",0.430929943845964,0.0187050303253757,-0.330122340291243,0.019099946212807
92,"binary","cf_dglm",0.436925157154856,0.0397498705538303,-0.350044939065154,0.0360350298351454
92,"binary","sdmTMB",0.472869826133945,0.029456216367031,-0.36825935420375,0.0307811625325649
93,"binary","GLM",0.459639019440063,0.01834534430171,-0.349510383709988,0.0165170534884766
93,"binary","GAM",0.532902233385232,0.021248947388895,-0.372725827816223,0.0190945895027004
93,"binary","cf_dglm",0.54292018225333,0.0386434664994408,-0.441250583266559,0.0296388321331067
93,"binary","sdmTMB",0.574579907854454,0.0335359228863189,-0.435899880411661,0.0310483917358525
94,"binary","GLM",0.40735411331776,0.0162992980159611,-0.32140520229614,0.0162225928878806
94,"binary","GAM",0.438568764060474,0.0192405441249156,-0.40896151120361,0.0193830686357158
94,"binary","cf_dglm",0.476612727183857,0.0305072284595132,-0.368687028110168,0.0318769031693078
94,"binary","sdmTMB",0.486184757039092,0.0300699412328556,-0.41463738121686,0.0303644625656286
95,"binary","GLM",0.422014202145315,0.0168629575597217,-0.363658349972542,0.0178714612212815
95,"binary","GAM",0.467554012306222,0.0196567779314686,-0.441937197573799,0.0208043842387528
95,"binary","cf_dglm",0.454166395360488,0.0316424446845713,-0.403155459506225,0.0306780050593277
95,"binary","sdmTMB",0.499064642202636,0.0302711296641853,-0.445956527449478,0.0309424187246998
96,"binary","GLM",0.379516900971723,0.0163777796423709,-0.30326001620805,0.0161398011256649
96,"binary","GAM",0.454468744991624,0.0193572437626978,-0.328998288106406,0.0189182361005087
96,"binary","cf_dglm",0.441332611213272,0.0322058530737303,-0.377114214374822,0.0316262179033841
96,"binary","sdmTMB",0.489744882714086,0.0300353218279428,-0.406643995155156,0.0297924380983185
97,"binary","GLM",0.468121593696046,0.0166604094130366,-0.234596980937965,0.0161710500733058
97,"binary","GAM",0.499842513213241,0.0194736483643882,-0.286016101104934,0.0189337147570293
97,"binary","cf_dglm",0.455645207252235,0.0333409789413873,-0.2549134506603,0.0272376987608421
97,"binary","sdmTMB",0.501318847002329,0.0319890338646678,-0.289394376693724,0.030835007159964
98,"binary","GLM",0.359654794715024,0.0169424477990641,-0.338702076563739,0.0166930389570167
98,"binary","GAM",0.37082643968738,0.0197315264814858,-0.34631978956272,0.0197801698674034
98,"binary","cf_dglm",0.4766592160222,0.0340135827892677,-0.411489037623067,0.0319122546295059
98,"binary","sdmTMB",0.478228740976317,0.0340020620898359,-0.4149511395935,0.0335421228820565
99,"binary","GLM",0.353166799963963,0.0164020692043348,-0.301688553884867,0.0164037005935142
99,"binary","GAM",0.420244132588409,0.0193650511252626,-0.371875004686421,0.0192135131383419
99,"binary","cf_dglm",0.46967392107801,0.0374974888573931,-0.390526738879461,0.0358619171808766
99,"binary","sdmTMB",0.504416324102054,0.0328830950284447,-0.438002560145665,0.0324005491248369
100,"binary","GLM",0.371885844034465,0.0168214246858842,-0.307255351836234,0.0169711894949971
100,"binary","GAM",0.425637780738607,0.0191671184184832,-0.380852166545463,0.0198988060725038
100,"binary","cf_dglm",0.464546408266555,0.0308993306304827,-0.395328362846341,0.03224435552525
100,"binary","sdmTMB",0.478123547571097,0.0313652031736725,-0.423095644668626,0.0314377049476006
